#pragma once
#include <stdint.h>

static constexpr uint16_t TAMPERE_MAP_WIDTH = 800;
static constexpr uint16_t TAMPERE_MAP_HEIGHT = 480;
static constexpr uint32_t TAMPERE_MAP_BYTES = 48000;

static const uint8_t tampere_map[] = {
    0x00, 0x00, 0x00, 0x00, 0x00, 0xC0, 0x00, 0x00, 0x00, 0x00, 0x1F, 0x4E, 0x07, 0xFF, 0x7C, 0xD4,
    0x61, 0x5C, 0x1E, 0xE7, 0x73, 0x51, 0xCD, 0x05, 0x12, 0x15, 0x49, 0x47, 0x35, 0x19, 0x48, 0x55,
    0x21, 0x5C, 0xD4, 0x61, 0x21, 0x54, 0x85, 0x73, 0x51, 0xC5, 0x05, 0x12, 0x15, 0x4D, 0x47, 0x34,
    0x18, 0x48, 0x70, 0x00, 0x00, 0x00, 0x00, 0x00, 0x00, 0x00, 0x00, 0x00, 0x00, 0x00, 0x00, 0x00,
    0x0D, 0x47, 0x14, 0x15, 0xFE, 0x35, 0x35, 0x1C, 0xDF, 0x70, 0xFC, 0x00, 0x00, 0x00, 0x00, 0x00,
    0x00, 0x07, 0x00, 0x00, 0x00, 0x00, 0x00, 0x00, 0x00, 0x00, 0x00, 0x00, 0x00, 0x00, 0x00, 0x00,
    0x00, 0x00, 0x00, 0x00, 0x00, 0x00, 0x00, 0x00, 0x01, 0xC0, 0x00, 0x00, 0x00, 0x00, 0x74, 0x86,
    0x01, 0xFE, 0x2C, 0x08, 0xB2, 0x2E, 0x38, 0x7F, 0xF1, 0x22, 0xC8, 0x88, 0xA1, 0x22, 0x84, 0x8B,
    0x02, 0x24, 0x84, 0x8A, 0x12, 0x2C, 0x08, 0xB2, 0x12, 0x28, 0x48, 0xB0, 0x22, 0xC8, 0x88, 0xA1,
    0x22, 0xC4, 0x8B, 0x22, 0x24, 0x84, 0xFC, 0x00, 0x00, 0x00, 0x00, 0x00, 0x00, 0x00, 0x00, 0x00,
    0x00, 0x00, 0x00, 0x00, 0x1C, 0x8B, 0x22, 0x23, 0xCF, 0x3A, 0x12, 0x2F, 0xFF, 0xC0, 0x08, 0x00,
    0x00, 0x00, 0x00, 0x00, 0x00, 0x07, 0x00, 0x00, 0x00, 0x00, 0x00, 0x00, 0x00, 0x00, 0x00, 0x00,
    0x00, 0x00, 0x00, 0x00, 0x00, 0x00, 0x00, 0x00, 0x00, 0x00, 0x00, 0x00, 0x01, 0xC0, 0x00, 0x00,
    0x00, 0x00, 0xE3, 0x36, 0x00, 0x03, 0x12, 0x14, 0x4C, 0x97, 0xF2, 0x3D, 0xE8, 0xD1, 0x31, 0x52,
    0x48, 0xC1, 0x23, 0x44, 0x85, 0x4B, 0x23, 0x04, 0x8C, 0x12, 0x15, 0x4C, 0x8C, 0x12, 0x30, 0x48,
    0x51, 0x32, 0x50, 0x48, 0xC1, 0x23, 0x44, 0xC5, 0x4B, 0x23, 0x1F, 0x00, 0x00, 0x00, 0x00, 0x00,
    0x00, 0x00, 0x00, 0x00, 0x00, 0x00, 0x00, 0x00, 0x39, 0x44, 0xC9, 0x49, 0x23, 0xB4, 0x8D, 0x17,
    0x21, 0x80, 0x00, 0x00, 0x00, 0x00, 0x00, 0x00, 0x00, 0x03, 0x80, 0x00, 0x00, 0x00, 0x00, 0x00,
    0x00, 0x00, 0x00, 0x00, 0x00, 0x00, 0x00, 0x00, 0x00, 0x00, 0x00, 0x00, 0x00, 0x00, 0x00, 0x00,
    0x01, 0xC0, 0x00, 0x00, 0x00, 0x01, 0xD3, 0x03, 0x00, 0x03, 0xEB, 0x32, 0x0C, 0x09, 0xEA, 0x32,
    0xE8, 0xCA, 0x31, 0x22, 0xA8, 0xDA, 0xA3, 0x28, 0xCC, 0x8B, 0x23, 0x6A, 0x8C, 0xAB, 0x32, 0x0C,
    0x0D, 0xAA, 0x32, 0xAC, 0xCA, 0x30, 0x26, 0xA8, 0xCA, 0xA3, 0x28, 0xC4, 0x8B, 0x23, 0x6B, 0x80,
    0x00, 0x00, 0x00, 0x00, 0x00, 0x00, 0x00, 0x00, 0x00, 0x00, 0x00, 0x00, 0xF3, 0x2B, 0xC1, 0x8A,
    0xA3, 0xFA, 0x8C, 0xBC, 0x00, 0x00, 0x00, 0x00, 0x00, 0x00, 0x00, 0x00, 0x00, 0x03, 0x80, 0x00,
    0x00, 0x00, 0x00, 0x00, 0x00, 0x00, 0x00, 0x00, 0x00, 0x00, 0x00, 0x00, 0x00, 0x00, 0x00, 0x00,
    0x00, 0x00, 0x00, 0x00, 0x01, 0xC0, 0x00, 0x00, 0x00, 0x03, 0xA4, 0x85, 0xC0, 0x00, 0xE4, 0xCD,
    0x12, 0x14, 0x44, 0x49, 0x11, 0x34, 0x48, 0x51, 0x11, 0x24, 0x44, 0xD1, 0x33, 0x44, 0x84, 0x91,
    0x12, 0x44, 0xCD, 0x12, 0x12, 0x44, 0x49, 0x13, 0x34, 0x48, 0x51, 0x11, 0x24, 0x44, 0xD1, 0x21,
    0x44, 0x84, 0x91, 0xC0, 0x00, 0x00, 0x00, 0x00, 0x00, 0x00, 0x00, 0x00, 0x00, 0x00, 0x00, 0x03,
    0xC4, 0xD7, 0xE7, 0xC4, 0x44, 0xF1, 0x13, 0xF8, 0x00, 0x00, 0x00, 0x00, 0x00, 0x00, 0x00, 0x00,
    0x00, 0x03, 0x80, 0x00, 0x00, 0x00, 0x00, 0x00, 0x00, 0x00, 0x00, 0x00, 0x00, 0x00, 0x00, 0x00,
    0x00, 0x00, 0x00, 0x00, 0x00, 0x00, 0x00, 0x00, 0x01, 0xC0, 0x00, 0x00, 0x00, 0x03, 0x18, 0x48,
    0xF0, 0x00, 0x62, 0xC2, 0xA5, 0x22, 0x82, 0x86, 0x0B, 0x1A, 0x8C, 0x8A, 0x4A, 0x18, 0x28, 0x68,
    0x32, 0x29, 0x48, 0x60, 0xA1, 0x82, 0xCA, 0xA5, 0x21, 0x82, 0x86, 0x0B, 0x0A, 0x94, 0x8A, 0x0A,
    0x18, 0x2C, 0x6A, 0x32, 0x29, 0x48, 0x60, 0xE0, 0x00, 0x00, 0x00, 0x00, 0x00, 0x00, 0x00, 0x00,
    0x00, 0x00, 0x00, 0x07, 0x2C, 0x2E, 0x7F, 0xE9, 0x28, 0x60, 0xB3, 0x80, 0x00, 0x00, 0x00, 0x00,
    0x00, 0x00, 0x00, 0x00, 0x00, 0x01, 0xC0, 0x00, 0x00, 0x00, 0x00, 0x00, 0x00, 0x00, 0x00, 0x00,
    0x00, 0x00, 0x00, 0x00, 0x00, 0x00, 0x00, 0x00, 0x00, 0x00, 0x00, 0x00, 0x01, 0xC0, 0x00, 0x00,
    0x00, 0x07, 0x9A, 0x33, 0x78, 0x18, 0x71, 0x22, 0x44, 0xCD, 0x31, 0x26, 0x44, 0x99, 0x13, 0x24,
    0x44, 0x99, 0x12, 0x64, 0x4C, 0x91, 0x32, 0x6C, 0x49, 0x91, 0x32, 0x44, 0xCD, 0xB1, 0x26, 0x44,
    0x99, 0x13, 0x24, 0xC4, 0x99, 0x12, 0x64, 0x4C, 0x91, 0x32, 0x6C, 0xE0, 0x00, 0x00, 0x00, 0x00,
    0x00, 0x00, 0x00, 0x00, 0x00, 0x00, 0x00, 0x3D, 0x12, 0x7C, 0x1B, 0xD1, 0x12, 0x64, 0x49, 0x00,
    0x40, 0xC0, 0x00, 0x00, 0x00, 0x00, 0x00, 0x00, 0x00, 0x01, 0xC0, 0x00, 0x00, 0x00, 0x00, 0x00,
    0x00, 0x00, 0x00, 0x01, 0xC0, 0x00, 0x00, 0x00, 0x00, 0x00, 0x00, 0x00, 0x00, 0x00, 0x00, 0x00,
    0x01, 0xC0, 0x00, 0x00, 0x00, 0x0C, 0xA4, 0x30, 0x9C, 0x1C, 0x62, 0xB1, 0xA0, 0xC2, 0x82, 0xA9,
    0x0A, 0xA6, 0x83, 0x0A, 0x0A, 0xA4, 0x2A, 0x9A, 0x8C, 0x28, 0x32, 0x90, 0xAA, 0x62, 0xB1, 0xA0,
    0xC2, 0x42, 0xA9, 0x0A, 0xE6, 0x83, 0x0A, 0x0A, 0xA4, 0x2A, 0x9A, 0x0C, 0x28, 0x32, 0x91, 0xC0,
    0x00, 0x00, 0x00, 0x00, 0x00, 0x00, 0x00, 0x00, 0x00, 0x00, 0x00, 0x3E, 0xFB, 0xF0, 0x07, 0x28,
    0x2A, 0x90, 0xAB, 0x00, 0xFF, 0xE0, 0x00, 0x00, 0x00, 0x00, 0x00, 0x00, 0x00, 0x01, 0xC0, 0x00,
    0x00, 0x00, 0x00, 0x00, 0x00, 0x00, 0x00, 0x01, 0xC0, 0x00, 0x00, 0x00, 0x00, 0x00, 0x00, 0x00,
    0x00, 0x00, 0x00, 0x00, 0x01, 0xC0, 0x00, 0x00, 0x00, 0x1A, 0x42, 0x49, 0x0E, 0x1D, 0xE4, 0x59,
    0x31, 0x24, 0x44, 0x50, 0x91, 0x7E, 0xE4, 0x91, 0x11, 0x42, 0x45, 0x89, 0x12, 0x44, 0x49, 0x09,
    0x14, 0x24, 0x59, 0x11, 0x24, 0x24, 0x50, 0x91, 0x64, 0xC4, 0x91, 0x11, 0x42, 0x45, 0x99, 0x12,
    0x44, 0x49, 0x09, 0xF0, 0x00, 0x00, 0x00, 0x00, 0x00, 0x00, 0x00, 0x00, 0x00, 0x00, 0x00, 0x7F,
    0xFF, 0xC0, 0x06, 0x44, 0x45, 0x09, 0x17, 0x03, 0xFF, 0x70, 0x00, 0x00, 0x00, 0x00, 0x00, 0x00,
    0x00, 0x00, 0xE0, 0x00, 0x00, 0x00, 0x00, 0x00, 0x00, 0x00, 0x00, 0x01, 0xC0, 0x00, 0x00, 0x00,
    0x00, 0x00, 0x00, 0x00, 0x00, 0x00, 0x00, 0x00, 0x01, 0x80, 0x00, 0x00, 0x00, 0x19, 0x91, 0x86,
    0x66, 0x1F, 0x98, 0x26, 0x4A, 0x59, 0xA8, 0x24, 0x60, 0xFF, 0xFD, 0x64, 0xA4, 0x91, 0x82, 0x46,
    0xA5, 0x92, 0x96, 0x46, 0x09, 0x18, 0xA6, 0x4A, 0x59, 0x98, 0x24, 0x60, 0x99, 0x29, 0x66, 0xA0,
    0x91, 0x82, 0x66, 0xA5, 0x92, 0x96, 0x46, 0x70, 0x00, 0x00, 0x00, 0x00, 0x00, 0x00, 0x00, 0x00,
    0x00, 0x00, 0x00, 0x78, 0x0E, 0x00, 0x0D, 0x9A, 0x92, 0x46, 0x0E, 0x3F, 0x9E, 0x78, 0x00, 0x00,
    0x00, 0x00, 0x08, 0x00, 0x00, 0x00, 0xE0, 0x00, 0x00, 0x00, 0x00, 0x00, 0x00, 0x00, 0x00, 0x01,
    0xC0, 0x00, 0x00, 0x00, 0x00, 0x00, 0x00, 0x00, 0x00, 0x00, 0x00, 0x00, 0x03, 0x80, 0x00, 0x00,
    0x00, 0x39, 0x91, 0xB6, 0x04, 0x1F, 0x19, 0x16, 0x04, 0x58, 0x13, 0x54, 0x65, 0xC7, 0x3F, 0x60,
    0x45, 0x51, 0x95, 0x46, 0x45, 0x81, 0x16, 0x46, 0x55, 0x19, 0x16, 0x04, 0x58, 0x1B, 0x54, 0x65,
    0x58, 0x11, 0x60, 0x4D, 0x51, 0x95, 0x42, 0x45, 0x81, 0x16, 0x46, 0x77, 0x20, 0x00, 0x00, 0x00,
    0x00, 0x00, 0x00, 0x00, 0x00, 0x00, 0x00, 0x00, 0x00, 0x00, 0x1D, 0x81, 0x15, 0x46, 0x5F, 0x79,
    0x16, 0x18, 0x00, 0x70, 0x00, 0x07, 0xFF, 0x80, 0x00, 0x00, 0xF0, 0x00, 0x00, 0x00, 0x00, 0x00,
    0x00, 0x00, 0x00, 0x01, 0xE0, 0x00, 0x00, 0x00, 0x00, 0x00, 0x00, 0x00, 0x00, 0x00, 0x00, 0x00,
    0x03, 0x80, 0x00, 0x00, 0x00, 0x36, 0x42, 0x49, 0x0C, 0x1E, 0x26, 0x89, 0x1A, 0x24, 0x28, 0x88,
    0x9B, 0x80, 0x1C, 0x90, 0xA2, 0x22, 0x48, 0x89, 0xA2, 0x42, 0x89, 0x09, 0x22, 0x26, 0x89, 0x1A,
    0x24, 0x24, 0x88, 0x9A, 0x24, 0x68, 0x90, 0xA2, 0x22, 0x48, 0x81, 0xA2, 0x42, 0x89, 0x09, 0x3F,
    0xF0, 0x00, 0x00, 0x00, 0x00, 0x00, 0x00, 0x00, 0x00, 0x00, 0x00, 0x00, 0x00, 0x00, 0x3A, 0x42,
    0x88, 0x89, 0x27, 0xE6, 0x89, 0x18, 0x20, 0xF0, 0x00, 0x1F, 0xF7, 0x80, 0x00, 0x00, 0x70, 0x00,
    0x00, 0x00, 0x00, 0x00, 0x00, 0x00, 0x00, 0x01, 0xE0, 0x00, 0x00, 0x00, 0x00, 0x00, 0x00, 0x00,
    0x80, 0x00, 0x00, 0x00, 0x07, 0x80, 0x00, 0x00, 0x00, 0x74, 0x24, 0x30, 0x9C, 0x1F, 0x43, 0x16,
    0x91, 0x4A, 0x45, 0x05, 0x0F, 0x80, 0x3D, 0x29, 0x14, 0x94, 0x30, 0x59, 0xB4, 0xA4, 0x52, 0x90,
    0xC1, 0x67, 0x16, 0x91, 0x4A, 0x43, 0x05, 0x0C, 0x5A, 0x45, 0x29, 0x14, 0x14, 0x31, 0x59, 0xB4,
    0xA4, 0x52, 0x90, 0xDD, 0xF0, 0x00, 0x00, 0x00, 0x00, 0x00, 0x00, 0x00, 0x00, 0x00, 0x00, 0x00,
    0x00, 0x01, 0xF4, 0xA4, 0x52, 0x50, 0xC1, 0x66, 0xD2, 0x9F, 0xF1, 0xD9, 0x0F, 0xFB, 0x4B, 0x80,
    0x00, 0x00, 0x78, 0x00, 0x00, 0x00, 0x00, 0x00, 0x00, 0x00, 0x00, 0x00, 0xE0, 0x00, 0x00, 0x00,
    0x00, 0x00, 0x00, 0x00, 0x80, 0x00, 0x00, 0x00, 0x07, 0x80, 0x00, 0x00, 0x00, 0x69, 0x19, 0x36,
    0x78, 0x1E, 0x91, 0x22, 0x64, 0x89, 0x9A, 0x62, 0x4D, 0x00, 0x72, 0x26, 0x68, 0x89, 0x32, 0x26,
    0x48, 0x99, 0x22, 0x64, 0xC8, 0x99, 0x22, 0x64, 0x89, 0x9B, 0x22, 0x4C, 0x89, 0x92, 0x26, 0x69,
    0x89, 0x32, 0x26, 0x48, 0x99, 0xA2, 0x64, 0xDC, 0xB8, 0x00, 0x00, 0x00, 0x00, 0x00, 0x00, 0x00,
    0x00, 0x00, 0x00, 0x00, 0x00, 0x03, 0xE8, 0x99, 0xA2, 0x24, 0xC8, 0x99, 0x22, 0x7F, 0xF1, 0xF3,
    0xDE, 0xE4, 0x8B, 0x80, 0x00, 0x00, 0x38, 0x00, 0x00, 0x00, 0x00, 0x00, 0x00, 0x00, 0x00, 0x00,
    0xE0, 0x00, 0x00, 0x00, 0x00, 0x00, 0x00, 0x00, 0xC0, 0x00, 0x00, 0x00, 0x0F, 0xC0, 0x00, 0x00,
    0x00, 0x70, 0x19, 0x48, 0x70, 0x1F, 0x50, 0xC1, 0x63, 0x41, 0x85, 0x05, 0x53, 0x80, 0xED, 0x06,
    0x14, 0x15, 0x4C, 0x54, 0x34, 0x18, 0x50, 0x65, 0x21, 0x50, 0xC1, 0x61, 0x41, 0x84, 0x85, 0x53,
    0x05, 0x8D, 0x06, 0x14, 0x15, 0x4C, 0x14, 0x34, 0x18, 0x50, 0x65, 0x3D, 0x70, 0x00, 0x00, 0x00,
    0x00, 0x00, 0x00, 0x00, 0x00, 0x00, 0x00, 0x00, 0x00, 0x06, 0x34, 0x18, 0x50, 0x55, 0x30, 0x50,
    0xD0, 0x61, 0xFF, 0xFE, 0xFD, 0x43, 0x0F, 0x00, 0x00, 0x00, 0x3C, 0x00, 0x00, 0x00, 0x00, 0x00,
    0x00, 0x00, 0x00, 0x00, 0x70, 0x00, 0x00, 0x00, 0x00, 0x00, 0x00, 0x00, 0xE0, 0x00, 0x00, 0x00,
    0x1F, 0xE0, 0x00, 0x00, 0x00, 0x76, 0x64, 0x84, 0xE0, 0x3E, 0x2C, 0xD8, 0x92, 0x22, 0x48, 0x88,
    0xA3, 0x81, 0xCC, 0x89, 0x22, 0x22, 0x84, 0x89, 0x36, 0x24, 0x88, 0x92, 0x12, 0x2C, 0xD8, 0x92,
    0x22, 0x48, 0x48, 0xB3, 0x62, 0x48, 0x89, 0x22, 0x22, 0x8C, 0x89, 0x32, 0x24, 0x88, 0x92, 0x3A,
    0x38, 0x00, 0x00, 0x00, 0x00, 0x00, 0x00, 0x00, 0x00, 0x00, 0x00, 0x00, 0x00, 0x0D, 0x22, 0x24,
    0x88, 0x8A, 0x12, 0x24, 0xC8, 0x93, 0xFE, 0x7C, 0xF8, 0x93, 0x7E, 0x00, 0x00, 0x00, 0x1E, 0x00,
    0x00, 0x00, 0x00, 0x00, 0x00, 0x00, 0x00, 0x00, 0x78, 0x00, 0x00, 0x00, 0x00, 0x00, 0x00, 0x00,
    0xF0, 0x00, 0x00, 0x00, 0x3C, 0xE0, 0x00, 0x00, 0x00, 0x68, 0x43, 0x23, 0xC0, 0x3E, 0x11, 0x21,
    0x6C, 0x94, 0x33, 0x50, 0x44, 0xC3, 0xF2, 0x50, 0xCD, 0x41, 0x03, 0x16, 0xC9, 0x43, 0x35, 0x0C,
    0x0C, 0x53, 0x21, 0x6C, 0x94, 0x33, 0x30, 0x4C, 0x85, 0x32, 0x50, 0xCD, 0x41, 0x33, 0x16, 0xC9,
    0x43, 0x35, 0x0C, 0x0C, 0x78, 0x00, 0x00, 0x3E, 0x00, 0x00, 0x00, 0x00, 0x00, 0x00, 0x00, 0x00,
    0x00, 0x0E, 0xC9, 0x43, 0x35, 0x04, 0x0C, 0x5B, 0x25, 0x0C, 0xD4, 0x31, 0xF1, 0x6D, 0xF0, 0x00,
    0x00, 0x00, 0x0F, 0x00, 0x00, 0x00, 0x00, 0x00, 0x00, 0x00, 0x00, 0x00, 0x3C, 0x00, 0x00, 0x00,
    0x00, 0x00, 0x00, 0x00, 0x78, 0x00, 0x00, 0x00, 0x38, 0x70, 0x00, 0x00, 0x00, 0x64, 0x93, 0x23,
    0x80, 0x3F, 0x8A, 0x12, 0x2C, 0x08, 0xB0, 0x22, 0xA8, 0xE3, 0xF1, 0x22, 0xC0, 0x8A, 0xA3, 0x22,
    0x84, 0x8B, 0x02, 0x2C, 0x8C, 0x8A, 0x12, 0x2C, 0x08, 0xB0, 0x32, 0xA8, 0x48, 0xB0, 0x22, 0xC0,
    0x9A, 0xA1, 0x22, 0x84, 0x8B, 0x02, 0x2C, 0x8C, 0xB9, 0xF0, 0x00, 0xFF, 0xC0, 0x00, 0x00, 0x00,
    0x00, 0x00, 0x00, 0x00, 0x00, 0x0E, 0x80, 0x8B, 0x02, 0x2A, 0x84, 0x8A, 0x12, 0x2C, 0x08, 0xB3,
    0xF2, 0x2F, 0xE0, 0x00, 0x00, 0x00, 0x07, 0x80, 0x00, 0x00, 0x00, 0x00, 0x00, 0x00, 0x00, 0x00,
    0x1E, 0x00, 0x00, 0x00, 0x00, 0x00, 0x00, 0x00, 0x3C, 0x00, 0x00, 0x00, 0x70, 0x78, 0x00, 0x00,
    0x00, 0x73, 0x0C, 0x87, 0x80, 0x3B, 0x44, 0x8C, 0x12, 0x14, 0x48, 0x51, 0x11, 0xC0, 0x38, 0xD1,
    0x21, 0x44, 0x44, 0xC1, 0x23, 0x44, 0x85, 0x12, 0x13, 0x44, 0x8C, 0x12, 0x14, 0x48, 0x49, 0x12,
    0x30, 0x48, 0x51, 0x21, 0x44, 0x40, 0xC1, 0x23, 0x44, 0x85, 0x12, 0x13, 0x1F, 0xF8, 0x01, 0xF7,
    0xE0, 0x7F, 0x00, 0x00, 0x00, 0x00, 0x00, 0x00, 0x00, 0x19, 0x23, 0x44, 0x85, 0x11, 0x03, 0x04,
    0x8D, 0x12, 0x14, 0x49, 0xCC, 0x1E, 0x00, 0x00, 0x00, 0x00, 0x03, 0xC0, 0x00, 0x00, 0x00, 0x00,
    0x00, 0x00, 0x00, 0x00, 0x0F, 0xFE, 0x00, 0x00, 0x00, 0x00, 0x00, 0x00, 0x1C, 0x00, 0x00, 0x00,
    0xF0, 0x3C, 0x00, 0x00, 0x00, 0xC3, 0x68, 0x4E, 0x00, 0x3B, 0x0A, 0x0D, 0xA9, 0x22, 0x84, 0x8A,
    0x2B, 0x80, 0x38, 0xCA, 0x12, 0x28, 0x28, 0xDA, 0x83, 0x28, 0x48, 0xA1, 0x23, 0x0A, 0x0D, 0xA9,
    0x22, 0x84, 0x86, 0x28, 0x36, 0xA4, 0x8A, 0x12, 0x28, 0xAC, 0xDA, 0x83, 0x28, 0x48, 0xA1, 0x23,
    0x6F, 0x1C, 0x03, 0xA2, 0xBF, 0xFF, 0x80, 0x00, 0x00, 0x00, 0x00, 0x00, 0x00, 0x0E, 0x82, 0x28,
    0x48, 0xA0, 0xB3, 0x6A, 0x0C, 0xA1, 0x22, 0x84, 0x8D, 0xBC, 0x00, 0xE0, 0x00, 0x00, 0x01, 0xE0,
    0x00, 0x00, 0x00, 0x00, 0x00, 0x00, 0x00, 0x00, 0x07, 0xFF, 0xFE, 0x00, 0x00, 0x00, 0x00, 0x00,
    0x0E, 0x00, 0x00, 0x01, 0xE0, 0x1C, 0x00, 0x00, 0x00, 0xC4, 0x92, 0x38, 0x00, 0x3B, 0x91, 0x12,
    0x44, 0xCD, 0x13, 0x34, 0xC6, 0x00, 0x31, 0x24, 0x4C, 0xD1, 0x11, 0x24, 0x44, 0x91, 0x33, 0x44,
    0xC4, 0x91, 0x12, 0x44, 0xCD, 0x13, 0x36, 0x44, 0x49, 0x13, 0x24, 0x4C, 0xD1, 0x11, 0x24, 0x44,
    0x91, 0x33, 0x44, 0xC4, 0x97, 0x38, 0x0F, 0xCD, 0x1F, 0x9F, 0xE0, 0x00, 0x00, 0x00, 0x00, 0x00,
    0x00, 0x0C, 0x44, 0x91, 0x33, 0x44, 0x44, 0x91, 0x12, 0x44, 0xCD, 0x13, 0x12, 0x58, 0x07, 0xFE,
    0x00, 0x00, 0x00, 0xF8, 0x00, 0x00, 0x00, 0x00, 0x00, 0x00, 0x00, 0x00, 0x01, 0xFF, 0xFF, 0xC0,
    0x00, 0x00, 0x00, 0x00, 0x0F, 0x00, 0x00, 0x03, 0xC0, 0x0F, 0x00, 0x00, 0x01, 0xC8, 0x60, 0x30,
    0x00, 0x3B, 0x60, 0xA1, 0x82, 0xC2, 0x83, 0x3F, 0xC6, 0x00, 0x1A, 0x1A, 0x0C, 0x28, 0x2A, 0x18,
    0x28, 0x68, 0x30, 0xA0, 0xC8, 0x60, 0xA1, 0x82, 0xC2, 0x83, 0x09, 0x82, 0x86, 0x0B, 0x0A, 0x0C,
    0x2A, 0x0A, 0x18, 0x28, 0x68, 0x30, 0xA0, 0xC8, 0x60, 0xF0, 0x3E, 0xC2, 0x83, 0x3F, 0xE0, 0x00,
    0x00, 0x00, 0x00, 0x00, 0x00, 0x0E, 0x28, 0x28, 0x30, 0xA0, 0x28, 0x60, 0xA1, 0xA0, 0xC2, 0x83,
    0x21, 0x98, 0x3E, 0x3F, 0x00, 0x00, 0x00, 0x7E, 0x00, 0x00, 0x00, 0x00, 0x00, 0x00, 0x00, 0x00,
    0x00, 0x00, 0x7F, 0xF0, 0x00, 0x00, 0x00, 0x00, 0x07, 0x80, 0x00, 0x07, 0x80, 0x0F, 0xC0, 0x00,
    0x01, 0xB3, 0x64, 0x70, 0x00, 0x39, 0xEC, 0x49, 0xB1, 0x26, 0x44, 0xFE, 0xF6, 0x00, 0x0E, 0x99,
    0x12, 0x44, 0x44, 0x9B, 0x12, 0x64, 0x49, 0x91, 0x34, 0x6C, 0x49, 0x91, 0x26, 0x44, 0x91, 0xB1,
    0x26, 0xC4, 0x99, 0x12, 0x44, 0x44, 0x9B, 0x12, 0x64, 0x49, 0x11, 0x32, 0x6C, 0x60, 0xF1, 0x26,
    0x44, 0xF0, 0xC0, 0x00, 0x00, 0x00, 0x00, 0x00, 0x00, 0x1F, 0x12, 0x64, 0x49, 0x11, 0x12, 0x6C,
    0x49, 0x91, 0x24, 0x44, 0xC9, 0xBF, 0xF6, 0x47, 0x80, 0x00, 0x00, 0x1F, 0x00, 0x00, 0x00, 0x00,
    0x00, 0x00, 0x00, 0x00, 0x00, 0x00, 0x03, 0xFC, 0x00, 0x00, 0x00, 0x00, 0x03, 0xC0, 0x00, 0x0F,
    0x00, 0x03, 0xE0, 0x00, 0x03, 0x30, 0x90, 0xE0, 0x00, 0x39, 0x90, 0xA2, 0x42, 0x99, 0xA9, 0xE0,
    0x3E, 0x00, 0x07, 0xA6, 0xA3, 0x9A, 0x8A, 0x24, 0x28, 0x92, 0x86, 0x6A, 0x30, 0x90, 0xA2, 0x42,
    0x99, 0xA8, 0xE2, 0x42, 0x89, 0x0A, 0x66, 0xA3, 0x9A, 0x0A, 0x24, 0x28, 0x92, 0x8E, 0x6A, 0x30,
    0x90, 0xB7, 0xE2, 0x19, 0xA8, 0xF8, 0x00, 0x00, 0x00, 0x00, 0x00, 0x00, 0x00, 0xFC, 0x28, 0x9A,
    0x8E, 0x68, 0x28, 0x90, 0xA2, 0x4A, 0x19, 0xA8, 0xC2, 0x4F, 0xE9, 0x0B, 0xF8, 0x00, 0x00, 0x07,
    0xC0, 0x00, 0x00, 0x00, 0x00, 0x00, 0x00, 0x00, 0x00, 0x00, 0x00, 0x7C, 0x00, 0x00, 0x00, 0x00,
    0x01, 0xC0, 0x00, 0x0E, 0x00, 0x01, 0xF0, 0x00, 0x06, 0x49, 0x09, 0x60, 0x00, 0x3D, 0x89, 0x17,
    0xE4, 0xF8, 0x11, 0x80, 0x3C, 0x00, 0x01, 0x62, 0x45, 0x81, 0x11, 0x42, 0x45, 0x09, 0x16, 0x04,
    0x49, 0x09, 0x14, 0x24, 0x58, 0x11, 0x64, 0x24, 0x50, 0x91, 0x60, 0x45, 0x91, 0x11, 0x42, 0x45,
    0x09, 0x16, 0x04, 0x49, 0x09, 0x3F, 0x24, 0x58, 0x11, 0x6C, 0x00, 0x00, 0x00, 0x00, 0x00, 0x1F,
    0xFF, 0xE2, 0x45, 0x81, 0x16, 0x04, 0x45, 0x09, 0x14, 0x24, 0x58, 0x11, 0x24, 0x24, 0x50, 0x9F,
    0xFE, 0x00, 0x00, 0x03, 0xE0, 0x00, 0x00, 0x00, 0x00, 0x00, 0x00, 0x00, 0x00, 0x00, 0x00, 0x1E,
    0x00, 0x00, 0x00, 0x00, 0x00, 0xE0, 0x00, 0x1E, 0x00, 0x00, 0x78, 0x00, 0x0D, 0x96, 0x66, 0xC0,
    0x00, 0x1F, 0x46, 0x0B, 0xFB, 0xF4, 0x2B, 0x80, 0x00, 0x00, 0x01, 0x91, 0xA2, 0x42, 0xA4, 0x91,
    0x82, 0x46, 0x89, 0x0A, 0xA6, 0x46, 0x09, 0x18, 0x24, 0x28, 0x99, 0x18, 0x24, 0x60, 0x90, 0xA2,
    0x62, 0xA0, 0x91, 0x82, 0x46, 0x89, 0x0A, 0x96, 0x46, 0x1F, 0x18, 0x24, 0x2A, 0x9C, 0x00, 0x00,
    0x00, 0x00, 0x00, 0x3F, 0xFE, 0x91, 0x82, 0x42, 0x89, 0x0A, 0x92, 0x46, 0x09, 0x1A, 0x24, 0x2A,
    0x59, 0x18, 0x24, 0x6F, 0xDF, 0x80, 0x00, 0x00, 0xF0, 0x00, 0x00, 0x00, 0x00, 0x00, 0x00, 0x00,
    0x00, 0x00, 0x00, 0x0F, 0x00, 0x00, 0x00, 0x00, 0x00, 0xF0, 0x00, 0x3C, 0x00, 0x00, 0x3C, 0x00,
    0x19, 0x96, 0x06, 0xC0, 0x00, 0x1D, 0x86, 0xD7, 0x3F, 0x36, 0x65, 0x80, 0x00, 0x00, 0xC1, 0xD1,
    0x94, 0x66, 0x45, 0x51, 0xB5, 0x46, 0x51, 0x99, 0x06, 0x46, 0xD5, 0x19, 0x56, 0x65, 0x18, 0x1B,
    0x54, 0x65, 0x59, 0x94, 0x62, 0x4D, 0x51, 0xB5, 0x46, 0x51, 0x99, 0x16, 0x46, 0xD5, 0x19, 0x46,
    0x64, 0x1C, 0x00, 0x00, 0x00, 0x00, 0x00, 0x38, 0x4D, 0x51, 0x95, 0x46, 0x51, 0x89, 0x15, 0x46,
    0xD5, 0x19, 0x46, 0x64, 0x59, 0x1B, 0x54, 0x6F, 0x19, 0x80, 0x00, 0x00, 0x78, 0x00, 0x00, 0x00,
    0x00, 0x00, 0x00, 0x00, 0x00, 0x00, 0x00, 0x07, 0x80, 0x00, 0x00, 0x00, 0x00, 0x70, 0x00, 0x78,
    0x00, 0x00, 0x1E, 0x00, 0x32, 0x49, 0x09, 0xC0, 0x00, 0x1D, 0x89, 0x26, 0x1C, 0x39, 0x9A, 0xC0,
    0x00, 0x01, 0xE0, 0xE2, 0x68, 0x99, 0xA2, 0x22, 0x48, 0x89, 0xA2, 0x66, 0x89, 0x09, 0x22, 0x24,
    0x89, 0x9A, 0x24, 0x24, 0x88, 0x92, 0x26, 0x68, 0x90, 0xA2, 0x22, 0x48, 0x89, 0xA2, 0x66, 0x89,
    0x09, 0x22, 0x24, 0x89, 0x9A, 0x27, 0x00, 0x00, 0x00, 0x00, 0x00, 0x1C, 0xA2, 0x22, 0x48, 0x89,
    0xA2, 0x42, 0x88, 0x89, 0x22, 0x26, 0x89, 0x9A, 0x24, 0x24, 0x88, 0x9F, 0x26, 0xC0, 0x00, 0x00,
    0x3C, 0x00, 0x00, 0x00, 0x00, 0x00, 0x00, 0x00, 0x00, 0x00, 0x00, 0x03, 0xC0, 0x00, 0x00, 0x00,
    0x00, 0x78, 0x00, 0xF0, 0x00, 0x00, 0x0F, 0x00, 0x64, 0x32, 0x91, 0x80, 0x00, 0x0E, 0xF0, 0xC6,
    0x00, 0x35, 0x85, 0xC0, 0x00, 0x01, 0xF0, 0xD6, 0x34, 0x19, 0x14, 0x94, 0x30, 0x50, 0xD0, 0x65,
    0x52, 0x90, 0xC1, 0x43, 0x05, 0x85, 0x4A, 0x43, 0x05, 0x0C, 0x16, 0x15, 0x19, 0x14, 0x14, 0x30,
    0x58, 0xD0, 0x64, 0x52, 0x90, 0xC1, 0x43, 0x01, 0x95, 0x4B, 0xC0, 0x00, 0x00, 0x00, 0x00, 0x0D,
    0x14, 0x14, 0x30, 0x58, 0x50, 0x64, 0x52, 0x50, 0xC1, 0x63, 0x41, 0x91, 0x4A, 0x43, 0x05, 0x1F,
    0x06, 0xC0, 0x00, 0x00, 0x3C, 0x00, 0x00, 0x00, 0x00, 0x00, 0x00, 0x00, 0x00, 0x00, 0x00, 0x01,
    0xC0, 0x00, 0x00, 0x00, 0x00, 0x38, 0x01, 0xF0, 0x00, 0x00, 0x07, 0x80, 0xD9, 0xB2, 0x63, 0x80,
    0x00, 0x0E, 0x3E, 0xDE, 0x00, 0x32, 0x4D, 0x80, 0x00, 0x00, 0x78, 0xC9, 0x32, 0x26, 0x48, 0x89,
    0x36, 0x24, 0xC8, 0x99, 0x22, 0x64, 0xD8, 0x93, 0x22, 0x4C, 0x89, 0x9B, 0x62, 0x4C, 0x89, 0x32,
    0x26, 0x49, 0x89, 0x32, 0x24, 0xC8, 0x99, 0x22, 0x64, 0xD8, 0x93, 0x22, 0x64, 0x89, 0xE0, 0x00,
    0x00, 0x00, 0x00, 0x07, 0xE9, 0x89, 0x32, 0x24, 0xC8, 0x99, 0x22, 0x24, 0xC8, 0x93, 0x22, 0x64,
    0x89, 0x93, 0x62, 0x4C, 0x89, 0xC0, 0x00, 0x00, 0x1E, 0x00, 0x00, 0x00, 0x00, 0x00, 0x00, 0x00,
    0x00, 0x00, 0x00, 0x01, 0xC0, 0x00, 0x00, 0x00, 0x00, 0x3C, 0x03, 0xE0, 0x00, 0x00, 0x03, 0xC1,
    0x98, 0x48, 0x63, 0x00, 0x00, 0x0F, 0x1F, 0x2C, 0x00, 0x35, 0x73, 0x00, 0x00, 0x00, 0x3C, 0xF5,
    0x4D, 0x46, 0x14, 0x15, 0x48, 0x55, 0x35, 0x18, 0xD0, 0x65, 0x21, 0x54, 0xC5, 0x73, 0x41, 0x84,
    0x85, 0x52, 0x15, 0xCD, 0x06, 0x14, 0x15, 0x48, 0x55, 0x35, 0x18, 0x50, 0x65, 0x21, 0x54, 0xC4,
    0x63, 0x41, 0xB0, 0x00, 0x00, 0x00, 0x40, 0x07, 0xF4, 0x15, 0x48, 0x55, 0x34, 0x18, 0x50, 0x55,
    0x21, 0x54, 0xD4, 0x61, 0x41, 0x94, 0x85, 0x53, 0x11, 0x80, 0x00, 0x00, 0x0E, 0x00, 0x00, 0x00,
    0x00, 0x00, 0x00, 0x00, 0x00, 0x00, 0x00, 0x00, 0xE0, 0x00, 0x00, 0x00, 0x00, 0x1C, 0x07, 0xC0,
    0x00, 0x00, 0x01, 0xE1, 0xA4, 0x84, 0x9E, 0x00, 0x00, 0x07, 0x0F, 0x9C, 0x00, 0x38, 0xB7, 0x00,
    0x00, 0x00, 0x1E, 0x32, 0xC4, 0x8F, 0xF2, 0x22, 0x84, 0x8B, 0x12, 0x2C, 0x88, 0x92, 0x12, 0x28,
    0x48, 0xB2, 0x62, 0x48, 0x48, 0xA1, 0x22, 0xC8, 0x89, 0x22, 0x22, 0x84, 0x8B, 0x12, 0x24, 0x88,
    0x92, 0x12, 0x2C, 0x48, 0xB2, 0x22, 0x70, 0x00, 0x60, 0x01, 0xE1, 0xE0, 0xE2, 0x22, 0x84, 0x8B,
    0x02, 0x24, 0x88, 0x8A, 0x12, 0x2C, 0x48, 0x92, 0x22, 0x48, 0x48, 0xB1, 0x23, 0x80, 0x00, 0x00,
    0x0F, 0x00, 0x00, 0x00, 0x00, 0x00, 0x00, 0x00, 0x00, 0x00, 0x00, 0x00, 0xE0, 0x00, 0x00, 0x00,
    0x00, 0x1E, 0x07, 0x80, 0x00, 0x00, 0x00, 0xF1, 0xC3, 0x33, 0x2E, 0x00, 0x00, 0x07, 0x03, 0xF8,
    0x00, 0x30, 0x4E, 0x00, 0x00, 0x00, 0x0F, 0x31, 0x23, 0x5F, 0xFD, 0x49, 0x23, 0x04, 0x8D, 0x53,
    0x25, 0x2C, 0x8C, 0x12, 0x30, 0x4C, 0x94, 0xB3, 0x30, 0x48, 0xC1, 0x31, 0x52, 0xCD, 0x41, 0x23,
    0x04, 0x8D, 0x4B, 0x25, 0x2C, 0x8C, 0x12, 0x31, 0x4C, 0x9F, 0xF8, 0x3E, 0xFE, 0x3F, 0xB3, 0xFF,
    0xCD, 0x41, 0x23, 0x04, 0x85, 0x4B, 0x35, 0x24, 0x8C, 0x12, 0x35, 0x2C, 0x94, 0xB2, 0x30, 0x48,
    0xC1, 0xC0, 0x00, 0x00, 0x07, 0x00, 0x00, 0x00, 0x00, 0x00, 0x00, 0x00, 0x00, 0x00, 0x00, 0x00,
    0x70, 0x00, 0x00, 0x00, 0x00, 0x0E, 0x0F, 0x00, 0x00, 0x00, 0x00, 0x71, 0xDB, 0x03, 0x2C, 0x00,
    0x00, 0x07, 0x00, 0x7C, 0x00, 0x1A, 0xBC, 0x00, 0x00, 0x00, 0x07, 0xBA, 0xA3, 0x3C, 0x0C, 0x8A,
    0xA3, 0x2A, 0x8C, 0x83, 0x02, 0x2C, 0x8D, 0xAA, 0x32, 0xAC, 0x08, 0xB0, 0x36, 0xA8, 0xCA, 0xB1,
    0x22, 0xC0, 0x9A, 0xA3, 0x2A, 0x8C, 0x8B, 0x02, 0x2C, 0x8C, 0xAA, 0x32, 0x0C, 0x0F, 0xFF, 0xF7,
    0xBF, 0xFE, 0xBF, 0x3F, 0xC0, 0x9A, 0xA3, 0x2A, 0x84, 0x8B, 0x02, 0x2A, 0x8C, 0xAA, 0x32, 0x2C,
    0x08, 0xB2, 0x32, 0xA8, 0xC8, 0xE0, 0x00, 0xF8, 0x07, 0x00, 0x00, 0x00, 0x00, 0x00, 0x00, 0x00,
    0x00, 0x00, 0x00, 0x00, 0x70, 0x00, 0x00, 0x00, 0x00, 0x0E, 0x1E, 0x00, 0x00, 0x00, 0x00, 0x39,
    0xE4, 0x84, 0x9C, 0x00, 0x00, 0x03, 0x80, 0x3E, 0x00, 0x0D, 0x78, 0x00, 0x0F, 0x00, 0x03, 0xB4,
    0x4C, 0xF0, 0x0D, 0x44, 0x44, 0x91, 0x13, 0x44, 0x85, 0x12, 0x12, 0x44, 0x4D, 0x12, 0x34, 0x48,
    0x49, 0x11, 0x34, 0x48, 0xD1, 0x21, 0x44, 0x44, 0x91, 0x13, 0x44, 0x85, 0x12, 0x12, 0x44, 0x4D,
    0x12, 0x1F, 0xED, 0xCF, 0x93, 0xB4, 0x4C, 0xD1, 0x21, 0x44, 0x44, 0xD1, 0x03, 0x44, 0x85, 0x11,
    0x12, 0x44, 0x4D, 0x12, 0x14, 0x48, 0x49, 0x11, 0x34, 0x63, 0xF9, 0xF8, 0x03, 0x80, 0x00, 0x00,
    0x00, 0x00, 0x00, 0x00, 0x00, 0x00, 0x00, 0x00, 0x78, 0x00, 0x00, 0x00, 0x00, 0x07, 0x3E, 0x00,
    0x00, 0x00, 0x00, 0x3C, 0xD8, 0x58, 0xFE, 0x00, 0x00, 0x03, 0x80, 0x1E, 0x00, 0x0E, 0xE0, 0x00,
    0x1F, 0xC0, 0x03, 0x98, 0x3F, 0xC0, 0x06, 0x29, 0x28, 0x60, 0xB3, 0xA9, 0x48, 0xA5, 0x21, 0x82,
    0xC6, 0x2D, 0x22, 0x94, 0x86, 0x0A, 0x18, 0xAC, 0x9A, 0x52, 0x28, 0x28, 0x60, 0xB3, 0x69, 0x48,
    0xA5, 0x21, 0x82, 0xCE, 0x25, 0x27, 0xF4, 0xBF, 0x8B, 0x18, 0xB4, 0x8A, 0x52, 0x28, 0x28, 0x60,
    0xB2, 0x69, 0x48, 0xA4, 0xA1, 0x82, 0xCD, 0xA5, 0x22, 0x94, 0x86, 0x0B, 0x18, 0xBF, 0xFF, 0xF8,
    0x03, 0x80, 0x00, 0x00, 0x00, 0x00, 0x00, 0x00, 0x00, 0x00, 0x00, 0x00, 0x3C, 0x00, 0x00, 0x00,
    0x00, 0x07, 0x7C, 0x00, 0x00, 0x00, 0x00, 0x1C, 0xDB, 0x3F, 0xFE, 0x00, 0x00, 0x03, 0xC0, 0x00,
    0x00, 0x07, 0xC0, 0x00, 0x1F, 0xC0, 0x03, 0x9F, 0xFF, 0x00, 0x04, 0xD1, 0x12, 0x64, 0x4C, 0x91,
    0x32, 0x44, 0xC9, 0x91, 0x26, 0x44, 0xC9, 0x13, 0x36, 0xC4, 0x99, 0x13, 0x24, 0x4C, 0xD3, 0x12,
    0x64, 0x4C, 0x91, 0x33, 0x44, 0xC9, 0x91, 0x32, 0x44, 0xC9, 0xD3, 0x3E, 0x44, 0x99, 0x13, 0x24,
    0x4C, 0xD3, 0x12, 0x64, 0x4C, 0x91, 0x33, 0x44, 0x49, 0x91, 0x32, 0x44, 0xCD, 0x13, 0x26, 0x44,
    0x89, 0x3B, 0x27, 0xF8, 0x03, 0x80, 0x00, 0x00, 0x00, 0x00, 0x00, 0x00, 0x00, 0x00, 0x00, 0x00,
    0x1F, 0x80, 0x00, 0x00, 0x00, 0x03, 0xF8, 0x00, 0x00, 0x00, 0x00, 0x0E, 0xE4, 0x3F, 0xFF, 0x00,
    0x00, 0x01, 0xC0, 0x00, 0x00, 0x03, 0xC0, 0x00, 0x3F, 0xC0, 0x03, 0x8F, 0xE0, 0x00, 0x04, 0x28,
    0x2A, 0x90, 0xA8, 0x68, 0x30, 0xA0, 0xCA, 0x42, 0xA9, 0x82, 0xC2, 0x83, 0x09, 0x0A, 0xA6, 0x0B,
    0x1A, 0x0C, 0x28, 0x2A, 0x98, 0xA8, 0x68, 0x30, 0xA0, 0xCA, 0x42, 0xA1, 0x80, 0xC2, 0x83, 0x39,
    0x0A, 0xA6, 0x0B, 0x0A, 0x0C, 0x28, 0x2A, 0x98, 0x28, 0x68, 0x30, 0xA0, 0xAA, 0x62, 0xA1, 0xA0,
    0xC2, 0x83, 0x29, 0x0A, 0x86, 0x03, 0x1F, 0xC0, 0x03, 0x80, 0x00, 0x00, 0x00, 0x00, 0x00, 0x00,
    0x00, 0x00, 0x00, 0x00, 0x0F, 0xFE, 0x00, 0x00, 0x00, 0x03, 0xE0, 0x00, 0x00, 0x00, 0x00, 0x0F,
    0x7F, 0xE3, 0xFF, 0x00, 0x00, 0x01, 0xC0, 0x00, 0x00, 0x00, 0x00, 0x00, 0x3F, 0xE0, 0x07, 0x00,
    0x00, 0x00, 0x06, 0x44, 0x45, 0x09, 0x16, 0x6C, 0x49, 0x11, 0x24, 0x24, 0x59, 0xB1, 0x24, 0x44,
    0x90, 0x91, 0x66, 0x44, 0x91, 0x12, 0x44, 0x45, 0x09, 0x12, 0x6C, 0x49, 0x11, 0x24, 0x24, 0x59,
    0xB1, 0x24, 0x44, 0x90, 0x91, 0x66, 0xC4, 0x91, 0x12, 0x44, 0x45, 0x09, 0x12, 0x44, 0x49, 0x11,
    0x14, 0x24, 0x49, 0xB1, 0x24, 0x44, 0x90, 0x91, 0x7E, 0xC4, 0xFE, 0x00, 0x03, 0x80, 0x00, 0x00,
    0x00, 0x00, 0x00, 0x00, 0x00, 0x00, 0x00, 0x00, 0x07, 0xFF, 0x80, 0x00, 0x00, 0x03, 0xC0, 0x00,
    0x00, 0x00, 0x00, 0x07, 0x1F, 0xE7, 0xE3, 0x80, 0x00, 0x00, 0xE0, 0x00, 0x00, 0x00, 0x00, 0x00,
    0x3F, 0xE0, 0x07, 0x00, 0x00, 0x00, 0x07, 0x9A, 0x92, 0x46, 0x29, 0x92, 0x96, 0x6A, 0x59, 0x18,
    0x26, 0x42, 0xD9, 0x29, 0x66, 0x60, 0x99, 0x8B, 0x64, 0xA5, 0x9A, 0x82, 0x46, 0x2D, 0x92, 0x96,
    0x6A, 0x59, 0x18, 0xA6, 0x42, 0x59, 0xA9, 0x66, 0x60, 0x99, 0x0B, 0x64, 0xA5, 0x9A, 0x82, 0x46,
    0x2D, 0x92, 0x96, 0x6A, 0x49, 0x18, 0xB6, 0x4A, 0x59, 0xA9, 0x64, 0x60, 0xFF, 0x09, 0xE0, 0x00,
    0x01, 0x80, 0x00, 0x00, 0x00, 0x00, 0x00, 0x00, 0x00, 0x00, 0x00, 0x00, 0x07, 0xFF, 0xC0, 0x00,
    0x00, 0x01, 0xC0, 0x00, 0x00, 0x00, 0x00, 0x03, 0x80, 0x0F, 0x03, 0x80, 0x00, 0x00, 0xE0, 0x00,
    0x00, 0x00, 0x00, 0x00, 0x3F, 0xE0, 0x07, 0x00, 0x00, 0x18, 0x07, 0x81, 0x15, 0x46, 0x45, 0x09,
    0x16, 0x04, 0x59, 0x19, 0x54, 0x24, 0x58, 0x11, 0x60, 0x65, 0x50, 0x91, 0x60, 0x45, 0x81, 0x35,
    0x46, 0x45, 0x09, 0x16, 0x04, 0x59, 0x19, 0x14, 0x24, 0x58, 0x11, 0x60, 0x65, 0x50, 0x91, 0x60,
    0x45, 0x81, 0x15, 0x42, 0x45, 0x01, 0x16, 0x04, 0x55, 0x19, 0x14, 0x24, 0x58, 0x11, 0x64, 0x65,
    0xF3, 0x93, 0x80, 0x00, 0x03, 0xC0, 0x00, 0x00, 0x00, 0x00, 0x00, 0x00, 0x00, 0x00, 0x00, 0x00,
    0x0F, 0x03, 0xF0, 0x00, 0x00, 0x01, 0xC0, 0x00, 0x00, 0x00, 0x00, 0x03, 0xC0, 0x1E, 0x01, 0xC0,
    0x00, 0x00, 0x70, 0x00, 0x00, 0x00, 0x00, 0x00, 0x3F, 0xE0, 0x0E, 0x00, 0x00, 0x38, 0x03, 0xC2,
    0x88, 0x89, 0xA2, 0x46, 0x89, 0x0A, 0x24, 0x24, 0x89, 0x18, 0x24, 0x28, 0x90, 0x92, 0x20, 0x60,
    0x90, 0xA2, 0x42, 0x88, 0x89, 0x82, 0x46, 0x89, 0x0A, 0x24, 0x26, 0x89, 0x18, 0x24, 0x28, 0x90,
    0x92, 0x24, 0x60, 0x90, 0xA2, 0x42, 0x88, 0x81, 0x82, 0x46, 0x89, 0x0A, 0x22, 0x26, 0x09, 0x1A,
    0x24, 0x28, 0x90, 0x9A, 0xFB, 0xFF, 0x00, 0x00, 0x03, 0xC0, 0x00, 0x00, 0x00, 0x00, 0x00, 0x00,
    0x00, 0x00, 0x00, 0x00, 0x0E, 0x00, 0xFF, 0xE0, 0x00, 0x00, 0xE0, 0x00, 0x00, 0x00, 0x00, 0x01,
    0xC0, 0x1C, 0x01, 0xC0, 0x00, 0x00, 0x70, 0x00, 0x00, 0x00, 0x00, 0x00, 0x1F, 0xF0, 0x0E, 0x00,
    0x00, 0x78, 0x00, 0xE4, 0x50, 0x51, 0xC5, 0x06, 0x50, 0x91, 0x42, 0x43, 0x16, 0x1B, 0x52, 0x45,
    0x09, 0x0C, 0x56, 0x6D, 0x49, 0x14, 0x24, 0x50, 0x51, 0xB5, 0x06, 0x50, 0x91, 0x42, 0x47, 0x14,
    0x1B, 0x42, 0x45, 0x09, 0x0C, 0x58, 0x6D, 0x49, 0x14, 0x24, 0x50, 0x59, 0xB5, 0x04, 0x50, 0x90,
    0x00, 0x00, 0x00, 0x00, 0x00, 0x00, 0x00, 0x00, 0x00, 0x00, 0x00, 0x00, 0x00, 0x00, 0x00, 0x00,
    0x00, 0x00, 0x00, 0x00, 0x00, 0x00, 0x00, 0x00, 0x00, 0x00, 0x00, 0x00, 0x00, 0x00, 0xE0, 0x00,
    0x00, 0x00, 0x00, 0x00, 0xE0, 0x38, 0x00, 0xE0, 0x00, 0x00, 0x38, 0x00, 0x00, 0x00, 0x00, 0x00,
    0x1F, 0xF0, 0x1C, 0x00, 0x01, 0xF0, 0x00, 0x79, 0xA2, 0x22, 0x48, 0x89, 0x22, 0x66, 0x89, 0x83,
    0x22, 0x24, 0x89, 0x9A, 0x26, 0x6C, 0x88, 0x92, 0x26, 0x48, 0x99, 0xA2, 0x22, 0x48, 0x99, 0x22,
    0x66, 0x89, 0x89, 0x22, 0x24, 0x89, 0x9A, 0x26, 0x2C, 0x88, 0x92, 0x26, 0x68, 0x99, 0xA2, 0x22,
    0x48, 0x99, 0x22, 0x60, 0x00, 0x00, 0x00, 0x00, 0x00, 0x00, 0x00, 0x00, 0x00, 0x00, 0x00, 0x00,
    0x00, 0x00, 0x00, 0x00, 0x00, 0x00, 0x00, 0x00, 0x00, 0x00, 0x00, 0x00, 0x00, 0x00, 0x00, 0x00,
    0x00, 0x00, 0x70, 0x00, 0x00, 0x00, 0x00, 0x00, 0xF0, 0x38, 0x00, 0xE0, 0x00, 0x00, 0x38, 0x00,
    0x00, 0x00, 0x00, 0xE0, 0x1F, 0xF0, 0x3C, 0x00, 0x03, 0xE0, 0x00, 0x78, 0x50, 0x54, 0x30, 0x50,
    0xD0, 0x61, 0x41, 0x94, 0xC1, 0x43, 0x05, 0x85, 0x06, 0x13, 0x05, 0x0C, 0x16, 0x14, 0x18, 0x50,
    0x54, 0x30, 0x50, 0xD0, 0x61, 0x41, 0x90, 0xC1, 0x43, 0x01, 0x85, 0x06, 0x13, 0x05, 0x0C, 0x16,
    0x14, 0x18, 0x50, 0x14, 0x30, 0x50, 0x50, 0x60, 0x00, 0x00, 0x00, 0x00, 0x00, 0x00, 0x00, 0x00,
    0x00, 0x00, 0x00, 0x00, 0x00, 0x00, 0x00, 0x00, 0x00, 0x00, 0x00, 0x00, 0x00, 0x00, 0x00, 0x00,
    0x00, 0x00, 0x00, 0x00, 0x00, 0x00, 0x70, 0x00, 0x00, 0x00, 0x00, 0x00, 0x78, 0x38, 0x00, 0x70,
    0x00, 0x00, 0x38, 0x00, 0x00, 0x00, 0x00, 0xF0, 0x1F, 0xF0, 0x78, 0x00, 0x07, 0x80, 0x00, 0xE4,
    0x88, 0x8B, 0x36, 0x24, 0xC8, 0x92, 0x22, 0x48, 0xD8, 0x93, 0x62, 0x48, 0x89, 0x23, 0x22, 0x4D,
    0x89, 0x22, 0x24, 0x88, 0x89, 0x36, 0x24, 0xC8, 0x92, 0x22, 0x68, 0xD8, 0x93, 0x22, 0x48, 0x89,
    0x23, 0x62, 0x4D, 0x89, 0x22, 0x24, 0x88, 0x89, 0x36, 0x24, 0xC8, 0x90, 0x00, 0x00, 0x00, 0x00,
    0x00, 0x00, 0x00, 0x00, 0x00, 0x00, 0x00, 0x00, 0x00, 0x00, 0x00, 0x00, 0x00, 0x00, 0x00, 0x00,
    0x00, 0x00, 0x00, 0x00, 0x00, 0x00, 0x00, 0x00, 0x00, 0x00, 0x38, 0x00, 0x00, 0x00, 0x00, 0x00,
    0x38, 0x38, 0x00, 0x70, 0x00, 0x00, 0x38, 0x00, 0x00, 0x00, 0x00, 0x70, 0x1F, 0xF0, 0xF8, 0x00,
    0x1F, 0x00, 0x01, 0xDB, 0x35, 0x14, 0x48, 0x51, 0x25, 0x0C, 0xD4, 0x31, 0x21, 0x44, 0x85, 0x33,
    0x50, 0xC4, 0x85, 0x12, 0x14, 0xCD, 0x43, 0x35, 0x14, 0x48, 0x51, 0x25, 0x0C, 0xD4, 0x61, 0x21,
    0x44, 0x84, 0x33, 0x50, 0xC4, 0x85, 0x12, 0x14, 0xCD, 0x43, 0x14, 0x14, 0x48, 0x51, 0x35, 0x00,
    0x00, 0x00, 0x00, 0x00, 0x00, 0x00, 0x00, 0x00, 0x00, 0x00, 0x00, 0x00, 0x00, 0x00, 0x00, 0x00,
    0x00, 0x00, 0x00, 0x00, 0x00, 0x00, 0x00, 0x00, 0x00, 0x00, 0x00, 0x00, 0x00, 0x00, 0x3C, 0x00,
    0x00, 0x00, 0x00, 0x00, 0x3C, 0x70, 0x00, 0x78, 0x00, 0x00, 0x38, 0x00, 0x00, 0x00, 0x00, 0x38,
    0x1F, 0xF3, 0xF0, 0x00, 0x3E, 0x00, 0x01, 0xBB, 0x02, 0x22, 0x84, 0x8A, 0x12, 0x2C, 0x08, 0xB2,
    0x12, 0x28, 0x48, 0xB0, 0x22, 0xC8, 0x48, 0xA1, 0x22, 0xC0, 0x8B, 0x02, 0x22, 0x84, 0x8A, 0x12,
    0x2C, 0x08, 0x92, 0x12, 0x28, 0x48, 0xB0, 0x22, 0xC8, 0x48, 0xA1, 0x22, 0xC0, 0x8B, 0x02, 0x22,
    0x84, 0x8B, 0x02, 0x20, 0x00, 0x00, 0x00, 0x00, 0x00, 0x00, 0x00, 0x00, 0x00, 0x00, 0x00, 0x00,
    0x00, 0x00, 0x00, 0x00, 0x00, 0x00, 0x00, 0x00, 0x00, 0x00, 0x00, 0x00, 0x00, 0x00, 0x00, 0x00,
    0x00, 0x00, 0x1C, 0x00, 0x00, 0x00, 0x00, 0x00, 0x1C, 0x70, 0x00, 0x38, 0x00, 0xC0, 0x38, 0x00,
    0x00, 0x00, 0x00, 0x3C, 0x1F, 0xF7, 0xC0, 0x00, 0x78, 0x00, 0x01, 0xFC, 0x85, 0x51, 0x23, 0x04,
    0x8D, 0x12, 0x14, 0x4C, 0x8C, 0x12, 0x30, 0x48, 0x51, 0x31, 0x30, 0x48, 0xC1, 0x21, 0x44, 0x85,
    0x41, 0x23, 0x04, 0x8D, 0x12, 0x15, 0x4C, 0x8C, 0x12, 0x30, 0x48, 0x51, 0x32, 0x30, 0x48, 0xC1,
    0x21, 0x44, 0x85, 0x41, 0x23, 0x04, 0x85, 0x10, 0x00, 0x00, 0x00, 0x00, 0x00, 0x00, 0x00, 0x00,
    0x00, 0x00, 0x00, 0x00, 0x00, 0x00, 0x00, 0x00, 0x00, 0x00, 0x00, 0x00, 0x00, 0x00, 0x00, 0x00,
    0x00, 0x00, 0x00, 0x00, 0x00, 0x00, 0x1C, 0x00, 0x00, 0x00, 0x00, 0x00, 0x1E, 0xF0, 0x00, 0x3C,
    0x01, 0xFF, 0xF8, 0x00, 0x00, 0x00, 0x00, 0x1E, 0x3F, 0xF7, 0xE0, 0x00, 0xF0, 0x00, 0x00, 0x58,
    0xCC, 0x82, 0x83, 0x6A, 0x8C, 0xA3, 0x32, 0x8C, 0x0D, 0xA8, 0x32, 0xAC, 0xCA, 0x31, 0x36, 0xA0,
    0xDA, 0xB3, 0x28, 0xCC, 0x92, 0x83, 0x6A, 0x8C, 0xA3, 0x32, 0x0C, 0x0D, 0xAA, 0x32, 0x8C, 0xCA,
    0x30, 0x36, 0xA0, 0xCA, 0xB3, 0x28, 0xC4, 0x9A, 0x83, 0x6A, 0x8C, 0xA0, 0x00, 0x00, 0x00, 0x00,
    0x00, 0x00, 0x00, 0x00, 0x00, 0x00, 0x00, 0x00, 0x00, 0x00, 0x00, 0x00, 0x00, 0x00, 0x00, 0x00,
    0x00, 0x00, 0x00, 0x00, 0x00, 0x00, 0x00, 0x00, 0x00, 0x00, 0x0E, 0x00, 0x00, 0x00, 0x00, 0x00,
    0x0E, 0xE0, 0x00, 0x1C, 0x07, 0xFF, 0xF8, 0x00, 0x00, 0x00, 0x00, 0x1E, 0xFF, 0xF7, 0xFF, 0xC3,
    0xE0, 0x00, 0x30, 0x11, 0x33, 0x44, 0x44, 0x91, 0x12, 0x44, 0xCD, 0x12, 0x12, 0x44, 0x49, 0x13,
    0x34, 0x48, 0x49, 0x11, 0x24, 0x4C, 0xD1, 0x31, 0x44, 0x44, 0x91, 0x13, 0x44, 0xCD, 0x12, 0x12,
    0x44, 0x49, 0x13, 0x34, 0x48, 0x49, 0x11, 0x24, 0x4C, 0xD1, 0x21, 0x44, 0x44, 0x91, 0x13, 0x40,
    0x00, 0x00, 0x00, 0x00, 0x00, 0x00, 0x00, 0x00, 0x00, 0x00, 0x00, 0x00, 0x00, 0x00, 0x00, 0x00,
    0x00, 0x00, 0x00, 0x00, 0x00, 0x00, 0x00, 0x00, 0x00, 0x00, 0x00, 0x00, 0x00, 0x00, 0x0E, 0x00,
    0x00, 0x00, 0x00, 0x00, 0x0F, 0xE0, 0x00, 0x1C, 0x1F, 0xFF, 0xFF, 0xFC, 0x00, 0x00, 0x00, 0x3D,
    0xFF, 0xF4, 0xFF, 0xFF, 0xC0, 0x00, 0x7E, 0x38, 0x32, 0xA9, 0x28, 0x60, 0xA1, 0xA0, 0xC2, 0xA5,
    0x21, 0x82, 0x86, 0x0B, 0x0A, 0x8C, 0x86, 0x0A, 0x18, 0x2C, 0x28, 0x32, 0x28, 0x28, 0x60, 0xA1,
    0xA0, 0xCA, 0xA5, 0x21, 0x82, 0x86, 0x03, 0x0A, 0x94, 0x86, 0x0A, 0x18, 0x2C, 0x28, 0x32, 0x28,
    0x28, 0x60, 0xB0, 0xA0, 0x00, 0x00, 0x00, 0x00, 0x00, 0x00, 0x00, 0x00, 0x00, 0x00, 0x00, 0x00,
    0x00, 0x00, 0x00, 0x00, 0x00, 0x00, 0x00, 0x00, 0x00, 0x00, 0x00, 0x00, 0x00, 0x00, 0x00, 0x00,
    0x00, 0x00, 0x0E, 0x00, 0x00, 0x00, 0x00, 0x00, 0x07, 0xC0, 0x00, 0x0E, 0x7E, 0x00, 0x3F, 0xFF,
    0xFF, 0xFF, 0x80, 0xFB, 0xFF, 0xF0, 0x0F, 0xFF, 0x00, 0x00, 0x7E, 0x34, 0x4C, 0x91, 0x12, 0x6C,
    0x49, 0x91, 0x26, 0x44, 0xC9, 0xB1, 0x26, 0x44, 0x99, 0x13, 0x26, 0xC4, 0x99, 0x12, 0x64, 0x4C,
    0x93, 0x12, 0x64, 0x49, 0x91, 0x32, 0x44, 0xC9, 0xB1, 0x26, 0x44, 0x99, 0x13, 0x36, 0xC4, 0x99,
    0x12, 0x64, 0x4C, 0x93, 0x12, 0x64, 0x49, 0x90, 0x00, 0x00, 0x00, 0x00, 0x00, 0x00, 0x00, 0x00,
    0x00, 0x00, 0x00, 0x00, 0x00, 0x00, 0x00, 0x00, 0x00, 0x00, 0x00, 0x00, 0x00, 0x00, 0x00, 0x00,
    0x00, 0x00, 0x00, 0x00, 0x00, 0x00, 0x07, 0x00, 0x00, 0x00, 0x00, 0x00, 0x07, 0x80, 0x00, 0x0F,
    0xF8, 0x00, 0x7F, 0xFF, 0xFF, 0xFF, 0xF9, 0xF7, 0xFF, 0xF0, 0x00, 0x0C, 0x00, 0x00, 0x6F, 0xFA,
    0x8C, 0x28, 0x2A, 0x90, 0xAA, 0x6A, 0x39, 0xA0, 0xCA, 0x42, 0xA9, 0x0A, 0xE6, 0x83, 0x09, 0x0A,
    0xA4, 0x2B, 0x9A, 0x8C, 0x28, 0x2A, 0x90, 0xAA, 0x6A, 0x30, 0xA0, 0xCA, 0x42, 0xA9, 0x88, 0xE6,
    0x83, 0x09, 0x0A, 0xA4, 0x2B, 0x9A, 0x0C, 0x28, 0x2A, 0x90, 0xAA, 0x60, 0x00, 0x00, 0x00, 0x00,
    0x00, 0x00, 0x00, 0x00, 0x00, 0x00, 0x00, 0x00, 0x00, 0x00, 0x00, 0x00, 0x00, 0x00, 0x00, 0x00,
    0x00, 0x00, 0x00, 0x00, 0x00, 0x00, 0x00, 0x00, 0x00, 0x00, 0x07, 0x00, 0x00, 0x00, 0x00, 0x00,
    0x07, 0x80, 0x00, 0x07, 0xE0, 0x00, 0x70, 0x01, 0xFF, 0xFF, 0xFF, 0xEF, 0xFF, 0xE0, 0x00, 0x00,
    0x00, 0x00, 0x67, 0x89, 0x16, 0x44, 0x45, 0x09, 0x14, 0x24, 0x59, 0x31, 0x24, 0x24, 0x50, 0x91,
    0x64, 0x44, 0x90, 0x91, 0x42, 0x45, 0x81, 0x12, 0x44, 0x45, 0x09, 0x16, 0x24, 0x59, 0x11, 0x24,
    0x24, 0x50, 0x91, 0x64, 0xC4, 0x90, 0x91, 0x42, 0x45, 0x81, 0x12, 0x44, 0x45, 0x09, 0x16, 0x00,
    0x00, 0x00, 0x00, 0x00, 0x00, 0x00, 0x00, 0x00, 0x00, 0x00, 0x00, 0x00, 0x00, 0x00, 0x00, 0x00,
    0x00, 0x00, 0x00, 0x00, 0x00, 0x00, 0x00, 0x00, 0x00, 0x00, 0x00, 0x00, 0x00, 0x00, 0x07, 0x00,
    0x00, 0x00, 0x00, 0x00, 0x03, 0xC0, 0x00, 0x07, 0xC0, 0x00, 0x70, 0x00, 0x00, 0x00, 0x7F, 0x8F,
    0xFF, 0xC0, 0x00, 0x00, 0x00, 0x03, 0xE7, 0xFE, 0xA9, 0x92, 0x92, 0x46, 0x09, 0x1A, 0x26, 0x4A,
    0x59, 0x18, 0x24, 0x60, 0x98, 0xA9, 0x66, 0x60, 0x91, 0x82, 0x42, 0xA5, 0x92, 0x82, 0x46, 0x09,
    0x1A, 0xA6, 0x4A, 0x59, 0x18, 0x24, 0x60, 0x99, 0x29, 0x66, 0x60, 0x91, 0x82, 0x42, 0xA5, 0x9A,
    0x82, 0x46, 0x09, 0x00, 0x00, 0x00, 0x00, 0x00, 0x00, 0x00, 0x00, 0x00, 0x00, 0x00, 0x00, 0x00,
    0x00, 0x00, 0x00, 0x00, 0x00, 0x00, 0x00, 0x00, 0x00, 0x00, 0x00, 0x00, 0x00, 0x00, 0x00, 0x00,
    0x00, 0x00, 0x07, 0x80, 0x00, 0x00, 0x00, 0x00, 0x01, 0xE0, 0x00, 0x0F, 0x00, 0x00, 0x70, 0x00,
    0x00, 0x00, 0x06, 0x1F, 0xFF, 0x00, 0x00, 0x00, 0x00, 0x7F, 0xF7, 0xFE, 0x41, 0x81, 0x15, 0x46,
    0x55, 0x19, 0x46, 0x04, 0x59, 0x1B, 0x54, 0x65, 0x58, 0x91, 0x60, 0x6D, 0x51, 0x95, 0x66, 0x45,
    0x81, 0x35, 0x46, 0x55, 0x19, 0x06, 0x04, 0x59, 0x1B, 0x54, 0x65, 0x18, 0x11, 0x60, 0x6D, 0x51,
    0x95, 0x62, 0x45, 0x81, 0x35, 0x46, 0x55, 0x10, 0x00, 0x00, 0x00, 0x00, 0x00, 0x00, 0x00, 0x00,
    0x00, 0x00, 0x00, 0x00, 0x00, 0x00, 0x00, 0x00, 0x00, 0x00, 0x00, 0x00, 0x00, 0x00, 0x00, 0x00,
    0x00, 0x00, 0x00, 0x00, 0x80, 0x00, 0x03, 0x80, 0x00, 0x00, 0x00, 0x00, 0x00, 0xF0, 0x00, 0x0E,
    0x00, 0x00, 0xE0, 0x00, 0x00, 0x00, 0x00, 0x3F, 0xF8, 0x00, 0x00, 0x00, 0x00, 0xFE, 0x49, 0xFF,
    0xA2, 0x42, 0x88, 0x89, 0x22, 0x26, 0x89, 0x0A, 0x24, 0x24, 0x88, 0x9A, 0x24, 0x68, 0x90, 0x92,
    0x22, 0x48, 0x99, 0xA2, 0x42, 0x88, 0x89, 0x22, 0x26, 0x89, 0x0A, 0x24, 0x24, 0x88, 0x9A, 0x24,
    0x68, 0x90, 0x92, 0x22, 0x68, 0x91, 0xA2, 0x42, 0x88, 0x89, 0x22, 0x20, 0x00, 0x00, 0x00, 0x00,
    0x00, 0x00, 0x00, 0x00, 0x00, 0x00, 0x00, 0x00, 0x00, 0x00, 0x00, 0x00, 0x00, 0x00, 0x00, 0x00,
    0x00, 0x00, 0x00, 0x00, 0x00, 0x00, 0x00, 0x00, 0xC0, 0x00, 0x03, 0x80, 0x00, 0x00, 0x00, 0x00,
    0x00, 0x78, 0x00, 0x1C, 0x00, 0x00, 0xE0, 0x00, 0x00, 0x00, 0x00, 0x7F, 0xF1, 0xC0, 0x00, 0x00,
    0x00, 0xDC, 0x31, 0xFF, 0xD4, 0xA4, 0x52, 0x50, 0xC1, 0x63, 0x52, 0x91, 0x4A, 0x43, 0x05, 0x0C,
    0x56, 0x45, 0x29, 0x0C, 0x14, 0x30, 0x59, 0x34, 0xA4, 0x50, 0x50, 0xC1, 0x67, 0x52, 0x91, 0x4A,
    0x43, 0x05, 0xFF, 0xFA, 0x45, 0x29, 0x1F, 0x94, 0x30, 0x59, 0x34, 0xA4, 0x50, 0x50, 0xC1, 0x60,
    0x00, 0x00, 0x00, 0x00, 0x00, 0x00, 0x00, 0x00, 0x00, 0x00, 0x00, 0x00, 0x00, 0x00, 0x00, 0x00,
    0x00, 0x00, 0x00, 0x00, 0x00, 0x00, 0x00, 0x00, 0x00, 0x00, 0x00, 0x00, 0xE0, 0x00, 0x03, 0x80,
    0x00, 0x00, 0x00, 0x00, 0x00, 0x3C, 0x00, 0x1C, 0x00, 0x00, 0xE0, 0x00, 0x00, 0x00, 0x01, 0xFF,
    0xE3, 0xFC, 0x00, 0x00, 0x0E, 0x69, 0x32, 0x7F, 0xF8, 0x99, 0x22, 0x24, 0xC8, 0x93, 0x22, 0x64,
    0x89, 0x93, 0x22, 0x4C, 0x89, 0x92, 0x26, 0x6D, 0x89, 0x32, 0x26, 0x48, 0x99, 0xA6, 0x24, 0xC8,
    0x99, 0x22, 0x64, 0x89, 0x93, 0x7F, 0xFC, 0xF9, 0x92, 0x26, 0x7F, 0xFF, 0xF2, 0x26, 0x48, 0x99,
    0xA6, 0x24, 0xC8, 0x90, 0x00, 0x00, 0x7F, 0xFF, 0xF0, 0x00, 0x00, 0x00, 0x00, 0x00, 0x00, 0x00,
    0x00, 0x00, 0x00, 0x00, 0x00, 0x00, 0x00, 0x00, 0x00, 0x00, 0x00, 0x00, 0x00, 0x00, 0x00, 0x00,
    0xF0, 0x00, 0x01, 0x80, 0x00, 0x00, 0x00, 0x00, 0x00, 0x3E, 0x00, 0x1C, 0x00, 0x01, 0xC0, 0x00,
    0x00, 0x00, 0x03, 0xFF, 0xE7, 0x1C, 0x7C, 0x00, 0x1E, 0x75, 0x4C, 0x57, 0xF4, 0x18, 0x50, 0x55,
    0x21, 0x54, 0xD0, 0x61, 0x41, 0x94, 0x85, 0x53, 0x05, 0x8D, 0x06, 0x12, 0x15, 0x4C, 0x56, 0x34,
    0x18, 0x50, 0x55, 0x21, 0x50, 0xD0, 0x61, 0x41, 0x95, 0xFE, 0x00, 0x1F, 0xF5, 0x06, 0xE0, 0x7F,
    0xFC, 0x16, 0x34, 0x18, 0x50, 0x55, 0x31, 0x50, 0x00, 0x00, 0x7F, 0xFF, 0xF0, 0x00, 0x00, 0x00,
    0x00, 0x00, 0x00, 0x00, 0x00, 0x00, 0x00, 0x00, 0x00, 0x00, 0x00, 0x00, 0x00, 0x00, 0x00, 0x00,
    0x00, 0x00, 0x00, 0x00, 0x78, 0x00, 0x01, 0xC0, 0x00, 0x00, 0x00, 0x00, 0x00, 0x1E, 0x00, 0x38,
    0x00, 0x01, 0xC0, 0x00, 0x00, 0x00, 0x07, 0xFF, 0xC7, 0x2D, 0xEC, 0x00, 0x1B, 0xE2, 0x84, 0x8F,
    0x1E, 0x24, 0x88, 0x8A, 0x12, 0x2C, 0xD8, 0x92, 0x22, 0x48, 0x48, 0xB3, 0x22, 0x48, 0x89, 0x21,
    0x22, 0x84, 0x89, 0x22, 0x24, 0x88, 0x8A, 0x12, 0x2C, 0xD8, 0x92, 0x22, 0x4F, 0x80, 0x00, 0x0F,
    0xFF, 0xFF, 0xC0, 0x00, 0x3C, 0x89, 0x22, 0x24, 0x88, 0x8A, 0x12, 0x20, 0x00, 0x00, 0x7F, 0xFF,
    0xF0, 0x00, 0x00, 0x00, 0x00, 0x00, 0x00, 0x00, 0x00, 0x00, 0x00, 0x00, 0x00, 0x00, 0x00, 0x00,
    0x00, 0x00, 0x00, 0x00, 0x00, 0x00, 0x00, 0x00, 0x3C, 0x00, 0x01, 0xC0, 0x00, 0x00, 0x00, 0x00,
    0x00, 0x1F, 0x00, 0x38, 0x00, 0x01, 0xC0, 0x00, 0x00, 0x00, 0x07, 0xFF, 0x8C, 0xDF, 0xB7, 0x80,
    0x1D, 0xC1, 0x23, 0x17, 0x1F, 0x4B, 0x35, 0x24, 0x8C, 0x13, 0x25, 0x2C, 0x94, 0xB2, 0x30, 0x4C,
    0xC5, 0xB2, 0x52, 0xCC, 0xC1, 0x23, 0x16, 0xC9, 0x4B, 0x35, 0x04, 0x8C, 0x53, 0x25, 0x2C, 0xD4,
    0xBE, 0x00, 0x00, 0x00, 0x0F, 0xF8, 0x00, 0x00, 0x0F, 0xFE, 0xC9, 0x4B, 0x35, 0x04, 0x8C, 0x50,
    0x00, 0x00, 0x7F, 0xFF, 0xF0, 0x00, 0x00, 0x00, 0x00, 0x00, 0x00, 0x00, 0x00, 0x00, 0x00, 0x00,
    0x00, 0x00, 0x00, 0x00, 0x00, 0x00, 0x00, 0x00, 0x00, 0x00, 0x00, 0x00, 0x1F, 0x00, 0x01, 0xC0,
    0x00, 0x00, 0x00, 0x00, 0x00, 0x3F, 0x80, 0x70, 0x00, 0x03, 0x80, 0x00, 0x00, 0x00, 0x0F, 0xFF,
    0x1C, 0xFF, 0xB3, 0xF0, 0x38, 0x9A, 0xA3, 0x27, 0x07, 0x8B, 0x02, 0x2A, 0x8C, 0xAA, 0x12, 0x2C,
    0x08, 0xB2, 0x32, 0xA8, 0x48, 0xB0, 0x22, 0xC0, 0xCA, 0xA3, 0x22, 0xC0, 0x8B, 0x02, 0x6A, 0x8C,
    0x8A, 0x12, 0x2C, 0x08, 0xBC, 0x00, 0x00, 0x00, 0x00, 0x00, 0x00, 0x00, 0x07, 0xCF, 0xC0, 0x8B,
    0x02, 0x6A, 0x8C, 0x80, 0x00, 0x00, 0x78, 0x78, 0xF0, 0x00, 0x00, 0x00, 0x00, 0x00, 0x00, 0x00,
    0x00, 0x00, 0x00, 0x00, 0x00, 0x00, 0x00, 0x00, 0x00, 0x00, 0x00, 0x00, 0x00, 0x00, 0x00, 0x00,
    0x0F, 0x80, 0x01, 0xC0, 0x00, 0x00, 0x00, 0x00, 0x00, 0x7B, 0xC0, 0x70, 0x00, 0x03, 0x80, 0x00,
    0x00, 0x00, 0x0F, 0xFE, 0x19, 0x3E, 0x48, 0xFF, 0xF1, 0x44, 0x44, 0xD3, 0x1F, 0x44, 0x85, 0x11,
    0x13, 0x44, 0x8D, 0x12, 0x14, 0x48, 0x49, 0x10, 0x30, 0x48, 0x51, 0x21, 0x24, 0x44, 0xC1, 0x23,
    0x44, 0x85, 0x11, 0x13, 0x44, 0x8D, 0x12, 0x14, 0x70, 0x00, 0x00, 0x00, 0x00, 0x00, 0x00, 0x00,
    0x00, 0x07, 0xF9, 0x44, 0x85, 0x11, 0x13, 0x00, 0x00, 0x00, 0x78, 0x78, 0xF0, 0x00, 0x00, 0x00,
    0x00, 0x00, 0x00, 0x00, 0x00, 0x00, 0x00, 0x00, 0x00, 0x00, 0x00, 0x00, 0x00, 0x00, 0x00, 0x00,
    0x00, 0x00, 0x00, 0x00, 0x07, 0xE0, 0x01, 0xC0, 0x00, 0x00, 0x00, 0x00, 0x00, 0xF1, 0xC0, 0xE0,
    0x00, 0x03, 0x80, 0x00, 0x00, 0x00, 0xEF, 0xFC, 0x1B, 0x3E, 0xB4, 0x8F, 0xF2, 0x28, 0x28, 0xE7,
    0x3F, 0x28, 0x48, 0xA0, 0xA1, 0x8B, 0x0D, 0xA1, 0x22, 0x84, 0x86, 0x2B, 0x36, 0xB4, 0x8A, 0x12,
    0x18, 0x2C, 0xDA, 0xD2, 0x28, 0x48, 0xA0, 0xA3, 0x8B, 0x0C, 0xA1, 0x22, 0xF8, 0x00, 0x00, 0x00,
    0x00, 0x00, 0x00, 0x00, 0x00, 0x00, 0x1E, 0x7F, 0xC8, 0xA0, 0xB3, 0x60, 0x00, 0x00, 0x30, 0x78,
    0x70, 0x00, 0x00, 0x00, 0x00, 0x00, 0x00, 0x00, 0x00, 0x00, 0x00, 0x00, 0x00, 0x00, 0x00, 0x00,
    0x00, 0x00, 0x00, 0x00, 0x00, 0x00, 0x00, 0x00, 0x01, 0xFC, 0x01, 0xC0, 0x00, 0x00, 0x00, 0x00,
    0x03, 0xE0, 0xE0, 0xE0, 0x00, 0x03, 0x80, 0x00, 0x00, 0xFF, 0xEF, 0xF8, 0x1C, 0xF9, 0x13, 0x24,
    0x4C, 0xD1, 0x13, 0x2E, 0x7C, 0x91, 0x33, 0x44, 0x41, 0x91, 0x32, 0x44, 0xCD, 0x13, 0x26, 0x44,
    0xC9, 0x13, 0x24, 0x4C, 0xD9, 0x13, 0x24, 0x4C, 0x91, 0x33, 0x4C, 0x4C, 0x91, 0x32, 0x44, 0xCD,
    0x3C, 0x00, 0x00, 0x00, 0x00, 0x00, 0x00, 0x00, 0x00, 0x00, 0x0F, 0xFF, 0xFF, 0x44, 0x4C, 0x90,
    0x00, 0x00, 0x00, 0x78, 0x00, 0x00, 0x00, 0x00, 0x00, 0x00, 0x00, 0x00, 0x03, 0x0F, 0x00, 0x00,
    0x00, 0x00, 0x00, 0x00, 0x00, 0x00, 0x00, 0x00, 0x00, 0x00, 0x00, 0x00, 0x00, 0xFF, 0xE1, 0xE0,
    0x00, 0x00, 0x00, 0x00, 0x07, 0xC0, 0xF0, 0xE0, 0x00, 0x07, 0x00, 0x0F, 0xFF, 0xFC, 0x0F, 0xF8,
    0x0E, 0xFE, 0x0B, 0x0A, 0x0C, 0x28, 0x2A, 0x1F, 0xE8, 0x68, 0x30, 0xA0, 0xAA, 0x60, 0xA1, 0xA0,
    0xC2, 0x83, 0x29, 0x82, 0x86, 0x0B, 0x0A, 0x0C, 0x24, 0x2A, 0x18, 0x2C, 0x28, 0x30, 0xA0, 0xA8,
    0x60, 0xA1, 0xA0, 0xC2, 0xBE, 0x00, 0x00, 0x00, 0x00, 0x00, 0x00, 0x00, 0x00, 0x00, 0x01, 0x80,
    0x0F, 0xA0, 0xA8, 0x60, 0x00, 0x00, 0x00, 0x78, 0x00, 0x00, 0x3F, 0xF0, 0x00, 0x63, 0xC7, 0x80,
    0x07, 0x3F, 0xC0, 0x00, 0x03, 0xFE, 0x00, 0x06, 0x07, 0xF0, 0x00, 0x07, 0xFC, 0x00, 0x00, 0x00,
    0x00, 0x3F, 0xFF, 0xF0, 0x00, 0x00, 0x00, 0x00, 0x0F, 0x00, 0x79, 0xC0, 0x00, 0x07, 0x1F, 0xFF,
    0xFF, 0xE7, 0xFF, 0xF8, 0x07, 0xFE, 0xC4, 0x91, 0x12, 0x44, 0x45, 0x9F, 0x92, 0x64, 0x49, 0x11,
    0x14, 0x6C, 0x49, 0x91, 0x24, 0x44, 0x91, 0x91, 0x26, 0xC4, 0x91, 0x12, 0x42, 0x44, 0x9B, 0x12,
    0x44, 0x49, 0x11, 0x16, 0x6C, 0x49, 0x91, 0x24, 0x7E, 0x00, 0x00, 0x00, 0x00, 0x00, 0x00, 0x00,
    0x00, 0x00, 0x00, 0x00, 0x03, 0x11, 0x12, 0x60, 0x00, 0x00, 0x00, 0x78, 0x00, 0x00, 0x7F, 0xFC,
    0x00, 0xFF, 0xEF, 0xC0, 0x07, 0xFF, 0xE0, 0x00, 0x0F, 0xFF, 0x00, 0x0F, 0x0F, 0xF8, 0x00, 0x0F,
    0xFF, 0x00, 0x00, 0x00, 0x00, 0x0F, 0xFF, 0xF0, 0x00, 0x00, 0x00, 0x00, 0x0E, 0x00, 0x3D, 0xC0,
    0x00, 0x07, 0xFF, 0xFF, 0xFE, 0x1F, 0xFF, 0xF8, 0x07, 0xF9, 0x0A, 0x66, 0xA1, 0x9A, 0x8A, 0x24,
    0x29, 0x92, 0x86, 0x6A, 0x08, 0x90, 0xA2, 0x4A, 0x19, 0xA8, 0x62, 0x42, 0x89, 0x0A, 0x66, 0xA1,
    0x99, 0x8A, 0x24, 0x29, 0x92, 0x86, 0x6A, 0x28, 0x90, 0xA2, 0x4A, 0x19, 0xE2, 0x00, 0x00, 0x00,
    0x00, 0x00, 0x00, 0x00, 0x00, 0x00, 0x00, 0x00, 0x06, 0x6A, 0x28, 0x90, 0x00, 0x00, 0x00, 0x78,
    0x00, 0x00, 0x7F, 0xFC, 0x00, 0xFF, 0xFF, 0xE0, 0x07, 0xFF, 0xF8, 0x00, 0x1F, 0xFF, 0x80, 0x0F,
    0x3F, 0xFC, 0x00, 0x3F, 0xFF, 0x80, 0x00, 0x00, 0x00, 0x0E, 0x00, 0x78, 0x00, 0x00, 0x00, 0x00,
    0x1C, 0x00, 0x1F, 0x80, 0x00, 0x07, 0xFF, 0xFC, 0x00, 0x7F, 0xFF, 0xF8, 0x0F, 0xD0, 0x91, 0x60,
    0x45, 0x81, 0x11, 0x42, 0x45, 0x09, 0x16, 0x04, 0x55, 0x09, 0x14, 0x24, 0x58, 0x11, 0x64, 0x24,
    0x50, 0x91, 0x60, 0x45, 0x81, 0x91, 0x42, 0x45, 0x81, 0x16, 0x04, 0x45, 0x09, 0x14, 0x24, 0x5E,
    0xE0, 0x00, 0x00, 0x00, 0x00, 0x00, 0x00, 0x00, 0x00, 0x00, 0x00, 0x00, 0x0F, 0xE4, 0x45, 0x00,
    0x00, 0x00, 0x00, 0x78, 0x00, 0x00, 0x7F, 0xFE, 0x00, 0xFF, 0xFF, 0xF0, 0x07, 0xF9, 0xFC, 0x00,
    0x3F, 0xFF, 0xC0, 0x0F, 0x7F, 0xFE, 0x00, 0x7F, 0xFF, 0xC0, 0x00, 0x00, 0x00, 0x0C, 0x00, 0x3C,
    0x00, 0x00, 0x00, 0x00, 0x3C, 0x00, 0x1F, 0x80, 0x00, 0x0F, 0xFC, 0xE0, 0x00, 0xFF, 0xFF, 0xF8,
    0x0C, 0x24, 0x60, 0x90, 0xA2, 0x42, 0xA8, 0x91, 0x82, 0x46, 0x89, 0x0A, 0x22, 0x46, 0x09, 0x1A,
    0x24, 0x28, 0x98, 0x18, 0x24, 0x60, 0x90, 0xA2, 0x42, 0x60, 0x91, 0x82, 0x42, 0x89, 0x0A, 0xA2,
    0x46, 0x09, 0x1A, 0x3F, 0xC0, 0x00, 0x00, 0x00, 0x00, 0x00, 0x00, 0x00, 0x00, 0x00, 0x00, 0x00,
    0x1F, 0xFA, 0x82, 0x40, 0x00, 0x00, 0x00, 0x78, 0x00, 0x00, 0x00, 0x1E, 0x00, 0xFE, 0xFC, 0xF0,
    0x07, 0xF0, 0x7E, 0x00, 0x7E, 0x07, 0xE0, 0x0F, 0xFC, 0x1E, 0x00, 0x7C, 0x07, 0xE0, 0x00, 0x00,
    0x00, 0x0C, 0x00, 0x1E, 0x00, 0x00, 0x00, 0x00, 0x38, 0x00, 0x0F, 0x80, 0x00, 0x1F, 0xC0, 0xE0,
    0x03, 0xFF, 0xFF, 0xF8, 0x0F, 0x50, 0x6D, 0x49, 0x94, 0x64, 0x41, 0x41, 0xB5, 0x06, 0x50, 0x91,
    0x45, 0x06, 0xD4, 0x19, 0x42, 0x45, 0x19, 0x1B, 0x50, 0x65, 0x49, 0x94, 0x64, 0x6D, 0x41, 0xB5,
    0x26, 0x51, 0x91, 0x05, 0x06, 0xD4, 0x19, 0x79, 0xC0, 0x00, 0x00, 0x00, 0x00, 0x00, 0x00, 0x00,
    0x00, 0x00, 0x00, 0x00, 0x3C, 0x3F, 0x25, 0x00, 0x00, 0x00, 0x00, 0x78, 0x00, 0x00, 0x00, 0x0F,
    0x00, 0xFC, 0xF8, 0xF0, 0x07, 0xE0, 0x3E, 0x00, 0x78, 0x01, 0xE0, 0x0F, 0xF8, 0x1E, 0x00, 0xF8,
    0x03, 0xE0, 0x00, 0x00, 0x00, 0x0C, 0x00, 0x0F, 0x00, 0x00, 0x00, 0x00, 0xF0, 0x00, 0x07, 0x80,
    0x00, 0x7F, 0x00, 0xE0, 0x07, 0xFF, 0xFF, 0xF0, 0x0C, 0x88, 0x92, 0x26, 0x68, 0x98, 0xA2, 0x22,
    0x48, 0x89, 0xA2, 0x66, 0x88, 0x89, 0x22, 0x24, 0x89, 0x9A, 0x24, 0x24, 0x88, 0x92, 0x26, 0x68,
    0x98, 0x92, 0x22, 0x48, 0x99, 0xA2, 0x66, 0x88, 0x89, 0x22, 0x24, 0xF0, 0x00, 0x00, 0x00, 0x00,
    0x00, 0x00, 0x00, 0x00, 0x00, 0x00, 0x00, 0x00, 0x70, 0x0F, 0x88, 0x80, 0x00, 0x00, 0x00, 0x78,
    0x00, 0x00, 0x00, 0x0F, 0x00, 0xF0, 0xF0, 0xF0, 0x07, 0xC0, 0x1F, 0x00, 0xF8, 0x01, 0xF0, 0x0F,
    0xF0, 0x1F, 0x00, 0xF0, 0x01, 0xE0, 0x00, 0x00, 0x00, 0x1C, 0x00, 0x07, 0xC0, 0x00, 0x00, 0x01,
    0xF0, 0x00, 0x03, 0xC0, 0x00, 0xFC, 0x00, 0x73, 0xFF, 0xFF, 0xFF, 0xE0, 0x0F, 0x05, 0x0C, 0x16,
    0x14, 0x19, 0x54, 0x14, 0x30, 0x58, 0xD0, 0x61, 0x52, 0x50, 0xC1, 0x43, 0x41, 0x85, 0x42, 0x43,
    0x05, 0x0C, 0x16, 0x14, 0x19, 0x0C, 0x14, 0x30, 0x58, 0x50, 0x65, 0x50, 0x50, 0xC1, 0x43, 0x78,
    0x00, 0x00, 0x00, 0x00, 0x00, 0x00, 0x00, 0x00, 0x00, 0x00, 0x00, 0x00, 0xF0, 0x01, 0xD6, 0x50,
    0x00, 0x00, 0x00, 0x78, 0x00, 0x00, 0x00, 0x0F, 0x00, 0xF0, 0xF0, 0xF0, 0x07, 0x80, 0x0F, 0x00,
    0xF0, 0x00, 0xF0, 0x0F, 0xE0, 0x0E, 0x00, 0xF0, 0x01, 0xE0, 0x00, 0x00, 0x00, 0x1C, 0x00, 0x03,
    0xE0, 0x00, 0x00, 0x07, 0xE0, 0x00, 0x01, 0xE0, 0x01, 0xF0, 0x00, 0x6F, 0xFF, 0xFF, 0xFF, 0xC0,
    0x07, 0x62, 0x4C, 0x89, 0x32, 0x26, 0x49, 0x89, 0x36, 0x24, 0xC8, 0x93, 0x22, 0x24, 0xD8, 0x93,
    0x22, 0x4C, 0x89, 0x93, 0x62, 0x4C, 0x89, 0x32, 0x26, 0x4D, 0x89, 0x32, 0x24, 0xC8, 0x99, 0x26,
    0x24, 0xD8, 0x93, 0x38, 0x00, 0x00, 0x00, 0x00, 0x00, 0x00, 0x00, 0x00, 0x00, 0x00, 0x00, 0x00,
    0xC0, 0x01, 0xAF, 0xA0, 0x00, 0x00, 0x00, 0x78, 0x00, 0x00, 0x7F, 0xFF, 0x00, 0xF0, 0xF0, 0xF0,
    0x07, 0x80, 0x0F, 0x00, 0xF0, 0x00, 0xF0, 0x0F, 0x80, 0x0E, 0x00, 0xF0, 0x01, 0xE0, 0x00, 0x00,
    0x00, 0x38, 0x00, 0x00, 0xF0, 0x00, 0x00, 0x1F, 0xE0, 0x00, 0x00, 0xF8, 0x03, 0xE0, 0x00, 0x1F,
    0xFF, 0xFF, 0x03, 0x00, 0x06, 0x85, 0x52, 0x15, 0xCD, 0x46, 0x14, 0x15, 0x48, 0x55, 0x35, 0x1C,
    0xD0, 0x55, 0x21, 0x54, 0xD4, 0x73, 0x41, 0x94, 0x85, 0x52, 0x15, 0xCD, 0x46, 0x12, 0x15, 0x48,
    0x57, 0x35, 0x18, 0x50, 0x55, 0x21, 0x54, 0xDC, 0x00, 0x00, 0x00, 0x00, 0x00, 0x00, 0x00, 0x00,
    0x00, 0x00, 0x00, 0x00, 0x00, 0x01, 0xFF, 0xF0, 0x00, 0x00, 0x00, 0x78, 0x00, 0x01, 0xFF, 0xFF,
    0x00, 0xF0, 0xF0, 0xF0, 0x07, 0x80, 0x0F, 0x00, 0xF0, 0x00, 0xF0, 0x0F, 0x00, 0x00, 0x00, 0xF0,
    0x01, 0xE0, 0x00, 0x00, 0x00, 0x78, 0x00, 0x00, 0x70, 0x00, 0x00, 0x7F, 0xF0, 0x00, 0x00, 0x7C,
    0x07, 0xC0, 0x00, 0x3F, 0xFF, 0xFC, 0x00, 0x00, 0x07, 0x48, 0xA1, 0x22, 0xC0, 0x8B, 0x22, 0x22,
    0x84, 0x8B, 0x12, 0x2C, 0x88, 0x8A, 0x12, 0x28, 0x48, 0xB2, 0x22, 0x48, 0x48, 0xA1, 0x22, 0xC0,
    0x89, 0x21, 0x22, 0x84, 0x8B, 0x02, 0x2C, 0x88, 0x8A, 0x12, 0x2C, 0x4C, 0x00, 0x00, 0x00, 0x00,
    0x00, 0x00, 0x00, 0x00, 0x00, 0x00, 0x00, 0x00, 0x00, 0x01, 0xF8, 0x70, 0x00, 0x00, 0x00, 0x78,
    0x00, 0x03, 0xFF, 0xFF, 0x00, 0xF0, 0xF0, 0xF0, 0x07, 0x80, 0x0F, 0x00, 0xFF, 0xFF, 0xF0, 0x0F,
    0x00, 0x00, 0x00, 0xFF, 0xFF, 0xE0, 0x00, 0x00, 0x00, 0xF0, 0x00, 0x00, 0x78, 0x00, 0x01, 0xFC,
    0x70, 0x00, 0x00, 0x1E, 0x0F, 0x80, 0x00, 0x7F, 0xFF, 0xF0, 0x00, 0x00, 0x03, 0xB0, 0x48, 0xC1,
    0x21, 0x54, 0xC9, 0x41, 0x23, 0x04, 0x8D, 0x13, 0x25, 0x24, 0x8C, 0x12, 0x34, 0x4C, 0x54, 0xB2,
    0x30, 0x48, 0xC1, 0x21, 0x52, 0xCC, 0xC1, 0x23, 0x04, 0x85, 0x53, 0x25, 0x04, 0x8C, 0x12, 0x3C,
    0x00, 0x00, 0x00, 0x00, 0x00, 0x00, 0x00, 0x00, 0x00, 0x00, 0x00, 0x00, 0x00, 0x03, 0xC0, 0x10,
    0x00, 0x00, 0x00, 0x78, 0x00, 0x07, 0xFF, 0xFF, 0x00, 0xF0, 0xF0, 0xF0, 0x07, 0x80, 0x0F, 0x00,
    0xFF, 0xFF, 0xF0, 0x0F, 0x00, 0x00, 0x00, 0xFF, 0xFF, 0xE0, 0x00, 0x00, 0x01, 0xE0, 0x00, 0x00,
    0x3C, 0x00, 0x07, 0xF0, 0x38, 0x00, 0x00, 0x0F, 0x1F, 0x00, 0x00, 0xFF, 0xFF, 0xE0, 0x00, 0x00,
    0x01, 0xB6, 0xA8, 0xCA, 0xB3, 0x20, 0xC0, 0x9A, 0xA3, 0x2A, 0x8C, 0xA3, 0x02, 0x2A, 0x8D, 0xAA,
    0x32, 0x8C, 0x48, 0xB2, 0x36, 0xA8, 0xCA, 0xB3, 0x22, 0xC0, 0xDA, 0xA3, 0x2A, 0xCC, 0x83, 0x02,
    0x6A, 0x8C, 0xAA, 0x36, 0x00, 0x00, 0x00, 0x00, 0x00, 0x00, 0x00, 0x00, 0x00, 0x00, 0x00, 0x00,
    0x00, 0x07, 0x00, 0x30, 0x00, 0x00, 0x00, 0x78, 0x00, 0x07, 0xC0, 0x1F, 0x00, 0xF0, 0xF0, 0xF0,
    0x07, 0x80, 0x0F, 0x00, 0xFF, 0xFF, 0xF0, 0x0F, 0x00, 0x00, 0x00, 0xFF, 0xFF, 0xE0, 0x00, 0x00,
    0x01, 0xC0, 0x00, 0x00, 0x1E, 0x00, 0x0F, 0xE0, 0x3C, 0x00, 0x00, 0x07, 0xBE, 0x00, 0x00, 0xFF,
    0xFF, 0xC0, 0x00, 0x00, 0x01, 0xC9, 0x11, 0x24, 0x4C, 0xD1, 0x21, 0x44, 0x44, 0x91, 0x13, 0x44,
    0x85, 0x11, 0x12, 0x44, 0x4D, 0x12, 0x34, 0x48, 0x49, 0x11, 0x34, 0x4C, 0xD1, 0x21, 0x24, 0x44,
    0x91, 0x33, 0x44, 0x85, 0x11, 0x12, 0x44, 0x4E, 0x00, 0x00, 0x00, 0x00, 0x00, 0x00, 0x00, 0x00,
    0x00, 0x00, 0x00, 0x00, 0x00, 0x1E, 0x00, 0x70, 0x00, 0x00, 0x00, 0x78, 0x00, 0x07, 0x80, 0x0F,
    0x00, 0xF0, 0xF0, 0xF0, 0x07, 0x80, 0x0F, 0x00, 0xFF, 0xFF, 0xE0, 0x0F, 0x00, 0x00, 0x00, 0xFF,
    0xFF, 0xC0, 0x00, 0x00, 0x03, 0x80, 0x00, 0x00, 0x0E, 0x00, 0x3F, 0x80, 0x1E, 0x00, 0x00, 0x03,
    0xFC, 0x00, 0x01, 0xFF, 0xFF, 0x00, 0x00, 0x00, 0x01, 0x86, 0x0A, 0x18, 0x2C, 0xAA, 0x52, 0x28,
    0x28, 0x60, 0xB1, 0xA9, 0x48, 0xA4, 0xA1, 0x82, 0xC6, 0xA3, 0x22, 0x94, 0x86, 0x0A, 0x18, 0x2C,
    0x9A, 0x52, 0x18, 0x28, 0x60, 0xB2, 0xA9, 0x48, 0xA0, 0xA1, 0x82, 0xC6, 0x00, 0x00, 0x00, 0x00,
    0x00, 0x00, 0x00, 0x00, 0x00, 0x00, 0x00, 0x00, 0x00, 0x18, 0x00, 0xE0, 0x00, 0x00, 0x00, 0x78,
    0x00, 0x07, 0x80, 0x0F, 0x00, 0xF0, 0xF0, 0xF0, 0x07, 0x80, 0x0F, 0x00, 0xF0, 0x00, 0x00, 0x0F,
    0x00, 0x00, 0x00, 0xF0, 0x00, 0x00, 0x00, 0x00, 0x07, 0x80, 0x00, 0x00, 0x0F, 0x80, 0xFF, 0x00,
    0x0F, 0x00, 0x00, 0x01, 0xF8, 0x00, 0x01, 0xFF, 0xF0, 0x00, 0x00, 0x00, 0x03, 0xB6, 0xC4, 0x99,
    0x13, 0x24, 0x4C, 0xD3, 0x12, 0x64, 0x49, 0x91, 0x32, 0x44, 0x49, 0x91, 0x26, 0x44, 0xC9, 0x13,
    0x26, 0xC4, 0x99, 0x13, 0x24, 0x4C, 0xDB, 0x12, 0x64, 0x4C, 0x91, 0x33, 0x4C, 0x49, 0x91, 0x26,
    0x00, 0x00, 0x00, 0x00, 0x00, 0x00, 0x00, 0x00, 0x00, 0x00, 0x00, 0x00, 0x00, 0x00, 0x01, 0xE0,
    0x00, 0x00, 0x00, 0x78, 0x00, 0x07, 0x80, 0x0F, 0x00, 0xF0, 0xF0, 0xF0, 0x07, 0xC0, 0x1F, 0x00,
    0xF8, 0x00, 0x00, 0x0F, 0x00, 0x00, 0x00, 0xF0, 0x00, 0x00, 0x00, 0x00, 0x07, 0x00, 0x00, 0x00,
    0x03, 0xC3, 0xF8, 0x00, 0x07, 0x80, 0x00, 0x01, 0xF0, 0x00, 0x01, 0xFF, 0x00, 0x00, 0x00, 0x00,
    0x07, 0x09, 0x0A, 0xA6, 0x2B, 0x1A, 0x0C, 0x28, 0x2A, 0x90, 0xAA, 0x68, 0x30, 0xA0, 0xAA, 0x42,
    0xA9, 0xA0, 0xC2, 0x83, 0x29, 0x0A, 0xA6, 0x2B, 0x1A, 0x0C, 0x24, 0x2A, 0x98, 0xAC, 0x68, 0x30,
    0xA0, 0xAA, 0x42, 0xBC, 0x00, 0x00, 0x00, 0x00, 0x00, 0x00, 0x00, 0x00, 0x00, 0x00, 0x00, 0x00,
    0x00, 0x00, 0x01, 0xB0, 0x00, 0x00, 0x00, 0x78, 0x00, 0x07, 0x80, 0x3F, 0x00, 0xF0, 0xF0, 0xF0,
    0x07, 0xE0, 0x3E, 0x00, 0x78, 0x00, 0x00, 0x0F, 0x00, 0x00, 0x00, 0xF8, 0x00, 0x00, 0x00, 0x00,
    0x07, 0x00, 0x00, 0x00, 0x03, 0xEF, 0xF0, 0x00, 0x03, 0xC0, 0x00, 0x01, 0xE0, 0x00, 0x01, 0xFF,
    0x00, 0x00, 0x00, 0x00, 0x1E, 0x90, 0x91, 0x42, 0x45, 0x93, 0x12, 0x44, 0x45, 0x09, 0x16, 0x6C,
    0x49, 0x11, 0x14, 0x24, 0x59, 0x91, 0x24, 0x44, 0x90, 0x91, 0x62, 0x44, 0x91, 0x12, 0x42, 0x45,
    0x09, 0x16, 0x4C, 0x49, 0x11, 0x14, 0x24, 0x78, 0x00, 0x00, 0x00, 0x00, 0x00, 0x00, 0x00, 0x00,
    0x00, 0x00, 0x00, 0x00, 0x00, 0x00, 0x01, 0x10, 0x00, 0x00, 0x00, 0x78, 0x00, 0x07, 0xC0, 0x7F,
    0x00, 0xF0, 0xF0, 0xF0, 0x07, 0xF0, 0x7E, 0x00, 0x7E, 0x00, 0x00, 0x0F, 0x00, 0x00, 0x00, 0x7C,
    0x00, 0x00, 0x00, 0x00, 0x0E, 0x00, 0x00, 0x00, 0x01, 0xFF, 0xC0, 0x00, 0x01, 0xF0, 0x0E, 0x03,
    0xC0, 0x00, 0x01, 0xFE, 0x00, 0x00, 0x00, 0x00, 0x7C, 0x66, 0x60, 0x91, 0x8A, 0x64, 0xA5, 0x9A,
    0x82, 0x46, 0x09, 0x92, 0x96, 0x6A, 0x49, 0x18, 0x26, 0x6A, 0x59, 0x29, 0x64, 0x60, 0x91, 0x8B,
    0x64, 0xA5, 0x99, 0x82, 0x46, 0x29, 0x92, 0x96, 0x6A, 0x09, 0x18, 0x30, 0x00, 0x00, 0x00, 0x00,
    0x00, 0x00, 0x00, 0x00, 0x00, 0x00, 0x00, 0x00, 0x00, 0x00, 0x00, 0x00, 0x00, 0x00, 0x00, 0x78,
    0x00, 0x07, 0xFF, 0xFF, 0x00, 0xF0, 0xF0, 0xF0, 0x07, 0xF8, 0xFC, 0x00, 0x3F, 0xFF, 0xE0, 0x0F,
    0x00, 0x00, 0x00, 0x7F, 0xFF, 0xC0, 0x00, 0x00, 0x0E, 0x00, 0x00, 0x00, 0x07, 0xFF, 0x00, 0x00,
    0x00, 0xF8, 0x1F, 0x07, 0x80, 0x00, 0x01, 0xFE, 0x00, 0x00, 0x00, 0x01, 0xFB, 0x60, 0x6D, 0x51,
    0x91, 0x60, 0x45, 0x81, 0x35, 0x46, 0x55, 0x09, 0x16, 0x04, 0x55, 0x19, 0x54, 0x24, 0x58, 0x11,
    0x64, 0x65, 0x51, 0x91, 0x60, 0x45, 0x81, 0xB5, 0x46, 0x45, 0x81, 0x16, 0x04, 0xD5, 0x19, 0x60,
    0x00, 0x00, 0x00, 0x00, 0x00, 0x00, 0x00, 0x00, 0x00, 0x00, 0x00, 0x00, 0x00, 0x00, 0x00, 0x00,
    0x00, 0x00, 0x00, 0x78, 0x00, 0x03, 0xFF, 0xFF, 0x00, 0xF0, 0xF0, 0xF0, 0x07, 0xFF, 0xF8, 0x00,
    0x1F, 0xFF, 0xF0, 0x0F, 0x00, 0x00, 0x00, 0x3F, 0xFF, 0xE0, 0x00, 0x00, 0x0E, 0x00, 0x00, 0x00,
    0x3F, 0xFC, 0x00, 0x00, 0x00, 0x7E, 0x7F, 0x8F, 0x00, 0x00, 0x01, 0xFE, 0x00, 0x00, 0x01, 0xFF,
    0xA4, 0x90, 0x92, 0x22, 0x68, 0x91, 0xA2, 0x42, 0x88, 0x89, 0xA2, 0x46, 0x89, 0x0A, 0x22, 0x24,
    0x88, 0x1A, 0x24, 0x28, 0x90, 0x92, 0x22, 0x60, 0x90, 0xA2, 0x42, 0x48, 0x89, 0xA2, 0x46, 0x89,
    0x0A, 0x22, 0x27, 0xE0, 0x00, 0x00, 0x00, 0x00, 0x00, 0x00, 0x00, 0x00, 0x00, 0x00, 0x00, 0x00,
    0x00, 0x00, 0x00, 0x00, 0x00, 0x00, 0x00, 0x78, 0x00, 0x01, 0xFF, 0xFF, 0x00, 0xF0, 0xF0, 0xF0,
    0x07, 0xFF, 0xF0, 0x00, 0x0F, 0xFF, 0xF0, 0x0F, 0x00, 0x00, 0x00, 0x1F, 0xFF, 0xE0, 0x00, 0x00,
    0x0E, 0x00, 0x00, 0x01, 0xFF, 0xFC, 0x00, 0x00, 0x00, 0x1F, 0xFF, 0xFE, 0x00, 0x00, 0x03, 0xFE,
    0x00, 0x00, 0x3F, 0xFE, 0x43, 0x09, 0x0C, 0x16, 0x71, 0x69, 0x14, 0xA4, 0x50, 0x50, 0xC5, 0x86,
    0xD2, 0x91, 0x49, 0x43, 0x15, 0x9B, 0x4A, 0x45, 0x29, 0x0C, 0x16, 0x6D, 0x69, 0x14, 0xA4, 0x30,
    0x51, 0xC5, 0xA4, 0x52, 0x91, 0x41, 0x7F, 0xC0, 0x00, 0x00, 0x00, 0x00, 0x00, 0x00, 0x00, 0x00,
    0x00, 0x00, 0x00, 0x00, 0x00, 0x00, 0x00, 0x00, 0x00, 0x00, 0x00, 0x70, 0x00, 0x00, 0xFF, 0xC6,
    0x00, 0x70, 0x70, 0x70, 0x07, 0xBF, 0xC0, 0x00, 0x07, 0xFF, 0xE0, 0x07, 0x00, 0x00, 0x00, 0x07,
    0xFF, 0xE0, 0x00, 0x00, 0x07, 0x00, 0x00, 0x0F, 0xFE, 0x1E, 0x00, 0x00, 0x00, 0x07, 0xF1, 0xFC,
    0x00, 0x00, 0x03, 0xFE, 0x00, 0x00, 0x64, 0x91, 0x93, 0x66, 0x6C, 0x89, 0x92, 0x26, 0x48, 0x99,
    0xA6, 0x24, 0xC8, 0x99, 0x22, 0x66, 0x88, 0x93, 0x22, 0x64, 0x89, 0x9A, 0x26, 0x4C, 0x89, 0x92,
    0x26, 0x48, 0x99, 0xB2, 0x26, 0x48, 0x99, 0x22, 0x66, 0x98, 0xBC, 0x00, 0x00, 0x00, 0x00, 0x00,
    0x00, 0x00, 0x00, 0x00, 0x00, 0x00, 0x00, 0x00, 0x00, 0x00, 0x00, 0x00, 0x00, 0x00, 0x00, 0x00,
    0x00, 0x00, 0x00, 0x00, 0x00, 0x00, 0x00, 0x00, 0x07, 0x8F, 0x80, 0x00, 0x00, 0x00, 0x00, 0x00,
    0x00, 0x00, 0x00, 0x00, 0x00, 0x00, 0x00, 0x00, 0x07, 0x00, 0x00, 0x7F, 0xC0, 0x0F, 0x80, 0x00,
    0x00, 0x01, 0x80, 0xFC, 0x00, 0x00, 0x03, 0xFE, 0x00, 0x00, 0xC3, 0x01, 0x94, 0x86, 0x12, 0x15,
    0x0C, 0x16, 0x14, 0x18, 0x50, 0x55, 0x30, 0x50, 0xD0, 0x61, 0x41, 0x54, 0xC1, 0x43, 0x41, 0x85,
    0x06, 0x52, 0x15, 0x0C, 0x16, 0x14, 0x18, 0x48, 0x54, 0x30, 0x58, 0x50, 0x61, 0x41, 0x60, 0x00,
    0x00, 0x00, 0x00, 0x00, 0x00, 0x00, 0x00, 0x00, 0x00, 0x00, 0x00, 0x00, 0x00, 0x00, 0x00, 0x00,
    0x00, 0x00, 0x00, 0x00, 0x00, 0x00, 0x00, 0x00, 0x00, 0x00, 0x00, 0x00, 0x07, 0x80, 0x00, 0x00,
    0x00, 0x00, 0x00, 0x00, 0x00, 0x00, 0x00, 0x00, 0x00, 0x00, 0x00, 0x00, 0x03, 0x80, 0x03, 0xFE,
    0x00, 0x07, 0xC0, 0x00, 0x00, 0x00, 0x00, 0xF8, 0x00, 0x00, 0x03, 0xFE, 0x00, 0x01, 0x9B, 0x66,
    0x48, 0x49, 0x21, 0x22, 0xCD, 0x89, 0x22, 0x24, 0x88, 0x8B, 0x36, 0x24, 0xC8, 0x92, 0x22, 0x28,
    0xC8, 0x93, 0x62, 0x48, 0x89, 0x21, 0x22, 0x4D, 0x89, 0x22, 0x24, 0x84, 0x8B, 0x36, 0x24, 0x88,
    0x92, 0x22, 0x60, 0x00, 0x00, 0x00, 0x00, 0x00, 0x00, 0x00, 0x00, 0x00, 0x00, 0x00, 0x00, 0x00,
    0x00, 0x00, 0x00, 0x00, 0x00, 0x00, 0x00, 0x00, 0x00, 0x00, 0x00, 0x00, 0x00, 0x00, 0x00, 0x00,
    0x07, 0x80, 0x00, 0x00, 0x00, 0x00, 0x00, 0x00, 0x00, 0x00, 0x00, 0x00, 0x00, 0x00, 0x00, 0x00,
    0x03, 0xC0, 0x0F, 0xF0, 0x00, 0x01, 0xE0, 0x00, 0x00, 0x00, 0x01, 0xFC, 0x00, 0x00, 0x03, 0xFC,
    0x00, 0x03, 0x84, 0x84, 0x30, 0x30, 0xCC, 0xC5, 0x12, 0x14, 0xC9, 0x43, 0x35, 0x04, 0x48, 0x53,
    0x25, 0x0C, 0xD4, 0x11, 0x31, 0x44, 0x94, 0x33, 0x50, 0xC0, 0xC5, 0x92, 0x14, 0xCD, 0x43, 0x33,
    0x14, 0x4F, 0xFF, 0xF5, 0x0C, 0xD4, 0xC0, 0x00, 0x00, 0x00, 0x00, 0x00, 0x00, 0x00, 0x00, 0x00,
    0x00, 0x00, 0x00, 0x00, 0x00, 0x00, 0x00, 0x00, 0x00, 0x00, 0x00, 0x00, 0x00, 0x00, 0x00, 0x00,
    0x00, 0x00, 0x00, 0x00, 0x07, 0x80, 0x00, 0x00, 0x00, 0x00, 0x00, 0x00, 0x00, 0x00, 0x00, 0x00,
    0x00, 0x00, 0x00, 0x00, 0x01, 0xC0, 0x7F, 0x80, 0x00, 0x00, 0xF0, 0x00, 0x00, 0x00, 0x01, 0xFE,
    0x00, 0x00, 0x07, 0xFC, 0x00, 0x07, 0x48, 0x49, 0x32, 0x36, 0xC0, 0xC8, 0xA1, 0x22, 0xC0, 0x8B,
    0x02, 0x2A, 0x84, 0x8A, 0x12, 0x2C, 0x08, 0xAA, 0x12, 0x28, 0x48, 0xB0, 0x22, 0xC8, 0xC8, 0xA1,
    0x22, 0xC0, 0x8B, 0x03, 0x23, 0xFF, 0xFF, 0xFF, 0xFE, 0x08, 0xC0, 0x00, 0x00, 0x00, 0x00, 0x00,
    0x00, 0x00, 0x00, 0x00, 0x00, 0x00, 0x00, 0x00, 0x00, 0x00, 0x00, 0x00, 0x00, 0x00, 0x00, 0x00,
    0x00, 0x00, 0x00, 0x00, 0x00, 0x00, 0x00, 0x00, 0x07, 0x80, 0x00, 0x00, 0x00, 0x00, 0x00, 0x00,
    0x00, 0x00, 0x00, 0x00, 0x00, 0x00, 0x00, 0x00, 0x01, 0xE3, 0xFC, 0x00, 0x00, 0x00, 0x78, 0x00,
    0x00, 0x00, 0x03, 0xDF, 0x00, 0x00, 0x07, 0xFC, 0x00, 0x0E, 0xB3, 0x30, 0x48, 0x49, 0x21, 0x34,
    0x48, 0xC1, 0x21, 0x44, 0x85, 0x11, 0x23, 0x04, 0x8D, 0x12, 0x14, 0x44, 0x0C, 0x12, 0x34, 0x48,
    0x51, 0x21, 0x30, 0x48, 0xC1, 0x21, 0x44, 0x84, 0xDF, 0xF0, 0x00, 0x0F, 0xFF, 0x15, 0x80, 0x00,
    0x00, 0x00, 0x00, 0x00, 0x00, 0x00, 0x00, 0x00, 0x00, 0x00, 0x00, 0x00, 0x00, 0x00, 0x00, 0x00,
    0x00, 0x00, 0x00, 0x00, 0x00, 0x00, 0x00, 0x00, 0x00, 0x00, 0x00, 0x00, 0x07, 0x80, 0x00, 0x00,
    0x00, 0x00, 0x00, 0x00, 0x00, 0x00, 0x00, 0x00, 0x00, 0x00, 0x00, 0x00, 0x00, 0xEF, 0xF0, 0x00,
    0x00, 0x00, 0x3C, 0x00, 0x00, 0x00, 0x07, 0x8F, 0x00, 0x00, 0x07, 0xFC, 0x00, 0x0C, 0x30, 0x32,
    0x84, 0x86, 0x12, 0x30, 0xA0, 0xDA, 0x92, 0x28, 0x48, 0xA2, 0x83, 0x6A, 0x0C, 0xA1, 0x22, 0x8A,
    0x8D, 0xA8, 0x32, 0x84, 0x8A, 0x12, 0x36, 0xA0, 0xDA, 0x92, 0x28, 0x48, 0xFE, 0x00, 0x00, 0x00,
    0xF3, 0xBF, 0x80, 0x00, 0x00, 0x00, 0x00, 0x00, 0x00, 0x00, 0x00, 0x00, 0x00, 0x00, 0x00, 0x00,
    0x00, 0x00, 0x00, 0x00, 0x00, 0x00, 0x00, 0x00, 0x00, 0x00, 0x00, 0x00, 0x00, 0x00, 0x00, 0x00,
    0x07, 0x80, 0x00, 0x00, 0x00, 0x00, 0x00, 0x00, 0x00, 0x00, 0x00, 0x00, 0x00, 0x00, 0x00, 0x00,
    0x00, 0xFF, 0xC0, 0x00, 0x00, 0x00, 0x1E, 0x00, 0x00, 0x00, 0x07, 0x87, 0x80, 0x00, 0x07, 0xFC,
    0x00, 0x1A, 0x48, 0x49, 0x23, 0x06, 0xCC, 0x49, 0x11, 0x24, 0x4C, 0xD1, 0x33, 0x44, 0x44, 0x91,
    0x12, 0x44, 0xCD, 0x11, 0x12, 0x44, 0x49, 0x13, 0x34, 0x4C, 0x49, 0x11, 0x24, 0x4C, 0xD1, 0x31,
    0x70, 0x00, 0x00, 0x00, 0x01, 0xFE, 0x00, 0x00, 0x00, 0x00, 0x00, 0x00, 0x00, 0x00, 0x00, 0x00,
    0x00, 0x00, 0x00, 0x00, 0x00, 0x00, 0x00, 0x00, 0x00, 0x00, 0x00, 0x00, 0x00, 0x00, 0x00, 0x00,
    0x00, 0x00, 0x00, 0x00, 0x07, 0x00, 0x00, 0x00, 0x00, 0x00, 0x00, 0x00, 0x00, 0x00, 0x00, 0x00,
    0x00, 0x00, 0x00, 0x00, 0x01, 0xFF, 0x00, 0x00, 0x00, 0x00, 0x0E, 0x00, 0x00, 0x00, 0x0F, 0x03,
    0xC0, 0x00, 0x07, 0xF8, 0x00, 0x31, 0x94, 0x86, 0x03, 0x29, 0x0C, 0xA6, 0x0A, 0x18, 0x2C, 0x28,
    0x30, 0xA8, 0x28, 0x60, 0xA1, 0xA0, 0xC2, 0xA0, 0xA1, 0x82, 0x86, 0x83, 0x0A, 0x0C, 0x86, 0x0A,
    0x18, 0x2C, 0x28, 0x32, 0xF0, 0x00, 0x00, 0x00, 0x00, 0x30, 0x00, 0x00, 0x00, 0x00, 0x00, 0x00,
    0x00, 0x00, 0x00, 0x00, 0x00, 0x00, 0x00, 0x00, 0x00, 0x00, 0x00, 0x00, 0x00, 0x00, 0x00, 0x00,
    0x00, 0x00, 0x00, 0x00, 0x00, 0x00, 0x00, 0x00, 0x00, 0x00, 0x00, 0x00, 0x00, 0x00, 0x00, 0x00,
    0x00, 0x00, 0x00, 0x00, 0x00, 0x00, 0x00, 0x00, 0x07, 0xF8, 0x00, 0x00, 0x00, 0x00, 0x07, 0x00,
    0x00, 0x00, 0x0F, 0x03, 0xE0, 0x00, 0x0F, 0xF8, 0x00, 0x6D, 0x83, 0x36, 0x44, 0x91, 0x93, 0x06,
    0xC4, 0x99, 0x12, 0x64, 0x49, 0x92, 0x12, 0x6C, 0x49, 0x91, 0x26, 0x44, 0x49, 0xB1, 0x26, 0x44,
    0x99, 0x13, 0x26, 0xC4, 0x99, 0x12, 0x64, 0x4F, 0xC0, 0x00, 0x00, 0x00, 0x00, 0x00, 0x00, 0x00,
    0x00, 0x00, 0x00, 0x00, 0x00, 0x00, 0x00, 0x00, 0x00, 0x00, 0x00, 0x00, 0x00, 0x00, 0x00, 0x00,
    0x00, 0x00, 0x00, 0x00, 0x00, 0x00, 0x00, 0x00, 0x00, 0x00, 0x00, 0x00, 0x00, 0x00, 0x00, 0x00,
    0x00, 0x00, 0x00, 0x00, 0x00, 0x00, 0x00, 0x00, 0x00, 0x00, 0x00, 0x00, 0x0F, 0xF8, 0x00, 0x00,
    0x00, 0x00, 0x07, 0x80, 0x00, 0x00, 0x1E, 0x01, 0xF0, 0x00, 0x0F, 0xF8, 0x00, 0xC2, 0x43, 0x09,
    0x0C, 0xE0, 0x73, 0x09, 0x0A, 0x24, 0x29, 0x9A, 0x8E, 0x28, 0x28, 0x90, 0xA2, 0x6A, 0x39, 0xA0,
    0xA2, 0x42, 0xA9, 0x28, 0xE7, 0xA3, 0x09, 0x0B, 0xA4, 0x2B, 0x9A, 0xFF, 0x00, 0x00, 0x00, 0x00,
    0x00, 0x00, 0x00, 0x00, 0x00, 0x00, 0x00, 0x00, 0x00, 0x00, 0x00, 0x00, 0x00, 0x00, 0x00, 0x00,
    0x00, 0x00, 0x00, 0x00, 0x00, 0x00, 0x00, 0x00, 0x00, 0x00, 0x00, 0x00, 0x00, 0x00, 0x00, 0x00,
    0x00, 0x00, 0x00, 0x00, 0x00, 0x00, 0x00, 0x00, 0x00, 0x00, 0x00, 0x00, 0x00, 0x00, 0x00, 0x00,
    0x3F, 0xB8, 0x00, 0x00, 0x00, 0x00, 0x03, 0x80, 0x00, 0x00, 0x3C, 0x00, 0xF0, 0x00, 0x0F, 0xF8,
    0x01, 0xA4, 0x24, 0x90, 0x93, 0x64, 0x6D, 0x90, 0x91, 0x42, 0x45, 0x81, 0x16, 0x44, 0x45, 0x09,
    0x16, 0x24, 0x58, 0x11, 0x14, 0x24, 0x50, 0x91, 0x67, 0xF4, 0x90, 0x9F, 0xC2, 0x45, 0x81, 0xF0,
    0x00, 0x00, 0x00, 0x00, 0x00, 0x00, 0x00, 0x00, 0x00, 0x00, 0x00, 0x00, 0x00, 0x00, 0x00, 0x00,
    0x00, 0x00, 0x00, 0x00, 0x00, 0x00, 0x00, 0x00, 0x00, 0x00, 0x00, 0x00, 0x00, 0x00, 0x00, 0x00,
    0x00, 0x00, 0x00, 0x00, 0x00, 0x00, 0x00, 0x00, 0x00, 0x00, 0x00, 0x00, 0x00, 0x00, 0x00, 0x00,
    0x00, 0x00, 0x00, 0x00, 0xFE, 0x1C, 0x00, 0x00, 0x00, 0x00, 0x01, 0xC0, 0x00, 0x00, 0x3C, 0x00,
    0x78, 0x00, 0x0F, 0xF8, 0x03, 0x99, 0x99, 0x62, 0x60, 0x90, 0x9A, 0x66, 0x60, 0x91, 0x82, 0x42,
    0x89, 0x92, 0x82, 0x46, 0x09, 0x1A, 0x24, 0x2A, 0x49, 0x18, 0x24, 0x68, 0x9C, 0x7F, 0xF4, 0x7F,
    0xD1, 0x82, 0x47, 0x80, 0x00, 0x00, 0x00, 0x00, 0x00, 0x00, 0x00, 0x00, 0x00, 0x00, 0x00, 0x00,
    0x00, 0x00, 0x00, 0x00, 0x00, 0x00, 0x00, 0x00, 0x00, 0x00, 0x00, 0x00, 0x00, 0x00, 0x00, 0x00,
    0x00, 0x00, 0x00, 0x00, 0x00, 0x00, 0x00, 0x00, 0x00, 0x00, 0x00, 0x00, 0x00, 0x00, 0x00, 0x00,
    0x00, 0x00, 0x00, 0x00, 0x00, 0x00, 0x00, 0x00, 0xF0, 0x1F, 0x00, 0x00, 0x00, 0x00, 0x79, 0xE0,
    0x00, 0x00, 0x78, 0x00, 0x3C, 0x00, 0x1F, 0xF0, 0x3F, 0x98, 0x19, 0x60, 0x65, 0x99, 0x1A, 0x60,
    0x6D, 0x51, 0x95, 0x66, 0x51, 0x81, 0x35, 0x46, 0x55, 0x19, 0x46, 0x24, 0x55, 0x1B, 0x54, 0x65,
    0x38, 0x3F, 0xF4, 0x7F, 0xD3, 0xD4, 0x7F, 0x00, 0x00, 0x00, 0x00, 0x00, 0x00, 0x00, 0x00, 0x00,
    0x00, 0x00, 0x00, 0x00, 0x00, 0x00, 0x00, 0x00, 0x00, 0x00, 0x00, 0x00, 0x00, 0x00, 0x00, 0x00,
    0x00, 0x00, 0x00, 0x00, 0x00, 0x00, 0x00, 0x00, 0x00, 0x00, 0x00, 0x00, 0x00, 0x00, 0x00, 0x00,
    0x00, 0x00, 0x00, 0x00, 0x00, 0x00, 0x00, 0x00, 0x00, 0x00, 0x00, 0x00, 0xC0, 0x0F, 0xC0, 0x00,
    0x00, 0x00, 0x7E, 0xF0, 0x00, 0x00, 0xF0, 0x00, 0x1E, 0x00, 0x3F, 0xF0, 0x3D, 0x24, 0x24, 0x90,
    0x9A, 0x66, 0x2C, 0x90, 0x92, 0x22, 0x48, 0x99, 0xA2, 0x42, 0x88, 0x89, 0x22, 0x26, 0x89, 0x0A,
    0x22, 0x24, 0x88, 0x9A, 0x3E, 0x1D, 0xD7, 0xFF, 0xFF, 0xF8, 0x98, 0x00, 0x00, 0x00, 0x00, 0x00,
    0x00, 0x00, 0x00, 0x00, 0x00, 0x00, 0x00, 0x00, 0x00, 0x00, 0x00, 0x00, 0x00, 0x00, 0x00, 0x00,
    0x00, 0x00, 0x00, 0x00, 0x00, 0x00, 0x00, 0x00, 0x00, 0x00, 0x00, 0x00, 0x00, 0x00, 0x00, 0x00,
    0x00, 0x00, 0x00, 0x00, 0x00, 0x00, 0x00, 0x00, 0x00, 0x00, 0x00, 0x00, 0x00, 0x00, 0x00, 0x00,
    0x00, 0x03, 0xE0, 0x00, 0x00, 0x00, 0x6F, 0x70, 0x00, 0x00, 0xF0, 0x00, 0x1E, 0x00, 0x7F, 0xF0,
    0x70, 0xC2, 0x43, 0x29, 0x0C, 0x06, 0x43, 0x09, 0x0C, 0x14, 0x30, 0x58, 0x54, 0xA4, 0x50, 0x50,
    0xC1, 0x63, 0x41, 0x91, 0x49, 0x43, 0x05, 0x0D, 0x1F, 0x01, 0xBF, 0xFC, 0x38, 0x3E, 0x18, 0x00,
    0x00, 0x00, 0x00, 0x00, 0x00, 0x00, 0x00, 0x00, 0x00, 0x00, 0x00, 0x00, 0x00, 0x00, 0x00, 0x00,
    0x00, 0x00, 0x00, 0x00, 0x00, 0x00, 0x00, 0x00, 0x00, 0x00, 0x00, 0x00, 0x00, 0x00, 0x00, 0x00,
    0x00, 0x00, 0x00, 0x00, 0x00, 0x00, 0x00, 0x00, 0x00, 0x00, 0x00, 0x00, 0x00, 0x00, 0x00, 0x00,
    0x00, 0x00, 0x00, 0x00, 0x00, 0x00, 0xF0, 0x00, 0x00, 0x60, 0xE3, 0x38, 0x00, 0x01, 0xE0, 0x00,
    0x0F, 0x00, 0x7F, 0xE0, 0x64, 0xD9, 0x9B, 0x26, 0x2C, 0x89, 0xA3, 0x46, 0x6D, 0x89, 0x32, 0x24,
    0xC8, 0x99, 0x26, 0x24, 0xC8, 0x93, 0x22, 0x64, 0x88, 0x93, 0x22, 0x4F, 0x9E, 0x01, 0xF8, 0x00,
    0x00, 0x0F, 0xB8, 0x00, 0x00, 0x00, 0x00, 0x00, 0x00, 0x00, 0x00, 0x00, 0x00, 0x00, 0x00, 0x00,
    0x00, 0x00, 0x00, 0x00, 0x00, 0x00, 0x00, 0x00, 0x00, 0x00, 0x00, 0x00, 0x00, 0x00, 0x00, 0x00,
    0x00, 0x00, 0x1F, 0x00, 0x00, 0x00, 0x00, 0x00, 0x00, 0x00, 0x00, 0x00, 0x00, 0x00, 0x00, 0x00,
    0x00, 0x00, 0x00, 0x00, 0x00, 0x00, 0x00, 0x00, 0x00, 0x00, 0x78, 0x00, 0x00, 0xFB, 0xD3, 0x1C,
    0x00, 0x00, 0xC0, 0x00, 0x07, 0x80, 0xFF, 0xE0, 0x61, 0x21, 0x84, 0x86, 0x13, 0x19, 0x84, 0x86,
    0x12, 0x15, 0x48, 0x57, 0x34, 0x18, 0x50, 0x55, 0x21, 0x54, 0xD0, 0x61, 0x41, 0x54, 0x85, 0x7F,
    0xF0, 0x03, 0xE0, 0x00, 0x00, 0x03, 0xF8, 0x00, 0x00, 0x00, 0x00, 0x00, 0x00, 0x00, 0x00, 0x00,
    0x00, 0x00, 0x00, 0x00, 0x00, 0x00, 0x00, 0x00, 0x00, 0x00, 0x00, 0x00, 0x00, 0x00, 0x00, 0x00,
    0x00, 0x00, 0x00, 0x00, 0x00, 0x00, 0x1F, 0x00, 0x00, 0x00, 0x00, 0x00, 0x00, 0x00, 0x00, 0x00,
    0x00, 0x00, 0x00, 0x00, 0x00, 0x00, 0x00, 0x00, 0x00, 0x00, 0x00, 0x00, 0x00, 0x00, 0x38, 0x00,
    0x01, 0xBF, 0xCF, 0x1E, 0x00, 0x00, 0x00, 0x00, 0x07, 0x80, 0xFF, 0xC0, 0x72, 0x12, 0x48, 0x49,
    0x21, 0x26, 0xC8, 0x49, 0x21, 0x22, 0x84, 0x8B, 0x26, 0x24, 0x88, 0x8A, 0x12, 0x2C, 0x48, 0x92,
    0x22, 0x28, 0x48, 0xF9, 0xF0, 0x03, 0x80, 0x00, 0x00, 0x00, 0xE0, 0x00, 0x00, 0x00, 0x00, 0x00,
    0x00, 0x00, 0x00, 0x00, 0x00, 0x00, 0x00, 0x00, 0x00, 0x00, 0x00, 0x00, 0x00, 0x00, 0x00, 0x00,
    0x00, 0x00, 0x00, 0x00, 0x00, 0x00, 0x7F, 0xFF, 0xF0, 0x00, 0x1F, 0x80, 0x00, 0x00, 0x00, 0x00,
    0x01, 0xFF, 0x00, 0x00, 0x00, 0x00, 0x00, 0x00, 0x00, 0x00, 0x00, 0x00, 0x00, 0xE0, 0x00, 0x00,
    0x00, 0x00, 0x38, 0x00, 0x01, 0x8A, 0x4F, 0x0F, 0x00, 0x00, 0x00, 0x00, 0x03, 0xC0, 0xFF, 0xE0,
    0x2C, 0x8C, 0x33, 0x32, 0xC4, 0xC5, 0x32, 0x30, 0xCC, 0xC1, 0x23, 0x04, 0xC9, 0x4B, 0x35, 0x04,
    0x8C, 0x12, 0x35, 0x2C, 0x94, 0x92, 0x31, 0xC0, 0x80, 0x00, 0x00, 0x00, 0x00, 0x00, 0x00, 0x00,
    0x00, 0x00, 0x00, 0x00, 0x00, 0x00, 0x00, 0x00, 0x00, 0x00, 0x00, 0x00, 0x00, 0x00, 0x00, 0x00,
    0x00, 0x00, 0x00, 0x00, 0x00, 0x00, 0x00, 0x00, 0x00, 0x00, 0x7F, 0xFF, 0xF0, 0x00, 0x1F, 0x80,
    0x00, 0x00, 0x00, 0x00, 0x03, 0xFF, 0x00, 0x00, 0x00, 0x00, 0x00, 0x00, 0x00, 0x00, 0x00, 0x00,
    0x01, 0xE0, 0x00, 0x00, 0x00, 0x00, 0x18, 0x00, 0x03, 0xD1, 0x17, 0xE7, 0x80, 0x00, 0x00, 0x00,
    0x03, 0xF0, 0xFF, 0xF0, 0x3C, 0x0D, 0xB0, 0x32, 0xC0, 0xC9, 0x32, 0x34, 0xC0, 0xDA, 0xA3, 0x2A,
    0xC0, 0x8B, 0x02, 0x6A, 0x8C, 0xAA, 0x12, 0x2C, 0x08, 0xAA, 0x33, 0x80, 0x00, 0x00, 0x00, 0x00,
    0x00, 0x00, 0x00, 0x00, 0x00, 0x00, 0x00, 0x00, 0x00, 0x00, 0x00, 0x00, 0x00, 0x00, 0x00, 0x00,
    0x00, 0x00, 0x00, 0x00, 0x00, 0x00, 0x00, 0x00, 0x00, 0x00, 0x00, 0x00, 0x00, 0x00, 0x7F, 0xFF,
    0xF0, 0x00, 0x1F, 0x00, 0x00, 0x00, 0x00, 0x00, 0x01, 0xFF, 0x00, 0x00, 0x00, 0x00, 0x00, 0x00,
    0x00, 0x00, 0x00, 0x00, 0x01, 0xE0, 0x00, 0x00, 0x00, 0x00, 0x18, 0x00, 0x03, 0x20, 0xA7, 0xF3,
    0xC0, 0x00, 0x00, 0x00, 0x01, 0xF8, 0x7F, 0xF8, 0x3E, 0x12, 0x48, 0x49, 0x31, 0x34, 0xC8, 0x49,
    0x21, 0x24, 0x44, 0xD1, 0x23, 0x44, 0x85, 0x11, 0x13, 0x44, 0x0D, 0x12, 0x14, 0x44, 0x49, 0x80,
    0x00, 0x00, 0x00, 0x00, 0x00, 0x00, 0x00, 0x00, 0x00, 0x00, 0x00, 0x00, 0x00, 0x00, 0x00, 0x00,
    0x00, 0x00, 0x00, 0x00, 0x00, 0x00, 0x00, 0x00, 0x00, 0x00, 0x00, 0x00, 0x00, 0x00, 0x00, 0x00,
    0x00, 0x00, 0x7F, 0xFF, 0xE0, 0x00, 0x0E, 0x00, 0x00, 0x00, 0x00, 0x00, 0x00, 0xFF, 0x00, 0x00,
    0x00, 0x00, 0x00, 0x00, 0x00, 0x00, 0x00, 0x00, 0x01, 0xE0, 0x00, 0x00, 0x00, 0x00, 0x18, 0x00,
    0x06, 0x52, 0x49, 0xB1, 0xF0, 0x00, 0x00, 0x00, 0x00, 0xFC, 0x7F, 0xFC, 0x1F, 0x21, 0x84, 0x86,
    0x52, 0x38, 0x84, 0x86, 0x12, 0x18, 0x28, 0x62, 0xD2, 0x29, 0x48, 0xA0, 0xA1, 0x82, 0xCD, 0xA5,
    0x22, 0x92, 0x87, 0x00, 0x00, 0xF0, 0x00, 0x00, 0x00, 0x00, 0x00, 0x00, 0x00, 0x00, 0x00, 0x00,
    0x00, 0x00, 0x00, 0x00, 0x00, 0x00, 0x00, 0x00, 0x00, 0x00, 0x00, 0x00, 0x00, 0x00, 0x00, 0x00,
    0x00, 0x00, 0x00, 0x00, 0x00, 0x00, 0x78, 0x00, 0x00, 0x00, 0x00, 0x00, 0x00, 0x00, 0x00, 0x00,
    0x00, 0x0F, 0x00, 0x00, 0x00, 0x00, 0x00, 0x00, 0x00, 0x00, 0x00, 0x00, 0x01, 0xE0, 0x00, 0x00,
    0x00, 0x00, 0x38, 0x00, 0x06, 0x88, 0xA2, 0x60, 0xF8, 0x00, 0x00, 0x00, 0x00, 0x3F, 0x3F, 0xFF,
    0x1F, 0xCD, 0xB3, 0x36, 0x4C, 0x49, 0x23, 0x26, 0xCC, 0xD9, 0x12, 0x64, 0x4C, 0x91, 0x33, 0x4C,
    0x49, 0x91, 0x32, 0x44, 0xCD, 0x11, 0x27, 0x00, 0x07, 0xF8, 0x00, 0x00, 0x00, 0x00, 0x00, 0x00,
    0x00, 0x00, 0x00, 0x00, 0x00, 0x00, 0x00, 0x00, 0x00, 0x00, 0x00, 0x00, 0x00, 0x00, 0x00, 0x00,
    0x00, 0x00, 0x00, 0x00, 0x00, 0x00, 0x00, 0x00, 0x00, 0x00, 0x78, 0x00, 0x00, 0x00, 0x00, 0x00,
    0x00, 0x00, 0x00, 0x00, 0x00, 0x0F, 0x00, 0x00, 0x00, 0x00, 0x00, 0x00, 0x00, 0x00, 0x00, 0x00,
    0x01, 0xE0, 0x00, 0x00, 0x00, 0x00, 0x38, 0x00, 0x07, 0x8D, 0xB2, 0x63, 0x3E, 0x00, 0x00, 0x00,
    0x00, 0x1F, 0x9F, 0xFF, 0xE2, 0xC2, 0x43, 0x09, 0x0C, 0xA6, 0x03, 0x29, 0x0C, 0x24, 0x2A, 0x98,
    0x2C, 0x68, 0x30, 0xA0, 0xAA, 0x60, 0xA1, 0xA0, 0xC2, 0x82, 0xAB, 0x00, 0x3F, 0xFC, 0x00, 0x00,
    0x00, 0x00, 0x00, 0x00, 0x00, 0x00, 0x00, 0x00, 0x00, 0x00, 0x00, 0x00, 0x00, 0x00, 0x00, 0x00,
    0x00, 0x00, 0x00, 0x00, 0x00, 0x00, 0x00, 0x00, 0x00, 0x00, 0x00, 0x00, 0x00, 0x00, 0x78, 0x00,
    0x00, 0x00, 0x00, 0x00, 0x00, 0x00, 0x00, 0x00, 0x00, 0x0F, 0x00, 0x00, 0x00, 0x00, 0x00, 0x00,
    0x00, 0x00, 0x00, 0x00, 0x01, 0xE0, 0x00, 0x00, 0x00, 0x00, 0x38, 0x00, 0x0F, 0x02, 0x48, 0xC7,
    0xFF, 0x00, 0x00, 0x00, 0x00, 0x0F, 0xEF, 0xFF, 0xFC, 0x24, 0x24, 0x90, 0x9B, 0x06, 0xCC, 0x90,
    0x92, 0x42, 0x45, 0x9B, 0x12, 0x44, 0x49, 0x11, 0x14, 0x24, 0x49, 0x91, 0x24, 0x44, 0x56, 0x00,
    0x7F, 0x1C, 0x00, 0x00, 0x00, 0x00, 0x00, 0x00, 0x00, 0x00, 0x00, 0x00, 0x00, 0x00, 0x00, 0x00,
    0x00, 0x00, 0x00, 0x00, 0x00, 0x00, 0x00, 0x00, 0x00, 0x00, 0x00, 0x00, 0x00, 0x00, 0x00, 0x00,
    0x00, 0x00, 0x78, 0x00, 0x00, 0x00, 0x00, 0x00, 0x00, 0x00, 0x00, 0x00, 0x00, 0x0F, 0x00, 0x00,
    0x00, 0x00, 0x00, 0x00, 0x00, 0x00, 0x00, 0x00, 0x01, 0xE0, 0x00, 0x00, 0x00, 0x00, 0x70, 0x00,
    0x1C, 0xA5, 0x14, 0xCF, 0xFF, 0xC0, 0x00, 0x00, 0x00, 0x07, 0xFF, 0xFF, 0xFF, 0x89, 0x98, 0x62,
    0x67, 0x89, 0x08, 0x64, 0x61, 0x99, 0x82, 0x64, 0x2D, 0x92, 0x86, 0x6A, 0x09, 0x18, 0xB6, 0x4A,
    0x59, 0xA9, 0xFE, 0x00, 0xF8, 0x0C, 0x00, 0x00, 0x00, 0x00, 0x00, 0x00, 0x00, 0x00, 0x00, 0x00,
    0x00, 0x00, 0x00, 0x00, 0x00, 0x00, 0x00, 0x00, 0x00, 0x00, 0x00, 0x00, 0x00, 0x00, 0x00, 0x00,
    0x00, 0x00, 0x00, 0x00, 0x00, 0x00, 0x78, 0x00, 0x00, 0x01, 0xFF, 0x00, 0x00, 0x70, 0x7F, 0x00,
    0x00, 0x0F, 0x00, 0x00, 0x07, 0xFF, 0x00, 0x07, 0x0F, 0xF0, 0x00, 0x07, 0xF9, 0xE0, 0x00, 0x00,
    0x00, 0x00, 0x70, 0x00, 0x38, 0x49, 0x93, 0x8C, 0xCF, 0xE0, 0x00, 0x00, 0x00, 0x01, 0xF9, 0xFF,
    0xFF, 0xF0, 0x1B, 0x60, 0x64, 0x90, 0x92, 0x64, 0x6D, 0x81, 0x95, 0x42, 0x45, 0x81, 0x16, 0x04,
    0x55, 0x09, 0x14, 0x24, 0x58, 0x13, 0xFC, 0x00, 0xE0, 0x00, 0x00, 0x00, 0x00, 0x00, 0x00, 0x00,
    0x00, 0x00, 0x00, 0x00, 0x00, 0x00, 0x00, 0x00, 0x00, 0x00, 0x00, 0x00, 0x00, 0x00, 0x00, 0x00,
    0x00, 0x00, 0x00, 0x00, 0x00, 0x00, 0x00, 0x00, 0x00, 0x00, 0x7F, 0xFE, 0x00, 0x01, 0xFF, 0x80,
    0x00, 0x79, 0xFF, 0xC0, 0x00, 0x0F, 0x00, 0x00, 0x0F, 0xFF, 0x80, 0x0F, 0x3F, 0xF8, 0x00, 0x1F,
    0xFD, 0xE0, 0x00, 0x00, 0x00, 0x00, 0xE0, 0x00, 0x34, 0x38, 0x43, 0xBA, 0x13, 0xF8, 0x00, 0x00,
    0x00, 0x00, 0x78, 0xFF, 0xFF, 0xFE, 0x24, 0x90, 0x9B, 0x66, 0x61, 0x90, 0x92, 0x42, 0x48, 0x91,
    0x82, 0x42, 0x89, 0x0A, 0x22, 0x06, 0x09, 0x1A, 0x24, 0x2F, 0x00, 0x01, 0xE0, 0x00, 0x00, 0x00,
    0x00, 0x00, 0x00, 0x00, 0x00, 0x00, 0x00, 0x00, 0x00, 0x00, 0x00, 0x00, 0x00, 0x00, 0x00, 0x00,
    0x00, 0x00, 0x00, 0x00, 0x00, 0x00, 0x00, 0x00, 0x00, 0x00, 0x00, 0x00, 0x00, 0x00, 0x7F, 0xFF,
    0x00, 0x01, 0xFF, 0x80, 0x00, 0x7F, 0xFF, 0xE0, 0x00, 0x0F, 0x00, 0x00, 0x0F, 0xFF, 0xC0, 0x0F,
    0x7F, 0xFC, 0x00, 0x3F, 0xFF, 0xE0, 0x00, 0x00, 0x00, 0x01, 0xE0, 0x00, 0x33, 0x34, 0x27, 0xF9,
    0x21, 0xFE, 0x00, 0x00, 0x00, 0x00, 0x78, 0x7F, 0xFF, 0xFF, 0xC3, 0x09, 0x1C, 0x60, 0x6D, 0x09,
    0x0C, 0x24, 0x31, 0x41, 0xB5, 0x24, 0x50, 0x91, 0x41, 0x66, 0xD4, 0x19, 0x42, 0x46, 0x00, 0x03,
    0xC0, 0x00, 0x00, 0x00, 0x00, 0x00, 0x00, 0x00, 0x00, 0x00, 0x00, 0x00, 0x00, 0x00, 0x00, 0x00,
    0x00, 0x00, 0x00, 0x00, 0x00, 0x00, 0x00, 0x00, 0x00, 0x00, 0x00, 0x00, 0x00, 0x00, 0x00, 0x00,
    0x00, 0x00, 0x7F, 0xFF, 0x80, 0x00, 0xFF, 0x80, 0x00, 0x7F, 0xFF, 0xE0, 0x00, 0x0F, 0x00, 0x00,
    0x07, 0xFF, 0xE0, 0x0F, 0xFF, 0xFE, 0x00, 0x7F, 0xFF, 0xE0, 0x00, 0x00, 0x00, 0x07, 0xC0, 0x00,
    0x25, 0x49, 0x1B, 0xE4, 0xC0, 0xDF, 0x00, 0x00, 0x00, 0x00, 0xF0, 0x1F, 0xFF, 0xFF, 0xF8, 0x66,
    0x24, 0x90, 0x92, 0x46, 0x0D, 0x98, 0xB2, 0x22, 0x48, 0x99, 0xA2, 0x66, 0x88, 0x89, 0x22, 0x64,
    0x89, 0x9C, 0x00, 0x03, 0x80, 0x00, 0x00, 0x00, 0x00, 0x00, 0x00, 0x00, 0x00, 0x00, 0x00, 0x00,
    0x00, 0x00, 0x00, 0x00, 0x00, 0x00, 0x00, 0x00, 0x00, 0x00, 0x00, 0x00, 0x00, 0x00, 0x00, 0x00,
    0x00, 0x00, 0x00, 0x00, 0x00, 0x00, 0x7F, 0xFF, 0x00, 0x00, 0x0F, 0x80, 0x00, 0x7F, 0xC1, 0xE0,
    0x00, 0x0F, 0x00, 0x00, 0x00, 0x01, 0xE0, 0x0F, 0xF8, 0x1E, 0x00, 0xFC, 0x0F, 0xE0, 0x00, 0x00,
    0x00, 0x0F, 0x80, 0x00, 0x24, 0x85, 0x18, 0x64, 0xCC, 0xCF, 0xC0, 0x00, 0x00, 0x00, 0x70, 0x07,
    0xFF, 0xFF, 0xFF, 0x06, 0x53, 0x29, 0x0C, 0x06, 0x52, 0x18, 0x4C, 0x14, 0x30, 0x58, 0x50, 0x61,
    0x40, 0x50, 0xC1, 0x43, 0x41, 0x9C, 0x00, 0x03, 0x80, 0x00, 0x00, 0x00, 0x00, 0x00, 0x00, 0x00,
    0x00, 0x00, 0x00, 0x00, 0x00, 0x00, 0x00, 0x00, 0x00, 0x00, 0x00, 0x00, 0x00, 0x00, 0x00, 0x00,
    0x00, 0x00, 0x00, 0x00, 0x00, 0x00, 0x00, 0x00, 0x00, 0x00, 0x78, 0x00, 0x00, 0x00, 0x0F, 0x80,
    0x00, 0x7F, 0x01, 0xF0, 0x00, 0x0F, 0x00, 0x00, 0x00, 0x01, 0xE0, 0x0F, 0xF0, 0x1E, 0x00, 0xF8,
    0x07, 0xE0, 0x00, 0x00, 0x00, 0x3E, 0x00, 0x00, 0x31, 0x66, 0x2C, 0x91, 0x21, 0x63, 0xE0, 0x00,
    0x00, 0x00, 0x00, 0x00, 0xFF, 0xFF, 0xFF, 0xE1, 0x83, 0x06, 0x6C, 0x89, 0x21, 0x24, 0x8D, 0x89,
    0x36, 0x24, 0xC8, 0x92, 0x22, 0x24, 0xD8, 0x93, 0x22, 0x4C, 0x00, 0x07, 0x00, 0x00, 0x00, 0x00,
    0x00, 0x00, 0x00, 0x00, 0x00, 0x00, 0x00, 0x00, 0x00, 0x00, 0x00, 0x00, 0x00, 0x00, 0x00, 0x00,
    0x00, 0x00, 0x00, 0x00, 0x00, 0x00, 0x00, 0x00, 0x00, 0x00, 0x00, 0x00, 0x00, 0x00, 0x78, 0x00,
    0x00, 0x00, 0x0F, 0x80, 0x00, 0x7E, 0x01, 0xF0, 0x00, 0x0F, 0x00, 0x00, 0x00, 0x01, 0xE0, 0x0F,
    0xC0, 0x1E, 0x00, 0xF0, 0x03, 0xE0, 0x00, 0x00, 0x00, 0x7C, 0x00, 0x00, 0x32, 0xA1, 0x43, 0x2A,
    0x12, 0x70, 0xF8, 0x00, 0x00, 0x00, 0x00, 0x00, 0x1F, 0xFF, 0xFF, 0xFC, 0x04, 0x86, 0x12, 0x18,
    0xC0, 0xC7, 0x12, 0x14, 0x48, 0x53, 0x35, 0x1C, 0xD0, 0x51, 0x21, 0x44, 0xD4, 0x3F, 0x00, 0x07,
    0x00, 0x00, 0x00, 0x00, 0x00, 0x00, 0x00, 0x00, 0x00, 0x00, 0x00, 0x00, 0x00, 0x00, 0x00, 0x00,
    0x00, 0x00, 0x00, 0x00, 0x00, 0x00, 0x00, 0x00, 0x00, 0x00, 0x00, 0x00, 0x00, 0x00, 0x00, 0x00,
    0x00, 0x00, 0x78, 0x00, 0x00, 0x00, 0x0F, 0x80, 0x00, 0x78, 0x00, 0xF0, 0x00, 0x0F, 0x00, 0x00,
    0x00, 0x01, 0xE0, 0x0F, 0x80, 0x1E, 0x00, 0xF0, 0x01, 0xE0, 0x00, 0x00, 0x01, 0xF0, 0x00, 0x00,
    0x3C, 0x90, 0xA3, 0x24, 0x4D, 0xB8, 0x7C, 0x00, 0x00, 0x00, 0x00, 0x00, 0x03, 0xFF, 0xFF, 0xFF,
    0x88, 0x49, 0x21, 0x26, 0xC8, 0xDB, 0x21, 0x22, 0x84, 0x8B, 0x02, 0x2C, 0x08, 0x8A, 0x12, 0x2C,
    0x48, 0xBF, 0xFF, 0xE7, 0x80, 0x00, 0x00, 0x00, 0x00, 0x00, 0x00, 0x00, 0x00, 0x00, 0x00, 0x00,
    0x00, 0x00, 0x00, 0x00, 0x00, 0x00, 0x00, 0x00, 0x00, 0x00, 0x00, 0x00, 0x00, 0x00, 0x00, 0x00,
    0x00, 0x00, 0x00, 0x00, 0x00, 0x00, 0x78, 0x00, 0x00, 0x00, 0x0F, 0x80, 0x00, 0x78, 0x00, 0xF0,
    0x00, 0x0F, 0x00, 0x00, 0x0F, 0xFF, 0xE0, 0x0F, 0x00, 0x1E, 0x00, 0xF0, 0x01, 0xE0, 0x00, 0x00,
    0x03, 0xE0, 0x00, 0x00, 0x3C, 0x29, 0x44, 0x8A, 0x4C, 0x38, 0x1F, 0x00, 0x00, 0x00, 0x00, 0x00,
    0x00, 0x7F, 0xFF, 0xFF, 0xE3, 0x32, 0xCC, 0xC1, 0x21, 0x24, 0xC8, 0xC1, 0x23, 0x04, 0x85, 0x12,
    0x15, 0x04, 0x8C, 0x12, 0x34, 0x5C, 0xFD, 0xE7, 0x80, 0x00, 0x00, 0x00, 0x00, 0x00, 0x00, 0x00,
    0x00, 0x00, 0x00, 0x00, 0x00, 0x00, 0x00, 0x00, 0x00, 0x00, 0x00, 0x00, 0x00, 0x00, 0x00, 0x00,
    0x00, 0x00, 0x00, 0x00, 0x00, 0x00, 0x00, 0x00, 0x00, 0x00, 0x78, 0x00, 0x00, 0x00, 0x0F, 0x80,
    0x00, 0x78, 0x00, 0xF0, 0x00, 0x0F, 0x00, 0x00, 0x3F, 0xFF, 0xE0, 0x0F, 0x00, 0x1E, 0x00, 0xF0,
    0x01, 0xE0, 0x00, 0x00, 0x0F, 0x80, 0x00, 0x00, 0x1A, 0x06, 0x28, 0x51, 0x12, 0x58, 0x0F, 0x80,
    0x00, 0x00, 0x00, 0x00, 0x00, 0x0F, 0xFF, 0xFF, 0xF8, 0x32, 0xC0, 0xCB, 0x32, 0x3C, 0xC0, 0xDA,
    0xA3, 0x2A, 0xCC, 0xA3, 0x12, 0x6A, 0x8D, 0xAA, 0x32, 0xBC, 0xC8, 0xE3, 0x80, 0x00, 0x00, 0x00,
    0x00, 0x00, 0x00, 0x00, 0x00, 0x00, 0x00, 0x00, 0x00, 0x00, 0x00, 0x00, 0x00, 0x00, 0x00, 0x00,
    0x00, 0x00, 0x00, 0x00, 0x00, 0x00, 0x00, 0x00, 0x00, 0x00, 0x00, 0x00, 0x00, 0x00, 0x78, 0x00,
    0x00, 0x00, 0x0F, 0x80, 0x00, 0x78, 0x00, 0xF0, 0x00, 0x0F, 0x00, 0x00, 0x7F, 0xFF, 0xE0, 0x0F,
    0x00, 0x1E, 0x00, 0xF0, 0x01, 0xE0, 0x00, 0x00, 0x9F, 0x00, 0x00, 0x00, 0x19, 0x8F, 0x12, 0x22,
    0xA9, 0x9C, 0x03, 0xC0, 0x00, 0x00, 0x00, 0x00, 0x00, 0x19, 0xFF, 0xFF, 0xFC, 0x49, 0x21, 0x24,
    0xCC, 0x1B, 0x21, 0x24, 0x44, 0x91, 0x33, 0x44, 0x85, 0x11, 0x12, 0x44, 0x4D, 0x3B, 0x34, 0x63,
    0x80, 0x00, 0x00, 0x00, 0x00, 0x00, 0x00, 0x00, 0x00, 0x00, 0x00, 0x00, 0x00, 0x00, 0x00, 0x00,
    0x00, 0x00, 0x00, 0x00, 0x00, 0x00, 0x00, 0x00, 0x00, 0x00, 0x00, 0x00, 0x00, 0x00, 0x00, 0x00,
    0x00, 0x00, 0x78, 0x00, 0x00, 0x00, 0x0F, 0x80, 0x00, 0x78, 0x00, 0xF0, 0x00, 0x0F, 0x00, 0x00,
    0x7F, 0xFF, 0xE0, 0x0F, 0x00, 0x1E, 0x00, 0xF0, 0x01, 0xE0, 0x00, 0x00, 0xFC, 0x00, 0x00, 0x00,
    0x18, 0x89, 0x2A, 0x52, 0x49, 0x9C, 0x01, 0xE0, 0x00, 0x00, 0x00, 0x00, 0x00, 0x03, 0x3F, 0xFF,
    0xFE, 0x9F, 0xD2, 0x18, 0x0C, 0xA6, 0x12, 0x18, 0x28, 0x60, 0xB0, 0xA0, 0xC8, 0xA0, 0xA1, 0x82,
    0xC2, 0x9F, 0x22, 0xE3, 0x80, 0x00, 0x00, 0x00, 0x00, 0x00, 0x00, 0x00, 0x00, 0x00, 0x00, 0x00,
    0x00, 0x00, 0x00, 0x00, 0x00, 0x00, 0x00, 0x00, 0x00, 0x00, 0x00, 0x00, 0x00, 0x00, 0x00, 0x00,
    0x00, 0x00, 0x00, 0x00, 0x00, 0x00, 0x78, 0x00, 0x00, 0x00, 0x0F, 0x80, 0x00, 0x78, 0x00, 0xF0,
    0x00, 0x0F, 0x00, 0x00, 0xF8, 0x01, 0xE0, 0x0F, 0x00, 0x1E, 0x00, 0xF0, 0x01, 0xE0, 0x00, 0x00,
    0xF8, 0x00, 0x00, 0x00, 0x0E, 0x56, 0xCC, 0x88, 0xA2, 0x4C, 0x00, 0xE0, 0x00, 0x00, 0x00, 0x00,
    0x00, 0x00, 0xE7, 0xFF, 0xFF, 0x3F, 0xFC, 0x59, 0x12, 0x46, 0x8C, 0xDB, 0x12, 0x64, 0x49, 0x91,
    0x32, 0x4C, 0x49, 0x91, 0x26, 0x5C, 0xC9, 0x63, 0x80, 0x00, 0x00, 0x00, 0x00, 0x00, 0x00, 0x00,
    0x00, 0x00, 0x00, 0x00, 0x00, 0x00, 0x00, 0x00, 0x00, 0x00, 0x00, 0x00, 0x00, 0x00, 0x00, 0x00,
    0x00, 0x00, 0x00, 0x00, 0x00, 0x00, 0x00, 0x00, 0x00, 0x00, 0x78, 0x00, 0x00, 0x00, 0x0F, 0x80,
    0x00, 0x78, 0x00, 0xF0, 0x00, 0x0F, 0x00, 0x00, 0xF0, 0x01, 0xE0, 0x0F, 0x00, 0x1E, 0x00, 0xF0,
    0x01, 0xE0, 0x00, 0x00, 0x7C, 0x00, 0x00, 0x00, 0x0F, 0x21, 0xC3, 0x05, 0x14, 0x24, 0x00, 0xF0,
    0x00, 0x00, 0x00, 0x00, 0x00, 0x00, 0x3C, 0xFF, 0xFF, 0x99, 0xFE, 0x26, 0x33, 0x89, 0x0C, 0x24,
    0x2A, 0x90, 0xAE, 0x68, 0x30, 0xA0, 0xAA, 0x42, 0xA9, 0xF8, 0xC2, 0xE3, 0x80, 0x00, 0x00, 0x00,
    0x00, 0x00, 0x00, 0x00, 0x00, 0x00, 0x1F, 0x00, 0x00, 0x00, 0x00, 0x00, 0x00, 0x00, 0x00, 0x00,
    0x00, 0x00, 0x00, 0x00, 0x00, 0x00, 0x00, 0x00, 0x00, 0x00, 0x00, 0x00, 0x00, 0x00, 0x78, 0x00,
    0x00, 0x00, 0x0F, 0x80, 0x00, 0x78, 0x00, 0xF0, 0x00, 0x0F, 0x00, 0x00, 0xF0, 0x01, 0xF0, 0x0F,
    0x00, 0x1E, 0x00, 0xF0, 0x01, 0xE0, 0x00, 0x00, 0x3E, 0x00, 0x00, 0x00, 0x07, 0xD1, 0x23, 0x02,
    0x48, 0x1E, 0x01, 0xF0, 0x00, 0x03, 0xFE, 0x00, 0x00, 0x0C, 0x07, 0x9F, 0xFF, 0xDE, 0x9F, 0xE2,
    0x4D, 0x90, 0x92, 0x42, 0x45, 0x09, 0x16, 0x04, 0x49, 0x11, 0x14, 0x24, 0x59, 0xF1, 0x24, 0x67,
    0x00, 0x00, 0x00, 0x00, 0x00, 0x00, 0x00, 0x00, 0x00, 0x00, 0xFF, 0xE0, 0x00, 0x00, 0x00, 0x00,
    0x00, 0x00, 0x00, 0x00, 0x00, 0x00, 0x00, 0x00, 0x00, 0x00, 0x00, 0x00, 0x00, 0x00, 0x00, 0x00,
    0x00, 0x00, 0x78, 0x00, 0x00, 0x00, 0x0F, 0x80, 0x00, 0x78, 0x00, 0xF0, 0x00, 0x0F, 0x00, 0x00,
    0xF0, 0x01, 0xF0, 0x0F, 0x00, 0x1E, 0x00, 0xF0, 0x07, 0xE0, 0x00, 0x00, 0x0E, 0x00, 0x00, 0x00,
    0x00, 0xFA, 0x54, 0xA5, 0x14, 0x9E, 0x03, 0xF0, 0x01, 0xFF, 0xFF, 0xFF, 0xFC, 0x0E, 0x00, 0xE3,
    0xFF, 0xEF, 0xE7, 0xF9, 0x82, 0x64, 0x61, 0x99, 0x82, 0x46, 0x09, 0x0A, 0x96, 0x6A, 0x09, 0x18,
    0x27, 0xEA, 0x59, 0x67, 0x00, 0x00, 0x00, 0x01, 0xC0, 0x00, 0x00, 0x00, 0x00, 0x03, 0xFF, 0xF0,
    0x00, 0x00, 0x00, 0x00, 0x00, 0x00, 0x00, 0x00, 0x00, 0x00, 0x00, 0x00, 0x00, 0x00, 0x00, 0x00,
    0x00, 0x00, 0x00, 0x00, 0x00, 0x00, 0x78, 0x00, 0x00, 0x00, 0x0F, 0x80, 0x00, 0x78, 0x00, 0xF0,
    0x00, 0x0F, 0x00, 0x00, 0xF8, 0x07, 0xF0, 0x0F, 0x00, 0x1E, 0x00, 0xF8, 0x0F, 0xE0, 0x00, 0x00,
    0x07, 0x00, 0x00, 0x00, 0x00, 0x1E, 0x08, 0x48, 0xA2, 0x26, 0x0F, 0xF8, 0x3F, 0xFF, 0xFF, 0xFF,
    0xFE, 0x0E, 0x00, 0x0C, 0xFF, 0xF7, 0xFD, 0xF9, 0x96, 0x64, 0x69, 0x81, 0xB5, 0x46, 0x55, 0x89,
    0x16, 0x04, 0xD5, 0x19, 0x5F, 0xE4, 0x7F, 0xE7, 0x00, 0x00, 0x00, 0x03, 0xFF, 0x80, 0x00, 0x00,
    0x00, 0x0F, 0xE0, 0xF8, 0x00, 0x00, 0x00, 0x00, 0x00, 0x00, 0x00, 0x00, 0x00, 0x00, 0x00, 0x00,
    0x00, 0x00, 0x00, 0x00, 0x00, 0x00, 0x00, 0x00, 0x00, 0x00, 0x78, 0x00, 0x00, 0x00, 0x0F, 0x80,
    0x00, 0x78, 0x00, 0xF0, 0x00, 0x0F, 0x00, 0x00, 0x7C, 0x0F, 0xF0, 0x0F, 0x00, 0x1E, 0x00, 0x7E,
    0x1F, 0xE0, 0x00, 0x00, 0x07, 0x80, 0x00, 0x00, 0x00, 0x07, 0x94, 0x30, 0x41, 0x4C, 0x3F, 0x3F,
    0xFF, 0xF8, 0x78, 0x1F, 0xFF, 0x0F, 0x00, 0x01, 0x7F, 0xF8, 0xFF, 0xFE, 0x69, 0x90, 0x92, 0x42,
    0x48, 0x89, 0xA2, 0x46, 0x89, 0x0A, 0x23, 0xFF, 0xFC, 0xDF, 0xFF, 0xC7, 0x00, 0x00, 0x00, 0x0F,
    0xFF, 0xF0, 0x00, 0x00, 0x00, 0x3F, 0x00, 0x38, 0x00, 0x00, 0x00, 0x00, 0x00, 0x00, 0x00, 0x00,
    0x00, 0x00, 0x00, 0x00, 0x00, 0x00, 0x00, 0x00, 0x00, 0x00, 0x00, 0x00, 0x00, 0x00, 0x78, 0x00,
    0x00, 0x01, 0xFF, 0xFC, 0x00, 0x78, 0x00, 0xF0, 0x01, 0xFF, 0xF8, 0x00, 0x7F, 0xFF, 0xF0, 0x0F,
    0x00, 0x1E, 0x00, 0x7F, 0xFF, 0xE0, 0x00, 0x00, 0x03, 0x80, 0x00, 0x00, 0x00, 0x01, 0xFF, 0xB4,
    0xA4, 0x9D, 0xFE, 0x7F, 0xFC, 0x00, 0x70, 0x1C, 0x0F, 0xC7, 0xC0, 0x00, 0x3F, 0xFC, 0x1F, 0xFC,
    0x31, 0x09, 0x0C, 0x24, 0x30, 0x50, 0xC1, 0x64, 0xD2, 0x91, 0x43, 0xFF, 0xF3, 0xFF, 0xF8, 0x0E,
    0x00, 0x00, 0x00, 0x7F, 0x0F, 0xFE, 0x00, 0x00, 0x00, 0xFE, 0x00, 0x38, 0x00, 0x00, 0x00, 0x00,
    0x00, 0x00, 0x00, 0x00, 0x00, 0x00, 0x00, 0x00, 0x00, 0x00, 0x00, 0x00, 0x00, 0x00, 0x00, 0x00,
    0x00, 0x00, 0x78, 0x00, 0x00, 0x01, 0xFF, 0xFC, 0x00, 0x78, 0x00, 0xF0, 0x01, 0xFF, 0xFC, 0x00,
    0x3F, 0xFF, 0xF0, 0x0F, 0x00, 0x1F, 0x00, 0x3F, 0xFF, 0xE0, 0x00, 0x00, 0x03, 0xC0, 0x00, 0x00,
    0x00, 0x00, 0x7F, 0xF9, 0x11, 0x4F, 0xFB, 0xFF, 0xC0, 0x00, 0xE0, 0x1E, 0x07, 0xE3, 0xE0, 0x00,
    0x1F, 0xFF, 0x03, 0xDF, 0xB2, 0x46, 0x4D, 0x99, 0xB6, 0x24, 0xC8, 0x99, 0x22, 0x66, 0x9E, 0x00,
    0x07, 0xFF, 0xFC, 0x0F, 0x00, 0x00, 0x01, 0xFC, 0x00, 0x7F, 0x80, 0x00, 0x03, 0xF8, 0x00, 0x1C,
    0x00, 0x00, 0x00, 0x00, 0x00, 0x00, 0x00, 0x00, 0x00, 0x00, 0x00, 0x00, 0x00, 0x00, 0x00, 0x00,
    0x00, 0x00, 0x00, 0x00, 0x00, 0x00, 0x78, 0x00, 0x00, 0x01, 0xFF, 0xFC, 0x00, 0x78, 0x00, 0xF0,
    0x01, 0xFF, 0xFC, 0x00, 0x1F, 0xFE, 0xE0, 0x0F, 0x00, 0x0E, 0x00, 0x0F, 0xF9, 0xE0, 0x00, 0x00,
    0x01, 0xC0, 0x00, 0x00, 0x00, 0x00, 0x00, 0x7F, 0x0A, 0x7F, 0xFF, 0xFC, 0x00, 0x01, 0xE0, 0x0E,
    0x03, 0xFF, 0xF0, 0x00, 0x0F, 0xFF, 0xFC, 0x7F, 0xEC, 0x06, 0x52, 0x18, 0x48, 0x55, 0x30, 0x58,
    0xD0, 0x61, 0x4E, 0x00, 0x07, 0xFF, 0xFC, 0x1F, 0xFE, 0x00, 0x07, 0xF0, 0x00, 0x0F, 0xE0, 0x00,
    0x07, 0xC0, 0x00, 0x1C, 0x00, 0x00, 0x00, 0x00, 0x00, 0x00, 0x00, 0x00, 0x00, 0x00, 0x00, 0x00,
    0x00, 0x00, 0x00, 0x00, 0x00, 0x00, 0x00, 0x00, 0x00, 0x00, 0x30, 0x00, 0x00, 0x00, 0xFF, 0xF8,
    0x00, 0x30, 0x00, 0x60, 0x00, 0xFF, 0xF8, 0x00, 0x07, 0xF8, 0x60, 0x06, 0x00, 0x04, 0x00, 0x03,
    0xF0, 0xC0, 0x00, 0x00, 0x01, 0xE0, 0x00, 0x00, 0x00, 0x00, 0x00, 0x0E, 0x04, 0xFE, 0x7F, 0x80,
    0x00, 0x01, 0xC0, 0x0E, 0x00, 0x7F, 0xFC, 0x00, 0x07, 0xFF, 0xFF, 0x97, 0xFD, 0x99, 0x21, 0x24,
    0x84, 0x8B, 0x12, 0x24, 0x88, 0x92, 0x2C, 0x00, 0x07, 0x80, 0x7C, 0x3F, 0xFF, 0x00, 0x7F, 0xC0,
    0x00, 0x03, 0xF0, 0x00, 0x0F, 0x00, 0x00, 0x1C, 0x00, 0x00, 0x00, 0x00, 0x00, 0x00, 0x00, 0x00,
    0x00, 0x00, 0x00, 0x00, 0x00, 0x00, 0x00, 0x00, 0x00, 0x00, 0x00, 0x00, 0x00, 0x00, 0x00, 0x00,
    0x00, 0x00, 0x00, 0x00, 0x00, 0x00, 0x00, 0x00, 0x00, 0x00, 0x00, 0x00, 0x00, 0x00, 0x00, 0x00,
    0x00, 0x00, 0x00, 0x00, 0x00, 0x00, 0x00, 0x00, 0x00, 0xE0, 0x00, 0x00, 0x00, 0x00, 0x00, 0x07,
    0x4B, 0xDE, 0xFC, 0x00, 0x00, 0x03, 0x80, 0x1E, 0x00, 0x3F, 0xFE, 0x00, 0x03, 0xFF, 0xFF, 0xF3,
    0xFF, 0x10, 0xC8, 0xC3, 0x33, 0x04, 0x8C, 0x7B, 0x25, 0x2C, 0xD8, 0x00, 0x07, 0x00, 0x1C, 0xF8,
    0xFF, 0x01, 0xFF, 0x00, 0x00, 0x00, 0xF8, 0x00, 0x0E, 0x00, 0x00, 0x1E, 0x00, 0x00, 0x00, 0x00,
    0x00, 0x00, 0x00, 0x00, 0x00, 0x00, 0x00, 0x00, 0x00, 0x00, 0x00, 0x00, 0x00, 0x00, 0x00, 0x00,
    0x00, 0x00, 0x00, 0x00, 0x00, 0x00, 0x00, 0x00, 0x00, 0x00, 0x00, 0x00, 0x00, 0x00, 0x00, 0x00,
    0x00, 0x00, 0x00, 0x00, 0x00, 0x00, 0x00, 0x00, 0x00, 0x00, 0x00, 0x00, 0x00, 0xF0, 0x00, 0x00,
    0x00, 0x00, 0x00, 0x03, 0x9F, 0x7C, 0xE0, 0x00, 0x00, 0x03, 0x80, 0x1C, 0x00, 0x01, 0xFF, 0x00,
    0x01, 0xFF, 0xFF, 0xFD, 0x2F, 0x24, 0xC8, 0xDB, 0x03, 0x2A, 0x84, 0xFB, 0xE2, 0x2C, 0x70, 0x00,
    0x03, 0x80, 0x1F, 0xF0, 0x0F, 0x03, 0xFC, 0x00, 0x00, 0x00, 0x3E, 0x00, 0x0E, 0x00, 0x00, 0x0F,
    0x00, 0x00, 0x00, 0x00, 0x00, 0x00, 0x00, 0x00, 0x00, 0x00, 0x00, 0x00, 0x00, 0x00, 0x00, 0x00,
    0x00, 0x00, 0x00, 0x00, 0x00, 0x00, 0x00, 0x00, 0x00, 0x00, 0x00, 0x00, 0x00, 0x00, 0x00, 0x00,
    0x00, 0x00, 0x00, 0x00, 0x00, 0x00, 0x00, 0x00, 0x00, 0x00, 0x00, 0x00, 0x00, 0x00, 0x00, 0x00,
    0x00, 0x70, 0x00, 0x00, 0x00, 0x00, 0x00, 0x03, 0x7C, 0xF8, 0xE0, 0x00, 0x00, 0x07, 0x00, 0x3C,
    0x00, 0x00, 0x3F, 0xE0, 0x00, 0xFF, 0xFF, 0xFE, 0x4C, 0xC7, 0x21, 0x24, 0x84, 0x91, 0x03, 0xFF,
    0xE5, 0x12, 0xE0, 0x00, 0x03, 0x80, 0x1F, 0xE0, 0x00, 0x03, 0xC0, 0x00, 0x00, 0x00, 0x1E, 0x00,
    0x1C, 0x00, 0x00, 0x1D, 0x80, 0x00, 0x00, 0x00, 0x00, 0x00, 0x00, 0x00, 0x00, 0x00, 0x00, 0x00,
    0x00, 0x00, 0x00, 0x00, 0x00, 0x00, 0x00, 0x00, 0x00, 0x00, 0x00, 0x00, 0x00, 0x00, 0x00, 0x00,
    0x00, 0x00, 0x00, 0x00, 0x00, 0x00, 0x00, 0x00, 0x00, 0x00, 0x00, 0x00, 0x00, 0x00, 0x00, 0x00,
    0x00, 0x00, 0x00, 0x00, 0x00, 0x38, 0x00, 0x00, 0x00, 0x00, 0x00, 0x03, 0xF3, 0xE0, 0xE0, 0x00,
    0x00, 0x0F, 0x00, 0x38, 0x00, 0x00, 0x07, 0xFF, 0xC0, 0x7F, 0xFF, 0xFF, 0xBE, 0xDF, 0x12, 0x18,
    0x48, 0x60, 0xB3, 0xC4, 0x3E, 0xA7, 0xC0, 0x00, 0x07, 0x80, 0x0F, 0xC0, 0x00, 0x3B, 0xC0, 0x00,
    0x00, 0x00, 0x1E, 0x00, 0x1C, 0x00, 0x00, 0x3E, 0x80, 0x00, 0x00, 0x00, 0x00, 0x00, 0x00, 0x00,
    0x00, 0x00, 0x00, 0x00, 0x00, 0x00, 0x00, 0x00, 0x00, 0x00, 0x00, 0x00, 0x00, 0x00, 0x00, 0x00,
    0x00, 0x00, 0x00, 0x00, 0x00, 0x00, 0x00, 0x00, 0x00, 0x00, 0x00, 0x00, 0x00, 0x00, 0x00, 0x00,
    0x00, 0x00, 0x00, 0x00, 0x00, 0x00, 0x00, 0x00, 0x00, 0x38, 0x00, 0x00, 0x00, 0x00, 0x00, 0x01,
    0xC7, 0xC0, 0xE0, 0x00, 0x00, 0x0E, 0x00, 0x70, 0x00, 0x00, 0x01, 0xFF, 0xFF, 0xBF, 0xFF, 0xFF,
    0xEF, 0xFF, 0xCC, 0x1B, 0x33, 0x64, 0x5F, 0x80, 0x1F, 0x4F, 0x00, 0x00, 0x07, 0x80, 0x0F, 0x80,
    0x00, 0x39, 0xC0, 0x00, 0x00, 0x00, 0x3C, 0x07, 0xD8, 0x00, 0x00, 0x7F, 0x40, 0x00, 0x00, 0x00,
    0x00, 0x00, 0x00, 0x00, 0x00, 0x00, 0x00, 0x00, 0x00, 0x00, 0x00, 0x00, 0x00, 0x00, 0x00, 0x00,
    0x00, 0x00, 0x00, 0x00, 0x00, 0x00, 0x00, 0x00, 0x00, 0x00, 0x00, 0x00, 0x00, 0x00, 0x00, 0x00,
    0x00, 0x00, 0x00, 0x00, 0x00, 0x00, 0x00, 0x00, 0x00, 0x00, 0x00, 0x00, 0x00, 0x1C, 0x00, 0x00,
    0x00, 0x00, 0x00, 0x00, 0x1F, 0x01, 0xC0, 0x00, 0x00, 0x1C, 0x00, 0x70, 0x00, 0x00, 0x00, 0x3F,
    0xFF, 0xEF, 0xFF, 0xFF, 0xF8, 0xC1, 0xEC, 0xA4, 0x30, 0x98, 0x3F, 0x00, 0x3F, 0xBC, 0x00, 0x00,
    0x0F, 0x00, 0x0F, 0x00, 0x00, 0x3D, 0xC0, 0x00, 0x00, 0x00, 0x38, 0x3F, 0xF0, 0x00, 0x01, 0xFF,
    0xC0, 0x00, 0x30, 0x00, 0x00, 0x00, 0x00, 0x00, 0x00, 0x00, 0x00, 0x00, 0x00, 0x00, 0x00, 0x00,
    0x00, 0x00, 0x00, 0x00, 0x00, 0x00, 0x00, 0x00, 0x00, 0x00, 0x00, 0x00, 0x00, 0x00, 0x00, 0x00,
    0x00, 0x00, 0x00, 0x00, 0x00, 0x00, 0x00, 0x00, 0x00, 0x00, 0x00, 0x00, 0x00, 0x00, 0x00, 0x00,
    0x00, 0x1E, 0x00, 0x00, 0x00, 0x00, 0x00, 0x00, 0x7E, 0x01, 0xC0, 0x00, 0x00, 0x1C, 0x00, 0xE0,
    0x00, 0x00, 0x00, 0x00, 0x1F, 0xF8, 0x1F, 0xFF, 0xFC, 0x00, 0x7E, 0x42, 0x49, 0x09, 0x70, 0x01,
    0xFD, 0xF0, 0x00, 0x00, 0x0F, 0x00, 0x3F, 0x01, 0xFF, 0xFF, 0xC0, 0x00, 0x00, 0x00, 0x70, 0x7F,
    0xF8, 0x00, 0x03, 0xFF, 0xC0, 0x00, 0x38, 0x00, 0x00, 0x00, 0x00, 0x00, 0x00, 0x00, 0x00, 0x00,
    0x00, 0x00, 0x00, 0x00, 0x00, 0x00, 0x00, 0x00, 0x00, 0x00, 0x00, 0x00, 0x00, 0x00, 0x00, 0x00,
    0x00, 0x00, 0x00, 0x00, 0x00, 0x00, 0x00, 0x00, 0x00, 0x00, 0x00, 0x00, 0x00, 0x00, 0x00, 0x00,
    0x00, 0x00, 0x00, 0x00, 0x00, 0x0F, 0x00, 0x00, 0x00, 0x00, 0x00, 0x03, 0xF8, 0x01, 0xC0, 0x00,
    0x00, 0x08, 0x00, 0xE0, 0x00, 0x00, 0x00, 0x00, 0x00, 0x7F, 0x03, 0xFF, 0xFF, 0x00, 0x1F, 0x81,
    0x86, 0x25, 0xE0, 0x03, 0xE6, 0xE0, 0x00, 0x00, 0x1F, 0x00, 0x7F, 0xFF, 0xFF, 0xFF, 0xE0, 0x00,
    0x00, 0x00, 0xF0, 0xFF, 0xF8, 0x00, 0x07, 0xFF, 0x40, 0x00, 0x38, 0x00, 0x00, 0x00, 0x00, 0x00,
    0x00, 0x00, 0x00, 0x00, 0x00, 0x00, 0x00, 0x00, 0x00, 0x00, 0x00, 0x00, 0x00, 0x00, 0x00, 0x00,
    0x00, 0x00, 0x00, 0x00, 0x00, 0x00, 0x00, 0x00, 0x00, 0x00, 0x00, 0x00, 0x00, 0x00, 0x00, 0x00,
    0x00, 0x00, 0x00, 0x00, 0x00, 0x00, 0x00, 0x00, 0x00, 0x0F, 0xF0, 0x00, 0x00, 0x00, 0x00, 0x0F,
    0xE0, 0x03, 0x80, 0x00, 0x00, 0x00, 0x00, 0xE0, 0x00, 0x00, 0x00, 0x00, 0x00, 0x1F, 0xF0, 0xFF,
    0xFF, 0x80, 0x07, 0x91, 0xB6, 0x03, 0x80, 0x03, 0x17, 0x80, 0x00, 0x00, 0x3E, 0x01, 0xFF, 0xFF,
    0xFF, 0xFF, 0xE0, 0x00, 0x00, 0x00, 0xE0, 0xFF, 0xFC, 0x00, 0x0F, 0xFF, 0x40, 0x00, 0x3C, 0x00,
    0x00, 0x00, 0x00, 0x00, 0x00, 0x00, 0x00, 0x00, 0x00, 0x00, 0x00, 0x00, 0x00, 0x00, 0x00, 0x00,
    0x00, 0x00, 0x00, 0x00, 0x00, 0x00, 0x00, 0x00, 0x00, 0x00, 0x00, 0x00, 0x00, 0x00, 0x00, 0x00,
    0x00, 0x00, 0x00, 0x00, 0x00, 0x00, 0x00, 0x00, 0x00, 0x00, 0x00, 0x00, 0x00, 0x07, 0xF8, 0x00,
    0x00, 0x00, 0x00, 0xFF, 0x80, 0x03, 0x80, 0x00, 0x00, 0x00, 0x00, 0xF0, 0x00, 0x00, 0x00, 0x00,
    0x00, 0x03, 0xFF, 0x3F, 0xFF, 0xE0, 0x0E, 0x42, 0x49, 0x0B, 0x00, 0x01, 0x8B, 0x00, 0x00, 0x00,
    0x7C, 0x07, 0xEF, 0x80, 0x70, 0x07, 0xE0, 0x00, 0x00, 0x01, 0xC1, 0xFF, 0xFC, 0x00, 0x1F, 0xFE,
    0xE0, 0x00, 0x1C, 0x00, 0x00, 0x00, 0x00, 0x00, 0x00, 0x00, 0x00, 0x00, 0x00, 0x00, 0x00, 0x00,
    0x00, 0x00, 0x00, 0x00, 0x00, 0x00, 0x00, 0x00, 0x00, 0x00, 0x00, 0x00, 0x00, 0x00, 0x00, 0x00,
    0x00, 0x00, 0x00, 0x00, 0x00, 0x00, 0x00, 0x00, 0x00, 0x00, 0x00, 0x00, 0x00, 0x00, 0x00, 0x00,
    0xFF, 0xFF, 0xF8, 0x00, 0x00, 0x00, 0x07, 0xFC, 0x00, 0x07, 0x00, 0x00, 0x00, 0x00, 0x00, 0x70,
    0x00, 0x00, 0x00, 0x00, 0x00, 0x00, 0xFF, 0xCF, 0xFF, 0xF8, 0x0E, 0x24, 0x71, 0x8E, 0x00, 0x03,
    0xF6, 0x00, 0x00, 0x00, 0xF8, 0x0F, 0xCF, 0x00, 0x70, 0x01, 0xF0, 0x00, 0x00, 0x03, 0xC3, 0xFF,
    0xFE, 0x00, 0xFF, 0xFD, 0xE0, 0x00, 0x0E, 0x00, 0x00, 0x00, 0x00, 0x00, 0x00, 0x00, 0x00, 0x00,
    0x00, 0x00, 0x00, 0x00, 0x00, 0x00, 0x00, 0x00, 0x00, 0x00, 0x00, 0x00, 0x00, 0x00, 0x00, 0x00,
    0x00, 0x00, 0x00, 0x00, 0x00, 0x00, 0x00, 0x00, 0x00, 0x00, 0x00, 0x00, 0x00, 0x00, 0x00, 0x00,
    0x00, 0x00, 0x00, 0x00, 0xFF, 0xFF, 0xFE, 0x00, 0x00, 0x00, 0x3F, 0xF0, 0x00, 0x07, 0x00, 0x00,
    0x00, 0x00, 0x00, 0x78, 0x00, 0x00, 0x00, 0x00, 0x00, 0x00, 0x0F, 0xF3, 0xFF, 0xFC, 0x07, 0x98,
    0x36, 0x7C, 0x00, 0x07, 0xFC, 0x00, 0x00, 0x01, 0xF8, 0x1F, 0x0F, 0x80, 0x70, 0x01, 0xF0, 0x00,
    0x00, 0x03, 0xC7, 0xFF, 0xFF, 0x8F, 0xFF, 0xF8, 0xC0, 0x00, 0x0E, 0x00, 0x00, 0x00, 0x00, 0x00,
    0x00, 0x00, 0x00, 0x00, 0x00, 0x00, 0x00, 0x00, 0x00, 0x00, 0x00, 0x00, 0x00, 0x00, 0x00, 0x00,
    0x00, 0x00, 0x00, 0x00, 0x00, 0x00, 0x00, 0x00, 0x00, 0x00, 0x00, 0x00, 0x00, 0x00, 0x00, 0x00,
    0x00, 0x00, 0x00, 0x00, 0x00, 0x00, 0x00, 0x00, 0xFF, 0xFF, 0xFF, 0xC0, 0x00, 0x01, 0xFF, 0x00,
    0x00, 0x0E, 0x00, 0x00, 0x00, 0x00, 0x00, 0x38, 0x00, 0x00, 0x00, 0x00, 0x00, 0x00, 0x00, 0xFD,
    0xFF, 0xFF, 0x06, 0x19, 0x48, 0xF8, 0x00, 0x0F, 0xF8, 0x00, 0x00, 0x01, 0xF0, 0x3E, 0x0F, 0x80,
    0x70, 0x01, 0xF0, 0x00, 0x00, 0x01, 0xC7, 0xFF, 0xFF, 0xFF, 0xFF, 0xF8, 0x00, 0x00, 0x07, 0x00,
    0x00, 0x00, 0x00, 0x00, 0x00, 0x00, 0x00, 0x00, 0x00, 0x00, 0x00, 0x00, 0x00, 0x00, 0x00, 0x00,
    0x00, 0x00, 0x00, 0x00, 0x00, 0x00, 0x00, 0x00, 0x00, 0x00, 0x00, 0x00, 0x00, 0x00, 0x00, 0x00,
    0x00, 0x00, 0x00, 0x00, 0x00, 0x00, 0x00, 0x00, 0x00, 0x00, 0x00, 0x00, 0x00, 0x00, 0xFF, 0xFE,
    0x00, 0x0F, 0xF8, 0x00, 0x00, 0x1E, 0x00, 0x00, 0x00, 0x00, 0x00, 0x3C, 0x00, 0x00, 0x00, 0x00,
    0x00, 0x00, 0x00, 0x3F, 0x7F, 0xFF, 0x87, 0xFE, 0x8D, 0xE0, 0x00, 0x1F, 0x70, 0x00, 0x00, 0x01,
    0xF0, 0x3C, 0x0F, 0x80, 0x70, 0x01, 0xE0, 0x00, 0x00, 0x01, 0xCF, 0xFF, 0xFF, 0xFF, 0xFF, 0xF0,
    0x00, 0x00, 0x07, 0x80, 0x00, 0x00, 0x00, 0x00, 0x00, 0x00, 0x00, 0x00, 0x00, 0x00, 0x00, 0x00,
    0x00, 0x00, 0x00, 0x03, 0xDC, 0x00, 0x00, 0x00, 0x00, 0x30, 0x00, 0x00, 0x00, 0x00, 0x03, 0x80,
    0x00, 0x00, 0x00, 0x00, 0x00, 0x00, 0x00, 0x00, 0x00, 0x00, 0x00, 0x00, 0x00, 0x00, 0x00, 0x00,
    0x00, 0x00, 0x7F, 0xFF, 0xC1, 0xFF, 0xC0, 0x00, 0x00, 0x3C, 0x00, 0x00, 0x00, 0x00, 0x00, 0x1C,
    0x00, 0x00, 0x01, 0x80, 0x00, 0x00, 0x00, 0x0F, 0x9F, 0xFF, 0xE1, 0xFF, 0x3F, 0x80, 0x00, 0x7E,
    0xE0, 0x00, 0x00, 0x00, 0xF8, 0xF8, 0x0F, 0x00, 0x70, 0x01, 0xE0, 0x00, 0x00, 0x01, 0xDF, 0xFD,
    0xFF, 0xFF, 0xFF, 0xE0, 0x00, 0x00, 0x03, 0x80, 0x00, 0x00, 0x00, 0x00, 0x00, 0x00, 0x00, 0x00,
    0x00, 0x00, 0x00, 0x00, 0x00, 0x00, 0x00, 0x07, 0x8E, 0x00, 0x00, 0x00, 0x00, 0x70, 0x00, 0x00,
    0x00, 0x00, 0x07, 0x00, 0x00, 0x00, 0x00, 0x00, 0x00, 0x00, 0x00, 0x00, 0x00, 0x00, 0x00, 0x00,
    0x00, 0x00, 0x00, 0x00, 0x00, 0x00, 0x3C, 0x3F, 0xFF, 0xFE, 0x00, 0x00, 0x00, 0x78, 0x00, 0x00,
    0x00, 0x00, 0x00, 0x1E, 0x00, 0x00, 0x07, 0xE0, 0x00, 0x00, 0x00, 0x03, 0xE7, 0xFF, 0xF0, 0x0B,
    0x7E, 0x00, 0x00, 0xFC, 0x00, 0x00, 0x00, 0x00, 0x7D, 0xF0, 0x07, 0x00, 0x70, 0x01, 0xE0, 0x00,
    0x00, 0x01, 0xDF, 0xF8, 0xFF, 0xFF, 0xFF, 0xC0, 0x00, 0x00, 0x03, 0x80, 0x00, 0x00, 0x00, 0x00,
    0x00, 0xC0, 0x00, 0x00, 0x00, 0x00, 0x00, 0x00, 0x00, 0x00, 0x00, 0x07, 0x0F, 0x00, 0x00, 0x00,
    0x00, 0x70, 0x00, 0x00, 0x00, 0x00, 0x0F, 0x00, 0x00, 0x00, 0x00, 0x00, 0x00, 0x00, 0x00, 0x00,
    0x00, 0x00, 0x00, 0x00, 0x00, 0x00, 0x00, 0x00, 0x00, 0x00, 0x1E, 0x01, 0xFF, 0xF0, 0x00, 0x00,
    0x00, 0xF0, 0x00, 0x00, 0x00, 0x00, 0x00, 0x0F, 0x00, 0x00, 0x1F, 0xFF, 0xC0, 0x00, 0x00, 0x00,
    0xF3, 0xFF, 0xF8, 0x0C, 0xE0, 0x00, 0x01, 0xF2, 0x00, 0x00, 0x00, 0x00, 0x3F, 0xE0, 0x07, 0x00,
    0x70, 0x01, 0xE0, 0x00, 0x00, 0x01, 0xBF, 0xF0, 0x7F, 0xFF, 0xFF, 0x80, 0x00, 0x00, 0x01, 0x80,
    0x00, 0x00, 0x00, 0x00, 0x01, 0xC0, 0x00, 0x00, 0x00, 0x00, 0x00, 0x00, 0x00, 0x00, 0x00, 0x0E,
    0x07, 0x80, 0x00, 0x00, 0x00, 0x70, 0x00, 0x00, 0x00, 0x00, 0x0E, 0x00, 0x00, 0x00, 0x00, 0x00,
    0x00, 0x00, 0x00, 0x00, 0x00, 0x00, 0x00, 0x00, 0x00, 0x00, 0x00, 0x00, 0x00, 0x00, 0x1F, 0x00,
    0x1E, 0x00, 0x00, 0x00, 0x01, 0xF0, 0x00, 0x00, 0x00, 0x00, 0x00, 0x07, 0x80, 0x00, 0x19, 0xBF,
    0xF0, 0x00, 0x00, 0x00, 0x78, 0xFF, 0xF8, 0x0F, 0xC0, 0x00, 0x01, 0xFF, 0x00, 0x00, 0x00, 0x00,
    0x1F, 0xC0, 0x07, 0x7F, 0xFF, 0xFF, 0xE0, 0x00, 0x00, 0x03, 0x7F, 0xE0, 0x3F, 0xFF, 0xFE, 0x00,
    0x00, 0x00, 0x01, 0xC0, 0x00, 0x00, 0x00, 0x00, 0x01, 0xC0, 0x00, 0x00, 0x00, 0x00, 0x00, 0x00,
    0x00, 0x00, 0x00, 0x1E, 0x03, 0xC0, 0x00, 0x00, 0x00, 0x70, 0x00, 0x00, 0x00, 0x00, 0x1E, 0x00,
    0x00, 0x00, 0x00, 0x00, 0x00, 0x00, 0x00, 0x00, 0x00, 0x00, 0x00, 0x00, 0x00, 0x00, 0x00, 0x00,
    0x00, 0x00, 0x0F, 0x80, 0x00, 0x00, 0x00, 0x00, 0x01, 0xFF, 0x00, 0x00, 0x00, 0x00, 0x00, 0x03,
    0xF0, 0x00, 0x12, 0x61, 0x78, 0x00, 0x00, 0x00, 0x3C, 0x7F, 0xFC, 0x03, 0x00, 0x00, 0x01, 0xFF,
    0xFF, 0x80, 0x00, 0x00, 0x0F, 0x80, 0x07, 0xFF, 0xFF, 0xFF, 0xE0, 0x00, 0x00, 0x02, 0xFF, 0xE0,
    0x0F, 0xFF, 0xE0, 0x00, 0x00, 0x00, 0x01, 0xC0, 0x00, 0x00, 0x00, 0x00, 0x01, 0xC0, 0x00, 0x00,
    0x00, 0x00, 0x00, 0x00, 0x00, 0x00, 0x00, 0x3C, 0x01, 0xE0, 0x00, 0x00, 0x00, 0x70, 0x00, 0x00,
    0x00, 0x00, 0x1C, 0x00, 0x00, 0x00, 0x00, 0x00, 0x00, 0x00, 0x00, 0x00, 0x00, 0x00, 0x00, 0x00,
    0x00, 0x00, 0x00, 0x00, 0x00, 0x03, 0xF7, 0xE0, 0x00, 0x00, 0x00, 0x00, 0x07, 0xFF, 0x80, 0x00,
    0x00, 0x00, 0x00, 0x01, 0xFC, 0x00, 0x32, 0x68, 0x9C, 0x00, 0x00, 0x00, 0x1E, 0x1F, 0xFC, 0x00,
    0x00, 0x00, 0x0F, 0xFF, 0xFF, 0x80, 0x00, 0x00, 0x1F, 0x01, 0xFF, 0xFF, 0xFF, 0xE1, 0xE0, 0x00,
    0x00, 0x01, 0xFF, 0xC0, 0x17, 0xFF, 0x00, 0x00, 0x00, 0x00, 0x01, 0xC0, 0x00, 0x00, 0x00, 0x00,
    0x01, 0xC0, 0x00, 0x00, 0x00, 0x00, 0x00, 0x00, 0x00, 0x00, 0x00, 0x78, 0x00, 0xF8, 0x00, 0x00,
    0x00, 0x70, 0x00, 0x00, 0x00, 0x00, 0x1C, 0x00, 0x00, 0x00, 0x00, 0x00, 0x00, 0x00, 0x00, 0x00,
    0x00, 0x00, 0x00, 0x00, 0x00, 0x00, 0x00, 0x00, 0x00, 0x07, 0xFF, 0xFF, 0x00, 0x00, 0x00, 0x00,
    0x0F, 0xFF, 0xE0, 0x00, 0x00, 0x00, 0x00, 0x00, 0x7F, 0x0F, 0xF1, 0x91, 0x46, 0x00, 0x00, 0x00,
    0x0F, 0x8F, 0xFE, 0x00, 0x00, 0x01, 0xFF, 0xFF, 0xFF, 0x80, 0x00, 0x00, 0x3E, 0x03, 0xFF, 0xC0,
    0x70, 0x00, 0xE0, 0x00, 0x00, 0x0F, 0xFF, 0xC0, 0x0B, 0xF0, 0x00, 0x00, 0x00, 0x00, 0x01, 0xC0,
    0x00, 0x00, 0x00, 0x00, 0x01, 0xC0, 0x00, 0x00, 0x00, 0x00, 0x00, 0x00, 0x00, 0x00, 0x01, 0xF0,
    0x00, 0x7F, 0x00, 0x00, 0x00, 0xF0, 0x00, 0x00, 0x00, 0x00, 0x1C, 0x00, 0x00, 0x00, 0x00, 0x00,
    0x00, 0x00, 0x00, 0x00, 0x00, 0x00, 0x00, 0x00, 0x00, 0x00, 0x00, 0x00, 0x00, 0x0F, 0xFF, 0xFF,
    0xFF, 0x00, 0x00, 0x00, 0x3F, 0xC1, 0xF8, 0x00, 0x00, 0x00, 0x00, 0x00, 0x1F, 0x3C, 0xD9, 0x0A,
    0x27, 0x80, 0x00, 0x00, 0x07, 0xE3, 0xFE, 0x00, 0x01, 0xFB, 0xFF, 0xFF, 0xFF, 0x80, 0x00, 0x00,
    0x3C, 0x03, 0xFF, 0x80, 0x70, 0x00, 0xE0, 0x00, 0x00, 0x7F, 0xFF, 0x80, 0x00, 0x18, 0x00, 0x00,
    0x00, 0x00, 0x01, 0xC0, 0x00, 0x00, 0x00, 0x00, 0x01, 0xC0, 0x00, 0x00, 0x00, 0x00, 0x00, 0x00,
    0x00, 0x00, 0x03, 0xE0, 0x00, 0x3F, 0xE0, 0x00, 0x0F, 0xE0, 0x00, 0x00, 0x00, 0x00, 0x38, 0x00,
    0x00, 0x00, 0x00, 0x00, 0x00, 0x00, 0x00, 0x00, 0x00, 0x00, 0x00, 0x00, 0x00, 0x00, 0x00, 0x00,
    0x00, 0x1E, 0x07, 0xFF, 0xFF, 0xF8, 0x00, 0x00, 0xFF, 0x80, 0x7E, 0x00, 0x00, 0x00, 0x00, 0x00,
    0x07, 0x7B, 0x26, 0x44, 0x99, 0xC0, 0x0C, 0x00, 0x03, 0xE3, 0xFE, 0x00, 0x07, 0xFD, 0xE0, 0x3C,
    0x0F, 0x80, 0x00, 0x00, 0x38, 0x03, 0x83, 0x80, 0x70, 0x00, 0xE0, 0x00, 0x01, 0xFF, 0xFF, 0x00,
    0x00, 0x3C, 0x00, 0x00, 0x00, 0x00, 0x00, 0xC0, 0x00, 0x00, 0x00, 0x00, 0x01, 0x80, 0x00, 0x00,
    0x00, 0x00, 0x00, 0x00, 0x00, 0x00, 0x0F, 0xC0, 0x00, 0x07, 0xF8, 0x00, 0xFF, 0xC0, 0x00, 0x00,
    0x00, 0x00, 0x38, 0x00, 0x00, 0x00, 0x00, 0x00, 0x00, 0x00, 0x00, 0x00, 0x00, 0x00, 0x00, 0x00,
    0x00, 0x00, 0x00, 0x00, 0x00, 0x1C, 0x00, 0x07, 0xFF, 0xFE, 0x00, 0x03, 0xFF, 0x00, 0x3F, 0x80,
    0x00, 0x00, 0x00, 0x00, 0x0F, 0xEB, 0x26, 0x0A, 0x98, 0xC0, 0x1C, 0x00, 0x00, 0xFB, 0xFF, 0x00,
    0x0F, 0xFE, 0x00, 0x1C, 0x07, 0x80, 0x00, 0x00, 0x38, 0x03, 0xC3, 0x80, 0x70, 0x00, 0xE0, 0x00,
    0x0F, 0xFF, 0xFF, 0x00, 0x00, 0x1E, 0x00, 0x00, 0x00, 0x00, 0x00, 0xE0, 0x00, 0x00, 0x00, 0x00,
    0x03, 0x80, 0x00, 0x00, 0x00, 0x00, 0x00, 0x00, 0x00, 0x00, 0x1F, 0x00, 0x00, 0x00, 0xFF, 0x01,
    0xFF, 0x80, 0x00, 0x00, 0x00, 0x00, 0x38, 0x00, 0x00, 0x00, 0x00, 0x00, 0x00, 0x00, 0x00, 0x00,
    0x00, 0x00, 0x00, 0x00, 0x00, 0x00, 0x00, 0x00, 0x00, 0x1C, 0x00, 0x00, 0x07, 0xFF, 0xC0, 0x0F,
    0xE4, 0x00, 0x0F, 0xE0, 0x00, 0x00, 0x00, 0x00, 0x0F, 0xE4, 0x99, 0x11, 0x24, 0x60, 0x0E, 0x00,
    0x00, 0x3D, 0xFF, 0x00, 0x3F, 0xFE, 0x00, 0x1C, 0x07, 0x80, 0x00, 0x00, 0x71, 0xFF, 0xC3, 0x80,
    0x70, 0x00, 0xE0, 0x00, 0x3F, 0xFF, 0xFE, 0x00, 0x00, 0x0F, 0x00, 0x00, 0x00, 0x00, 0x00, 0xE0,
    0x00, 0x00, 0x00, 0x00, 0x03, 0x80, 0x00, 0x00, 0x00, 0x00, 0x00, 0x00, 0x00, 0x00, 0x3E, 0x00,
    0x00, 0x00, 0x1F, 0xC7, 0xF0, 0x00, 0x00, 0x00, 0x00, 0x00, 0x38, 0x00, 0x00, 0x00, 0x00, 0x00,
    0x00, 0x00, 0x00, 0x00, 0x00, 0x00, 0x00, 0x00, 0x00, 0x00, 0x00, 0x00, 0x00, 0x1C, 0x00, 0x00,
    0x00, 0x1F, 0xF0, 0xFF, 0x80, 0x00, 0x01, 0xE0, 0x00, 0x00, 0x00, 0x00, 0x1F, 0x9B, 0x50, 0xA4,
    0xC2, 0xB0, 0x0F, 0x00, 0x00, 0x3D, 0xFF, 0x87, 0xFF, 0xFE, 0x00, 0x1C, 0x07, 0xC0, 0x00, 0x00,
    0xFF, 0xFF, 0xC3, 0x80, 0x70, 0x00, 0xE0, 0x01, 0xFF, 0xFF, 0xFC, 0x00, 0x00, 0x07, 0x80, 0x00,
    0x00, 0x00, 0x00, 0xE0, 0x00, 0x00, 0x00, 0x00, 0x07, 0x00, 0x00, 0x00, 0x00, 0x00, 0x00, 0x00,
    0x00, 0x00, 0xF8, 0x00, 0x00, 0x00, 0x07, 0xFF, 0x80, 0x00, 0x00, 0x00, 0x00, 0x00, 0x38, 0x00,
    0x00, 0x00, 0x00, 0x00, 0x00, 0x00, 0x00, 0x00, 0x00, 0x00, 0x00, 0x00, 0x00, 0x00, 0x00, 0x00,
    0x00, 0x1C, 0x00, 0x00, 0x00, 0x03, 0xFF, 0xFC, 0x00, 0x00, 0x00, 0xF0, 0x00, 0x00, 0x00, 0x00,
    0x7F, 0x11, 0x24, 0x44, 0xD9, 0x18, 0x07, 0x80, 0x00, 0x1E, 0xFF, 0xFF, 0xFF, 0xFE, 0x00, 0x1C,
    0x07, 0xC0, 0x00, 0x7F, 0xFF, 0xF9, 0xC3, 0xC0, 0x70, 0x00, 0xE0, 0x07, 0xFF, 0xFF, 0xF0, 0x00,
    0x00, 0x03, 0xC0, 0x00, 0x00, 0x00, 0x00, 0xE0, 0x00, 0x00, 0x00, 0x00, 0x07, 0x00, 0x00, 0x00,
    0x00, 0x00, 0x00, 0x00, 0x00, 0x01, 0xF0, 0x00, 0x00, 0x00, 0x00, 0xFE, 0x00, 0x00, 0x00, 0x00,
    0x00, 0x00, 0x7C, 0x00, 0x00, 0x00, 0x00, 0x00, 0x00, 0x00, 0x00, 0x00, 0x00, 0x00, 0x00, 0x00,
    0x00, 0x00, 0x00, 0x00, 0x00, 0x3C, 0x00, 0x00, 0x00, 0x03, 0xFF, 0xF0, 0x00, 0x00, 0x00, 0x70,
    0x00, 0x00, 0x3F, 0xFF, 0xFF, 0xA4, 0xD0, 0xA1, 0x22, 0x8C, 0x03, 0x80, 0x00, 0x0F, 0xFF, 0xFF,
    0xFF, 0xFF, 0x00, 0x1C, 0x07, 0xC0, 0x1F, 0xFF, 0xFE, 0x01, 0xC3, 0xC0, 0x70, 0x00, 0xE0, 0x3F,
    0xFF, 0xFF, 0xC0, 0x00, 0x00, 0x01, 0xC0, 0x00, 0x00, 0x00, 0x00, 0xE0, 0x00, 0x00, 0x00, 0x00,
    0x0F, 0x00, 0x00, 0x00, 0x00, 0x00, 0x00, 0x00, 0x00, 0x07, 0xC0, 0x00, 0x00, 0x00, 0x00, 0x78,
    0x00, 0x00, 0x00, 0x00, 0x00, 0x00, 0x7C, 0x00, 0x00, 0x00, 0x00, 0x00, 0x00, 0x00, 0x00, 0x00,
    0x00, 0x00, 0x00, 0x00, 0x00, 0x00, 0x00, 0x00, 0x00, 0x38, 0x00, 0x00, 0x00, 0x1F, 0xFF, 0x80,
    0x00, 0x00, 0x00, 0x70, 0x00, 0x03, 0xFF, 0xFF, 0xF6, 0x40, 0xD9, 0x12, 0x14, 0x4E, 0x01, 0xC0,
    0x00, 0x07, 0x7F, 0xFF, 0xFF, 0xFF, 0x00, 0x1C, 0x07, 0xC7, 0xFF, 0xFF, 0xFC, 0x0F, 0xE1, 0xC0,
    0x70, 0x00, 0xE0, 0xFF, 0xFF, 0xFE, 0x00, 0x00, 0x00, 0x00, 0xE0, 0x00, 0x00, 0x00, 0x00, 0x60,
    0x00, 0x00, 0x00, 0x00, 0x0E, 0x00, 0x00, 0x00, 0x00, 0x00, 0x00, 0x00, 0x00, 0x0F, 0x80, 0x00,
    0x00, 0x00, 0x00, 0x70, 0x00, 0x00, 0x00, 0x00, 0x00, 0x00, 0x7C, 0x00, 0x00, 0x00, 0x00, 0x00,
    0x00, 0x00, 0x00, 0x00, 0x00, 0x00, 0x00, 0x00, 0x00, 0x00, 0x00, 0x00, 0x00, 0x38, 0x00, 0x00,
    0x00, 0x7F, 0xFC, 0x00, 0x00, 0x00, 0x00, 0x70, 0x00, 0x3F, 0xFF, 0xFF, 0x87, 0xB1, 0x26, 0x4C,
    0xC9, 0x36, 0x01, 0xE0, 0x00, 0x03, 0xFF, 0xFF, 0xFF, 0xFF, 0x00, 0x0C, 0x07, 0xFF, 0xFF, 0xE0,
    0x3F, 0xFF, 0xE1, 0xC0, 0x70, 0x00, 0xE3, 0xFF, 0xFF, 0xF0, 0x00, 0x00, 0x00, 0x00, 0xF0, 0x00,
    0x00, 0x00, 0x00, 0x70, 0x00, 0x00, 0x00, 0x00, 0x0E, 0x00, 0x00, 0x00, 0x00, 0x20, 0x00, 0x00,
    0x00, 0x3F, 0x00, 0x00, 0x00, 0x00, 0x00, 0x70, 0x00, 0x00, 0x00, 0x00, 0x00, 0x00, 0x38, 0x00,
    0x00, 0x00, 0x00, 0x00, 0x00, 0x00, 0x00, 0x00, 0x00, 0x00, 0x00, 0x00, 0x00, 0x00, 0x00, 0x00,
    0x00, 0x38, 0x00, 0x00, 0x03, 0xFE, 0x00, 0x00, 0x00, 0x00, 0x00, 0xE0, 0x03, 0xFF, 0xC0, 0x00,
    0x1D, 0x12, 0x16, 0x4C, 0x15, 0x33, 0x00, 0xF0, 0x00, 0x01, 0xBF, 0xFF, 0xFF, 0xFF, 0x00, 0x0E,
    0x7F, 0xFF, 0xFC, 0x00, 0x1F, 0xFF, 0xE1, 0xC0, 0x70, 0x00, 0xCF, 0xFF, 0xFF, 0xC0, 0x00, 0x00,
    0x00, 0x00, 0x70, 0x00, 0x00, 0x00, 0x00, 0x70, 0x00, 0x00, 0x00, 0x00, 0x0E, 0x00, 0x00, 0x00,
    0x00, 0x78, 0x00, 0x00, 0x00, 0x7C, 0x00, 0x00, 0x00, 0x00, 0x00, 0x70, 0x00, 0x00, 0x00, 0x00,
    0x00, 0x00, 0x38, 0x00, 0x00, 0x00, 0x00, 0x00, 0x00, 0x00, 0x00, 0x00, 0x00, 0x00, 0x00, 0x00,
    0x00, 0x00, 0x00, 0x00, 0x00, 0x38, 0x00, 0x00, 0x0F, 0xF0, 0x00, 0x00, 0x00, 0x00, 0x01, 0xE0,
    0x3F, 0xFC, 0x00, 0x01, 0xFA, 0x4C, 0xC9, 0x12, 0x22, 0x49, 0x80, 0x78, 0x00, 0x00, 0xDF, 0xFF,
    0xFF, 0xFF, 0x00, 0x1F, 0xFF, 0xFF, 0x80, 0x00, 0x07, 0xFF, 0xE0, 0x00, 0x00, 0x07, 0xFF, 0xFF,
    0xFE, 0x00, 0x00, 0x00, 0x00, 0x00, 0x78, 0x00, 0x00, 0x00, 0x00, 0x70, 0x00, 0x00, 0x00, 0x00,
    0x0E, 0x00, 0x00, 0x00, 0x00, 0x78, 0x00, 0x00, 0x00, 0xF8, 0x00, 0x00, 0x00, 0x00, 0x00, 0x70,
    0x00, 0x00, 0x00, 0x00, 0x00, 0x00, 0x38, 0x00, 0x00, 0x00, 0x00, 0x00, 0x00, 0x00, 0x00, 0x00,
    0x00, 0x00, 0x00, 0x00, 0x00, 0x00, 0x00, 0x00, 0xFF, 0xF8, 0x00, 0x00, 0x7F, 0x80, 0x00, 0x00,
    0x00, 0x00, 0x03, 0xC1, 0xFF, 0xC0, 0x00, 0x0F, 0xC5, 0x8C, 0x14, 0xA1, 0x41, 0x85, 0x80, 0x3C,
    0x00, 0x00, 0x6F, 0xFF, 0xFD, 0xFF, 0x0F, 0xFF, 0xFF, 0xE0, 0x00, 0x00, 0x03, 0x80, 0x9F, 0xFF,
    0xFF, 0xFF, 0xFF, 0xFF, 0xF9, 0x00, 0x00, 0x00, 0x00, 0x00, 0x38, 0x00, 0x00, 0x00, 0x00, 0x70,
    0x00, 0x00, 0x00, 0x00, 0x1C, 0x00, 0x00, 0x00, 0x00, 0x70, 0x00, 0x00, 0x03, 0xE0, 0x00, 0x00,
    0x00, 0x00, 0x00, 0x70, 0x00, 0x00, 0x00, 0x00, 0x00, 0x00, 0x38, 0x00, 0x00, 0x00, 0x00, 0x00,
    0x00, 0x00, 0x00, 0x00, 0x00, 0x00, 0x00, 0x00, 0x00, 0x00, 0x00, 0x00, 0xFF, 0xF8, 0x00, 0x03,
    0xFC, 0x00, 0x00, 0x00, 0x00, 0x00, 0x03, 0x83, 0xFC, 0x00, 0x00, 0x3E, 0x88, 0x92, 0x22, 0x48,
    0x89, 0xB3, 0xC0, 0x3C, 0x00, 0x00, 0x3B, 0xFF, 0x81, 0xFF, 0x7F, 0xFF, 0x83, 0xE0, 0x00, 0x00,
    0x00, 0x00, 0x7F, 0xFF, 0xFF, 0xFF, 0xFF, 0xFF, 0xE3, 0x00, 0x00, 0x00, 0x00, 0x00, 0x1C, 0x00,
    0x00, 0x00, 0x00, 0x70, 0x00, 0x00, 0x00, 0x00, 0x1C, 0x00, 0x00, 0x00, 0x01, 0xF0, 0x00, 0x00,
    0x07, 0xC0, 0x00, 0x00, 0x00, 0x00, 0x00, 0x71, 0xF8, 0x00, 0x00, 0x00, 0x00, 0x00, 0x1C, 0x00,
    0x00, 0x00, 0x00, 0x00, 0x00, 0x00, 0x00, 0x00, 0x00, 0x00, 0x00, 0x00, 0x00, 0x00, 0x00, 0x00,
    0xFF, 0xFC, 0x00, 0x0F, 0xF0, 0x00, 0x00, 0x00, 0x00, 0x00, 0x03, 0x87, 0xC0, 0x00, 0x07, 0xF5,
    0x52, 0x61, 0x49, 0xA1, 0x42, 0x43, 0xC0, 0x38, 0x00, 0x00, 0x3E, 0x20, 0x01, 0xFF, 0x7F, 0xCE,
    0x03, 0xE0, 0x00, 0x00, 0x00, 0x0F, 0xFF, 0xFF, 0xFF, 0xFF, 0xFF, 0xFF, 0x03, 0x00, 0x00, 0x00,
    0x00, 0x00, 0x1E, 0x00, 0x00, 0x00, 0x00, 0x30, 0x00, 0x00, 0x00, 0x00, 0x1C, 0x00, 0x00, 0x00,
    0x07, 0xF0, 0x00, 0x00, 0x0F, 0x00, 0x00, 0x00, 0x00, 0x00, 0x00, 0x73, 0xFF, 0xC0, 0x00, 0x00,
    0x00, 0x00, 0x1C, 0x00, 0x00, 0x00, 0x00, 0x00, 0x00, 0x00, 0x00, 0x00, 0x00, 0x00, 0x00, 0x00,
    0x00, 0x00, 0x00, 0x00, 0x00, 0x1C, 0x00, 0x3F, 0x80, 0x00, 0x00, 0x00, 0x00, 0x00, 0x01, 0xEF,
    0x00, 0x00, 0x7F, 0xCA, 0x20, 0x6C, 0x81, 0x92, 0x24, 0x24, 0xC0, 0x38, 0x00, 0x00, 0x1F, 0x80,
    0x1F, 0xFF, 0x80, 0x06, 0x03, 0xE0, 0x00, 0x00, 0x07, 0xFF, 0xFF, 0xFF, 0xFF, 0xFF, 0xFF, 0xFE,
    0x03, 0x00, 0x00, 0x00, 0x00, 0x00, 0x0E, 0x00, 0x00, 0x00, 0x00, 0x38, 0x00, 0x00, 0x00, 0x00,
    0x38, 0x00, 0x00, 0x00, 0x07, 0xF8, 0x00, 0x00, 0x1E, 0x00, 0x00, 0x00, 0x00, 0x00, 0x00, 0x7F,
    0xFF, 0xF0, 0x07, 0xE0, 0x00, 0x00, 0x1E, 0x00, 0x00, 0x00, 0x00, 0x00, 0x00, 0x00, 0x00, 0x00,
    0x00, 0x00, 0x00, 0x00, 0x00, 0x00, 0x00, 0x00, 0x00, 0x1C, 0x00, 0x7C, 0x00, 0x00, 0x00, 0x00,
    0x00, 0x00, 0x01, 0xFE, 0x00, 0x07, 0xF6, 0x04, 0x50, 0x91, 0x42, 0x4C, 0x19, 0x99, 0xE0, 0x1C,
    0x00, 0x00, 0x0F, 0xFF, 0xFE, 0xFF, 0xFF, 0x07, 0x01, 0xE0, 0x00, 0x03, 0xFF, 0xFF, 0xFF, 0xFF,
    0xFF, 0xFF, 0xFF, 0xFF, 0xC3, 0x00, 0x00, 0x00, 0x00, 0x00, 0x0F, 0x00, 0x00, 0x00, 0x00, 0x38,
    0x00, 0x00, 0x00, 0x00, 0x38, 0x00, 0x00, 0x00, 0x0F, 0x3C, 0x00, 0x00, 0x1C, 0x00, 0x00, 0x00,
    0x00, 0x00, 0x00, 0x3F, 0x07, 0xFC, 0x7F, 0xFC, 0x00, 0x00, 0x0E, 0x00, 0x00, 0x00, 0x00, 0x00,
    0x00, 0x00, 0x00, 0x00, 0x00, 0x00, 0x00, 0x00, 0x00, 0x00, 0x00, 0x00, 0x00, 0x0E, 0x01, 0xF0,
    0x00, 0x00, 0x00, 0x00, 0x00, 0x00, 0x00, 0xFC, 0x00, 0xFF, 0xA6, 0x2A, 0x89, 0x0A, 0x64, 0x2C,
    0x98, 0x1A, 0xF0, 0x1E, 0x00, 0x00, 0x07, 0xFF, 0xFE, 0xFF, 0xFF, 0xFF, 0x07, 0x90, 0x00, 0xFF,
    0xFF, 0xFF, 0xFF, 0xFF, 0xFF, 0xFF, 0xFF, 0xFF, 0xF9, 0x00, 0x00, 0x00, 0x00, 0x00, 0x07, 0x10,
    0x00, 0x00, 0x00, 0x38, 0x00, 0x00, 0x00, 0x00, 0x38, 0x00, 0x00, 0x00, 0x0E, 0x1E, 0x00, 0x00,
    0x38, 0x00, 0x00, 0x00, 0x00, 0x00, 0x00, 0x3C, 0x00, 0x3F, 0xFF, 0xFF, 0x00, 0x00, 0x07, 0x00,
    0x00, 0x00, 0x00, 0x00, 0x00, 0x00, 0x00, 0x00, 0x00, 0x00, 0x00, 0x00, 0x00, 0x00, 0x00, 0x00,
    0x00, 0x0E, 0x03, 0xE0, 0x00, 0x00, 0x00, 0x00, 0x00, 0x00, 0x00, 0x38, 0x03, 0xF6, 0x49, 0x11,
    0x26, 0x67, 0xFC, 0x92, 0x24, 0x24, 0xB0, 0x0F, 0x00, 0x00, 0x00, 0xFF, 0xFF, 0xFF, 0xFF, 0xFF,
    0xFF, 0xE0, 0x7F, 0xFF, 0xFF, 0xFF, 0xFF, 0xFF, 0xFF, 0xFF, 0xFF, 0xFF, 0xFF, 0x00, 0x00, 0x00,
    0x00, 0x00, 0x03, 0xFE, 0x00, 0x00, 0x00, 0x38, 0x00, 0x00, 0x00, 0x00, 0x70, 0x00, 0x00, 0x00,
    0x0E, 0x0F, 0x80, 0x00, 0x78, 0x00, 0x00, 0x00, 0x00, 0x00, 0x00, 0x38, 0x00, 0x0F, 0xF8, 0x3F,
    0x80, 0x00, 0x07, 0x80, 0x00, 0x00, 0x00, 0x00, 0x00, 0x00, 0x00, 0x00, 0x00, 0x00, 0x00, 0x00,
    0x00, 0x00, 0x00, 0x00, 0x00, 0x07, 0x1F, 0xC0, 0x00, 0x00, 0x00, 0x00, 0x00, 0x00, 0x00, 0x07,
    0xFF, 0x26, 0x38, 0xA2, 0x86, 0x1F, 0x0E, 0x2B, 0x66, 0x62, 0xB0, 0x07, 0x80, 0x00, 0x00, 0x00,
    0x01, 0x7F, 0xFF, 0xFF, 0xFF, 0xFF, 0xFF, 0xFF, 0xFF, 0xFF, 0xFF, 0xFF, 0xFF, 0xFF, 0xFF, 0xFF,
    0xFF, 0xE0, 0x00, 0x00, 0x00, 0x00, 0x03, 0xFF, 0x80, 0x00, 0x00, 0x38, 0x00, 0x00, 0x00, 0x01,
    0xF0, 0x00, 0x00, 0x00, 0x1E, 0x07, 0xC0, 0x00, 0x70, 0x00, 0x3F, 0xFF, 0x80, 0x00, 0x00, 0x38,
    0x00, 0x03, 0x80, 0x03, 0xE0, 0x00, 0x03, 0xC0, 0x00, 0x00, 0x00, 0x00, 0x00, 0x00, 0x00, 0x00,
    0x00, 0x00, 0x00, 0x00, 0x00, 0x00, 0x00, 0x00, 0x00, 0x07, 0xFF, 0x00, 0x00, 0x00, 0x00, 0x00,
    0x00, 0x00, 0x00, 0x06, 0xF9, 0x09, 0x30, 0x44, 0x49, 0x3C, 0x0C, 0x44, 0x99, 0x93, 0x70, 0x03,
    0xF8, 0x00, 0x00, 0x00, 0x00, 0x7F, 0xFF, 0xFF, 0xFF, 0xFF, 0xFF, 0xFF, 0xFF, 0xFF, 0xFF, 0xFF,
    0xF0, 0x00, 0x0F, 0xFF, 0xFF, 0xFC, 0x00, 0x00, 0x00, 0x00, 0x03, 0xEF, 0xF0, 0x00, 0x00, 0x38,
    0x00, 0x00, 0x00, 0x03, 0xE0, 0x00, 0x00, 0x00, 0x7C, 0x03, 0xE0, 0x00, 0xF0, 0x00, 0xFF, 0xFF,
    0xF0, 0x00, 0x00, 0x38, 0x00, 0x00, 0x00, 0x01, 0xFF, 0x00, 0x01, 0xE0, 0x00, 0x00, 0x00, 0x00,
    0x00, 0x00, 0x00, 0x00, 0x00, 0x00, 0x00, 0x00, 0x00, 0x00, 0x00, 0x00, 0x00, 0x1F, 0xFC, 0x00,
    0x00, 0x00, 0x00, 0x00, 0x00, 0x00, 0x00, 0x07, 0x30, 0x94, 0x4A, 0xA9, 0x30, 0xB8, 0x0E, 0x93,
    0x41, 0x84, 0xE0, 0x01, 0xFE, 0x00, 0x00, 0x00, 0x00, 0x3F, 0xFF, 0xFF, 0xFF, 0xFF, 0xFF, 0xFF,
    0xFF, 0xFF, 0xF9, 0xC0, 0x70, 0x00, 0xE7, 0xFF, 0xFF, 0xFF, 0x80, 0x00, 0x00, 0x00, 0x01, 0xC3,
    0xFC, 0x00, 0x00, 0x1C, 0x00, 0x00, 0x00, 0x0F, 0xC0, 0x00, 0x00, 0x00, 0xF8, 0x01, 0xF0, 0x01,
    0xF0, 0x01, 0xFF, 0xFF, 0xFE, 0x00, 0x00, 0x78, 0x00, 0x00, 0x00, 0x00, 0x7F, 0xC0, 0x00, 0xF0,
    0x00, 0x00, 0x00, 0x00, 0x00, 0x00, 0x00, 0x00, 0x00, 0x00, 0x00, 0x00, 0x00, 0x00, 0x00, 0x00,
    0x00, 0x7F, 0xE0, 0x00, 0x00, 0x00, 0x00, 0x00, 0x00, 0x00, 0x00, 0x03, 0x32, 0x64, 0xC5, 0x11,
    0x36, 0x7F, 0x99, 0x13, 0x22, 0x44, 0xC0, 0x00, 0xFE, 0x00, 0x00, 0x00, 0x00, 0x1F, 0xFF, 0xFF,
    0xFF, 0xFF, 0xFF, 0xFF, 0xFF, 0xFF, 0x09, 0xC0, 0x70, 0x01, 0xF0, 0xFF, 0xFF, 0xFF, 0xF0, 0x00,
    0x00, 0x00, 0x01, 0xC0, 0x7F, 0x00, 0x00, 0x1C, 0x00, 0x00, 0x00, 0x1F, 0x00, 0x00, 0x00, 0x03,
    0xE0, 0x00, 0x78, 0x01, 0xE0, 0x03, 0xC0, 0x00, 0x7F, 0xF0, 0x00, 0x70, 0x00, 0x00, 0x00, 0x00,
    0x1F, 0xE0, 0x00, 0x7C, 0x00, 0x00, 0x00, 0x00, 0x00, 0x00, 0x00, 0x00, 0x00, 0x00, 0x00, 0x00,
    0x00, 0x00, 0x00, 0x00, 0x03, 0xFE, 0x00, 0x00, 0x00, 0x00, 0x00, 0x00, 0x00, 0x00, 0xC0, 0x0E,
    0x4A, 0x61, 0x02, 0x28, 0x48, 0xB1, 0xFA, 0x84, 0xD6, 0x23, 0xC0, 0x00, 0x0E, 0x00, 0x00, 0x00,
    0x00, 0x07, 0xFF, 0xFF, 0xFF, 0xFF, 0xFF, 0xFF, 0xFF, 0xF8, 0x39, 0xC0, 0x70, 0x01, 0xF0, 0x0F,
    0xFF, 0xFF, 0xFC, 0x00, 0x00, 0x00, 0x00, 0xE0, 0x1F, 0xE0, 0x00, 0x1C, 0x00, 0x00, 0x00, 0x1C,
    0x00, 0x00, 0x00, 0x07, 0xC0, 0x00, 0x3F, 0x03, 0xC0, 0x07, 0x80, 0x00, 0x0F, 0xF8, 0x00, 0xF0,
    0x00, 0x00, 0x00, 0x00, 0x00, 0xF0, 0x00, 0x3E, 0x00, 0x00, 0x00, 0x00, 0x00, 0x00, 0x00, 0x00,
    0x00, 0x00, 0x00, 0x00, 0x00, 0x00, 0x00, 0x00, 0x1F, 0xF0, 0x00, 0x00, 0x00, 0x00, 0x00, 0x00,
    0x00, 0x7F, 0xFF, 0xFC, 0x84, 0x92, 0x15, 0x4C, 0x85, 0x12, 0xF4, 0x48, 0x49, 0x32, 0xC0, 0x00,
    0x0E, 0x00, 0x00, 0x00, 0x00, 0x00, 0x1F, 0xFF, 0xFF, 0xFF, 0xFF, 0xFF, 0xFF, 0xFC, 0x39, 0xC0,
    0x70, 0x03, 0xF8, 0x01, 0xFF, 0xFF, 0xFF, 0x80, 0x00, 0x00, 0x00, 0xE0, 0x03, 0xF8, 0x00, 0x1C,
    0x00, 0x00, 0x00, 0x00, 0x00, 0x00, 0x00, 0x0F, 0x00, 0x00, 0x1F, 0xFF, 0xC0, 0x07, 0x00, 0x00,
    0x00, 0xF8, 0x00, 0xF0, 0x00, 0x00, 0x00, 0x00, 0x00, 0x70, 0x00, 0x0F, 0x00, 0x00, 0x00, 0x00,
    0x00, 0x00, 0x00, 0x00, 0x00, 0x00, 0x00, 0x00, 0x00, 0x00, 0x00, 0x00, 0x7F, 0x80, 0x00, 0x00,
    0x00, 0x00, 0x00, 0x00, 0x01, 0xFF, 0xFF, 0xF3, 0x13, 0x4C, 0x48, 0x93, 0x22, 0x4C, 0xC9, 0x31,
    0x34, 0x4C, 0xE0, 0x00, 0x0E, 0x00, 0x00, 0x00, 0x00, 0x00, 0x00, 0x7F, 0xFF, 0xFF, 0xFF, 0xF0,
    0x1F, 0xFC, 0x39, 0xC0, 0x70, 0x07, 0xFC, 0x00, 0x3F, 0xFF, 0xFF, 0xE0, 0x00, 0x00, 0x07, 0xE0,
    0x00, 0xFF, 0x00, 0x1C, 0x00, 0x00, 0x00, 0x00, 0x00, 0x00, 0x00, 0x1E, 0x00, 0x00, 0x0F, 0xFF,
    0xE0, 0xFF, 0x00, 0x00, 0x00, 0x1C, 0x00, 0xE0, 0x00, 0x00, 0x00, 0x00, 0x00, 0x70, 0x00, 0x07,
    0x80, 0x00, 0x00, 0x00, 0x00, 0x00, 0x00, 0x00, 0x00, 0x00, 0x00, 0x00, 0x00, 0x00, 0x00, 0x00,
    0xFC, 0x00, 0x00, 0x00, 0x00, 0x00, 0x00, 0x00, 0x03, 0xB7, 0xC4, 0xD3, 0x13, 0x4C, 0x51, 0x53,
    0x05, 0x4C, 0x15, 0x30, 0x36, 0x4C, 0x60, 0x00, 0x1C, 0x00, 0x00, 0x00, 0x00, 0x00, 0x00, 0x70,
    0x01, 0xFF, 0xFC, 0x00, 0x0F, 0xFE, 0x39, 0xC0, 0x78, 0x0F, 0x1C, 0x00, 0x0F, 0xFF, 0xFF, 0xF8,
    0x00, 0x00, 0x1F, 0xE0, 0x00, 0x1F, 0xC0, 0x1C, 0x00, 0x00, 0x00, 0x00, 0x00, 0x00, 0x00, 0x3C,
    0x00, 0x00, 0x03, 0xFF, 0xF9, 0xFF, 0x00, 0x00, 0x00, 0x1C, 0x01, 0xE0, 0x00, 0x00, 0x00, 0x00,
    0x00, 0x38, 0x00, 0x03, 0xC0, 0x00, 0x00, 0x00, 0x00, 0x00, 0x00, 0x00, 0x00, 0x00, 0x00, 0x00,
    0x00, 0x00, 0x00, 0x00, 0xF0, 0x00, 0x00, 0x00, 0x00, 0x00, 0x00, 0x00, 0x03, 0xDB, 0x21, 0x24,
    0x84, 0x92, 0x32, 0x6C, 0x88, 0x92, 0x22, 0x4C, 0x49, 0x32, 0x20, 0x00, 0x1C, 0x00, 0x00, 0x00,
    0x00, 0x00, 0x00, 0x70, 0x00, 0xFF, 0x00, 0x00, 0x07, 0xFF, 0x39, 0xE0, 0x78, 0x0E, 0x0E, 0x00,
    0x78, 0xFF, 0xFF, 0xFE, 0x00, 0x00, 0x3F, 0x00, 0x00, 0x07, 0xF0, 0x0E, 0x00, 0x00, 0x00, 0x00,
    0x00, 0x00, 0x00, 0x78, 0x00, 0x00, 0x00, 0x3F, 0xFF, 0xFF, 0x00, 0x00, 0x00, 0x1C, 0x01, 0xC0,
    0x00, 0x00, 0x00, 0x00, 0x00, 0x38, 0x00, 0x01, 0xC0, 0x00, 0x00, 0x00, 0x00, 0x00, 0x00, 0x00,
    0x00, 0x00, 0x00, 0x00, 0x00, 0x00, 0x00, 0x00, 0xC0, 0x00, 0x00, 0x00, 0x00, 0x01, 0x80, 0x00,
    0x7E, 0xA6, 0x12, 0x98, 0x4A, 0x61, 0x4C, 0x98, 0x52, 0x61, 0x49, 0x84, 0xA6, 0xA3, 0x30, 0x00,
    0x3C, 0x00, 0x00, 0x00, 0x00, 0x00, 0x00, 0x38, 0x00, 0x00, 0x00, 0x00, 0x03, 0xFF, 0x3D, 0xE0,
    0x78, 0x1C, 0x0F, 0x01, 0xF8, 0x1F, 0xFF, 0xFF, 0xC0, 0x00, 0x7C, 0x00, 0x00, 0x01, 0xFE, 0x0E,
    0x00, 0x00, 0x00, 0x00, 0x00, 0x00, 0x00, 0xF0, 0x00, 0x00, 0x00, 0x3C, 0xFF, 0xFF, 0x80, 0x00,
    0x00, 0x1C, 0x01, 0xC0, 0x00, 0x00, 0x00, 0x00, 0x00, 0x38, 0x00, 0x00, 0xE0, 0x00, 0x00, 0x00,
    0x00, 0x00, 0x00, 0x00, 0x00, 0x00, 0x00, 0x00, 0x00, 0x00, 0x00, 0x00, 0x00, 0x00, 0x00, 0x00,
    0x00, 0x03, 0xE0, 0x60, 0xFD, 0x26, 0x4C, 0x99, 0x32, 0x64, 0x88, 0x9A, 0x22, 0x6C, 0x89, 0x93,
    0x22, 0x44, 0xE0, 0x00, 0x78, 0x00, 0x00, 0x00, 0x00, 0x00, 0x00, 0x38, 0x00, 0x78, 0x00, 0x00,
    0x01, 0xFF, 0x9D, 0xE0, 0x38, 0x3C, 0x07, 0x07, 0xE0, 0x07, 0xFF, 0xFF, 0xF0, 0x00, 0x78, 0x00,
    0x00, 0x00, 0x3F, 0x8E, 0x00, 0x00, 0x00, 0x00, 0x00, 0x00, 0x03, 0xE0, 0x00, 0x00, 0x00, 0x78,
    0x1F, 0x87, 0xE0, 0x00, 0x00, 0x0E, 0x03, 0xC0, 0x00, 0x00, 0x00, 0x00, 0x00, 0x38, 0x00, 0x00,
    0xE0, 0x00, 0x00, 0x00, 0x00, 0x00, 0x00, 0x00, 0x00, 0x00, 0x00, 0x00, 0x00, 0x00, 0x00, 0x00,
    0x00, 0x00, 0x00, 0x00, 0x00, 0x03, 0x7F, 0xFF, 0xD2, 0x99, 0x4C, 0x25, 0x30, 0x95, 0x52, 0x64,
    0x50, 0x91, 0x42, 0x43, 0x09, 0xA4, 0xE0, 0x00, 0xF0, 0x00, 0x00, 0x00, 0x00, 0x00, 0x00, 0x78,
    0x00, 0x78, 0x00, 0x00, 0x0D, 0xFF, 0x9D, 0xC0, 0x38, 0x3F, 0xC7, 0x9F, 0x80, 0x00, 0xFF, 0xFF,
    0xFC, 0x00, 0x3C, 0x00, 0x00, 0x00, 0x0F, 0xEE, 0x00, 0x00, 0x00, 0x00, 0x00, 0x00, 0x07, 0xC0,
    0x00, 0x00, 0x00, 0xF0, 0x00, 0x03, 0xF8, 0x00, 0x00, 0x0E, 0x03, 0x80, 0x00, 0x00, 0x00, 0x00,
    0x00, 0x1C, 0x00, 0x00, 0x70, 0x00, 0x00, 0x00, 0x00, 0x00, 0x00, 0x00, 0x00, 0x00, 0x00, 0x08,
    0x00, 0x00, 0x00, 0x00, 0x00, 0x00, 0x00, 0x00, 0x7C, 0x1F, 0xB6, 0x5F, 0xCC, 0x50, 0x92, 0x42,
    0x49, 0x0B, 0x20, 0x42, 0x89, 0x0A, 0x24, 0x24, 0x81, 0x93, 0xC0, 0x01, 0xE0, 0x00, 0x00, 0x00,
    0x00, 0x00, 0x00, 0x78, 0x00, 0x78, 0x00, 0x07, 0xFE, 0xFF, 0xDD, 0xC0, 0x7F, 0xFF, 0xFF, 0xFF,
    0xF0, 0x00, 0x1F, 0xFF, 0xFF, 0x00, 0x1E, 0x00, 0x00, 0x00, 0x03, 0xFE, 0x00, 0x00, 0x00, 0x00,
    0x00, 0x00, 0x0F, 0x00, 0x00, 0x00, 0x01, 0xF0, 0x00, 0x00, 0xFE, 0x00, 0x00, 0x0E, 0x03, 0x80,
    0x00, 0x00, 0x00, 0x00, 0x00, 0x1C, 0x00, 0x00, 0x70, 0x00, 0x00, 0x00, 0x00, 0x00, 0x00, 0x00,
    0x00, 0x00, 0x00, 0x38, 0x00, 0x00, 0x00, 0x00, 0x00, 0x00, 0x00, 0x01, 0xFF, 0xFE, 0x49, 0x89,
    0x0E, 0x22, 0x69, 0x89, 0xA6, 0x24, 0xD8, 0x91, 0x26, 0x64, 0x98, 0x9A, 0x62, 0x6A, 0xC0, 0x01,
    0xC0, 0x00, 0x00, 0x01, 0xE0, 0x00, 0x00, 0xF8, 0x00, 0x7C, 0x00, 0x0F, 0xF6, 0x7F, 0xDF, 0xFF,
    0xFF, 0xFF, 0xFF, 0xFF, 0xFF, 0x81, 0xF7, 0xFF, 0xFF, 0xE0, 0x0F, 0x00, 0x00, 0x00, 0x00, 0x7F,
    0x80, 0x00, 0x00, 0x00, 0x00, 0x00, 0x3E, 0x00, 0x00, 0x00, 0x01, 0xE0, 0x00, 0x00, 0x3F, 0x00,
    0x00, 0x0E, 0x03, 0x80, 0x00, 0x00, 0x00, 0x00, 0x00, 0x1C, 0x00, 0x00, 0x70, 0x00, 0x00, 0x00,
    0x00, 0x00, 0x00, 0x00, 0x00, 0x00, 0x00, 0x38, 0x00, 0x00, 0x00, 0x00, 0x00, 0x00, 0x00, 0x07,
    0xB3, 0xE2, 0xA9, 0x80, 0x92, 0x52, 0x69, 0x89, 0xA6, 0x2A, 0x89, 0x02, 0xA6, 0x0A, 0x98, 0x1A,
    0x24, 0x24, 0xC0, 0x03, 0xC0, 0x00, 0x00, 0x03, 0xFC, 0x00, 0x00, 0xF8, 0x03, 0xFC, 0x00, 0x1E,
    0x67, 0x7F, 0xDF, 0xFF, 0xFF, 0xF0, 0x0F, 0xFF, 0xFF, 0xFF, 0xFC, 0xFF, 0xFF, 0xF8, 0x07, 0x00,
    0x00, 0x00, 0x00, 0x1F, 0xF8, 0x00, 0x70, 0x00, 0x00, 0x00, 0xFC, 0x00, 0x00, 0x00, 0x01, 0xC0,
    0x00, 0x00, 0x0F, 0xC0, 0x00, 0x0E, 0x03, 0xC0, 0x00, 0x00, 0x00, 0x00, 0x00, 0x0E, 0x00, 0x00,
    0x70, 0x00, 0x00, 0x00, 0x00, 0x00, 0x00, 0x00, 0x00, 0x00, 0x00, 0x70, 0x00, 0x00, 0x00, 0x00,
    0x00, 0x07, 0x00, 0x3F, 0x48, 0x91, 0x12, 0x66, 0x69, 0x88, 0x92, 0x42, 0x49, 0x11, 0x26, 0x64,
    0x49, 0x11, 0x24, 0x24, 0x98, 0x9A, 0xE0, 0x03, 0x80, 0x00, 0x00, 0x07, 0xFE, 0x00, 0x00, 0xFC,
    0xFF, 0xFC, 0x00, 0x39, 0x0B, 0x3F, 0xFF, 0xFF, 0xFF, 0xC0, 0x00, 0x00, 0x07, 0xFF, 0xC0, 0x3F,
    0xFF, 0xFF, 0x07, 0x00, 0x00, 0x00, 0x00, 0x0F, 0xFE, 0x00, 0xF0, 0x00, 0x00, 0x00, 0xF0, 0x00,
    0x00, 0x00, 0x03, 0xC0, 0x00, 0x00, 0x03, 0xE0, 0x00, 0x0E, 0x03, 0xC0, 0x00, 0x00, 0x00, 0x00,
    0x00, 0x0E, 0x00, 0x00, 0x70, 0x00, 0x00, 0x00, 0x00, 0x00, 0x00, 0x00, 0x00, 0x00, 0x00, 0xF0,
    0x00, 0x00, 0x00, 0x00, 0x00, 0x07, 0xF9, 0xFE, 0x85, 0x0A, 0x0C, 0x20, 0x71, 0x85, 0x0C, 0x24,
    0x30, 0xA2, 0xC6, 0x19, 0x30, 0xA0, 0xC2, 0x53, 0x18, 0x1D, 0x70, 0x07, 0xFF, 0xFC, 0x00, 0x0F,
    0x1F, 0x00, 0x00, 0xFF, 0xFF, 0xFC, 0x00, 0x18, 0x93, 0x3F, 0xE3, 0xFE, 0x01, 0xC0, 0x00, 0x00,
    0x00, 0xFE, 0x00, 0x0F, 0xFF, 0xFF, 0xE7, 0x00, 0x00, 0x00, 0x00, 0x1C, 0x7F, 0x83, 0xE0, 0x00,
    0x00, 0x00, 0xE0, 0x00, 0x00, 0x00, 0x03, 0xC0, 0x00, 0x00, 0x00, 0xF0, 0x00, 0x0E, 0x01, 0xC0,
    0x00, 0x00, 0x00, 0x00, 0x00, 0x0E, 0x00, 0x00, 0x00, 0x00, 0x00, 0x00, 0x00, 0x00, 0x00, 0x00,
    0x00, 0x00, 0x00, 0xE0, 0x00, 0x00, 0x00, 0x00, 0x00, 0x3F, 0xFF, 0xC9, 0x12, 0x04, 0x4C, 0x90,
    0x92, 0x62, 0x4C, 0x19, 0x30, 0x44, 0x49, 0x11, 0x36, 0x44, 0xD9, 0x91, 0x26, 0x24, 0xB8, 0x03,
    0xFF, 0xFF, 0x00, 0x1E, 0x07, 0x80, 0x00, 0xFF, 0xFF, 0x3C, 0x00, 0x70, 0x6E, 0x3F, 0xE1, 0xFC,
    0x03, 0x80, 0x00, 0x00, 0x00, 0x3F, 0x80, 0x01, 0xFF, 0xFF, 0xFF, 0x00, 0x00, 0x00, 0x00, 0x1C,
    0x07, 0xE7, 0xC0, 0x00, 0x00, 0x00, 0xE0, 0x00, 0x00, 0x00, 0x07, 0x80, 0x00, 0x00, 0x00, 0x78,
    0x00, 0x0E, 0x01, 0xE0, 0x00, 0x00, 0x00, 0x00, 0x00, 0x0F, 0x00, 0x00, 0x00, 0x00, 0x00, 0x00,
    0x00, 0x00, 0x00, 0x00, 0x00, 0x00, 0x01, 0xC0, 0x00, 0x00, 0x00, 0x00, 0x00, 0x7D, 0x85, 0x02,
    0x85, 0x2A, 0x13, 0x09, 0x4C, 0x25, 0x12, 0x98, 0x4A, 0xA9, 0x30, 0xA4, 0xC8, 0xA1, 0x21, 0x84,
    0xC2, 0x53, 0x5C, 0x03, 0xFF, 0xFF, 0xC0, 0x3C, 0x03, 0xE0, 0x00, 0xFF, 0xE0, 0x3C, 0x00, 0xEA,
    0x7E, 0x1F, 0xF1, 0xFC, 0x03, 0x80, 0x00, 0x00, 0x00, 0x07, 0xE0, 0x06, 0x7F, 0xFF, 0xFB, 0x00,
    0x00, 0x00, 0x00, 0x1C, 0x01, 0xFF, 0x00, 0x00, 0x00, 0x00, 0x70, 0x00, 0x00, 0x00, 0x07, 0x80,
    0x00, 0x00, 0x00, 0x3E, 0x00, 0x1C, 0x01, 0xE0, 0x00, 0x00, 0x00, 0x00, 0x00, 0x07, 0xF8, 0x00,
    0x30, 0x00, 0x00, 0x00, 0x00, 0x00, 0x00, 0x00, 0x00, 0x00, 0x03, 0xC0, 0x00, 0x00, 0x00, 0x00,
    0x00, 0xE9, 0xB2, 0x24, 0x48, 0x91, 0x21, 0x46, 0x0C, 0x98, 0xA1, 0x24, 0x85, 0x10, 0x36, 0x40,
    0x85, 0x12, 0x12, 0x40, 0xC9, 0x83, 0x2F, 0xE0, 0x00, 0x07, 0xF0, 0x78, 0x01, 0xF8, 0x00, 0xC0,
    0xE0, 0x3E, 0x01, 0xC7, 0xF8, 0x1F, 0xF1, 0xFC, 0x03, 0x80, 0x00, 0x00, 0x00, 0x01, 0xF8, 0x03,
    0x9F, 0xFF, 0xFC, 0x7F, 0xFF, 0xC0, 0x00, 0x38, 0x00, 0x7E, 0x00, 0x00, 0x00, 0x00, 0x70, 0x00,
    0x00, 0x00, 0x07, 0x00, 0x00, 0x00, 0x00, 0x1F, 0xC0, 0x1C, 0x07, 0xF0, 0x00, 0x00, 0x00, 0x00,
    0x00, 0x03, 0xFE, 0x00, 0x78, 0x00, 0x00, 0x00, 0x00, 0x00, 0x00, 0x00, 0x00, 0x00, 0x03, 0x80,
    0x00, 0x00, 0x00, 0x00, 0x00, 0xE2, 0x45, 0x09, 0x30, 0x60, 0xC4, 0x86, 0x12, 0x18, 0x40, 0xC3,
    0x02, 0x28, 0x48, 0xA1, 0x22, 0x0C, 0xCC, 0x21, 0x21, 0x84, 0x9B, 0xFE, 0x3F, 0x01, 0xFF, 0xF0,
    0x00, 0x7E, 0x01, 0xC0, 0xE0, 0x3E, 0x03, 0x3F, 0x80, 0x1F, 0xF0, 0xFC, 0x03, 0x00, 0x00, 0x00,
    0x00, 0x00, 0x7E, 0x01, 0xE7, 0xFF, 0xFD, 0xFF, 0xFF, 0xFF, 0xFE, 0x38, 0x00, 0x7F, 0x80, 0x00,
    0x00, 0x00, 0x70, 0x00, 0x00, 0x00, 0x0F, 0x00, 0x00, 0x00, 0x00, 0x07, 0xFF, 0xFF, 0xFF, 0xF8,
    0x00, 0x0C, 0x00, 0x00, 0x00, 0x00, 0xFF, 0x87, 0xF8, 0x00, 0x00, 0x00, 0x00, 0x00, 0x00, 0x00,
    0x00, 0x00, 0x07, 0x00, 0x00, 0x00, 0x00, 0x00, 0x00, 0xD4, 0x28, 0x90, 0x31, 0x64, 0xC0, 0x49,
    0x21, 0x24, 0xA4, 0xD3, 0x15, 0x44, 0x85, 0x12, 0x05, 0x4C, 0x0D, 0x12, 0x12, 0x48, 0x59, 0x3F,
    0xFF, 0xC0, 0x7F, 0xE0, 0x00, 0x3F, 0xC1, 0xC0, 0xE0, 0x3E, 0x03, 0xF8, 0x00, 0x0F, 0xF0, 0xF8,
    0x07, 0x00, 0x00, 0x00, 0x00, 0x00, 0x1F, 0x00, 0xF0, 0xFF, 0xFD, 0xFF, 0xFF, 0xFF, 0xFF, 0xFE,
    0x00, 0xFF, 0xC0, 0x00, 0x00, 0x00, 0x70, 0x00, 0x00, 0x00, 0x0E, 0x00, 0x00, 0x00, 0x00, 0x01,
    0xFF, 0xFF, 0xFF, 0x3E, 0x00, 0x3F, 0xC0, 0x00, 0x00, 0x00, 0x0F, 0xFF, 0xF8, 0x00, 0x00, 0x00,
    0x00, 0x00, 0x00, 0x00, 0x00, 0x00, 0x0F, 0x00, 0x00, 0x00, 0x00, 0x00, 0x01, 0xC9, 0x10, 0x64,
    0x48, 0x91, 0x22, 0x34, 0xC4, 0xD3, 0x11, 0x24, 0x88, 0x93, 0x32, 0x4C, 0x48, 0x92, 0x12, 0x4C,
    0x4D, 0x31, 0x24, 0x48, 0x89, 0xE0, 0x0F, 0xC0, 0x00, 0x0F, 0xF1, 0xC0, 0xE0, 0x3E, 0x06, 0xC0,
    0x00, 0x0F, 0xF0, 0x78, 0x07, 0x00, 0x00, 0x00, 0x00, 0x00, 0x0F, 0xC0, 0xFC, 0x3F, 0xFD, 0xF0,
    0x0F, 0xFF, 0xFF, 0xFF, 0xF3, 0xE1, 0xF8, 0x00, 0x00, 0x00, 0x30, 0x00, 0x00, 0x00, 0x1E, 0x00,
    0x00, 0x00, 0x00, 0x00, 0x1F, 0xFF, 0xF8, 0x1F, 0x00, 0xFF, 0xF8, 0x00, 0x00, 0x00, 0x03, 0xFF,
    0xF8, 0x00, 0x00, 0x00, 0x00, 0x00, 0x00, 0x00, 0x00, 0x00, 0x0E, 0x00, 0x00, 0x00, 0x00, 0x00,
    0x01, 0xD4, 0x2B, 0x60, 0x85, 0x1A, 0x30, 0x30, 0xC0, 0xC3, 0x0B, 0x18, 0x51, 0x43, 0x05, 0x0C,
    0x10, 0x73, 0x21, 0x0C, 0x0C, 0x30, 0x52, 0xC5, 0x06, 0x30, 0x00, 0x00, 0x00, 0x01, 0xFF, 0xC0,
    0x70, 0x1E, 0x06, 0xC0, 0x00, 0x17, 0xE0, 0x7E, 0x07, 0x00, 0x00, 0x00, 0x00, 0x00, 0x03, 0xE0,
    0x3F, 0x8F, 0xFD, 0x00, 0x00, 0x00, 0x00, 0x3F, 0xFF, 0xC0, 0xFF, 0x00, 0x00, 0x00, 0x70, 0x00,
    0x00, 0x00, 0x1C, 0x00, 0x00, 0x00, 0x00, 0x00, 0x00, 0x18, 0x00, 0x07, 0xDF, 0xF9, 0xFF, 0x00,
    0x00, 0x00, 0x00, 0x70, 0x70, 0x00, 0x00, 0x00, 0x00, 0x00, 0x00, 0x00, 0x00, 0x00, 0x1E, 0x00,
    0x00, 0x0C, 0x00, 0x00, 0x01, 0xA2, 0x44, 0x91, 0x1A, 0x24, 0xC8, 0x49, 0x21, 0x24, 0x84, 0x98,
    0x22, 0x24, 0x88, 0x92, 0x32, 0x6C, 0xC9, 0x92, 0x12, 0x48, 0x89, 0x02, 0x26, 0x58, 0x00, 0x00,
    0x00, 0x00, 0x7F, 0x80, 0x70, 0x1F, 0x07, 0x80, 0x00, 0x7B, 0xC0, 0x1F, 0x07, 0x80, 0x00, 0x00,
    0x00, 0x00, 0x01, 0xF8, 0x0F, 0xEF, 0xF8, 0x00, 0x00, 0x00, 0x00, 0x01, 0xFF, 0xC0, 0x3F, 0xE0,
    0x00, 0x00, 0x70, 0x00, 0x00, 0x00, 0x3C, 0x00, 0x00, 0x00, 0x00, 0x00, 0x00, 0x00, 0x00, 0x03,
    0xFF, 0xC0, 0x3F, 0xC0, 0x00, 0x00, 0x00, 0x00, 0x70, 0x00, 0x00, 0x00, 0x00, 0x00, 0x00, 0x00,
    0x00, 0x00, 0x1E, 0x00, 0x00, 0x3F, 0x00, 0x00, 0x01, 0xE1, 0x83, 0x0A, 0x05, 0x0A, 0x04, 0xA6,
    0x12, 0x98, 0x4A, 0x25, 0x54, 0x98, 0x52, 0x61, 0x48, 0x90, 0xC2, 0x61, 0x29, 0x85, 0x26, 0x95,
    0x09, 0x9C, 0x00, 0x00, 0x00, 0x00, 0x0F, 0x00, 0x70, 0x1F, 0x07, 0x80, 0x07, 0xFC, 0x20, 0x0F,
    0xE7, 0x80, 0x00, 0x00, 0x00, 0x00, 0x00, 0x7C, 0x03, 0xEF, 0xF8, 0x00, 0x00, 0x00, 0x00, 0x00,
    0x1F, 0xF0, 0x0F, 0xF0, 0x00, 0x00, 0xF0, 0x00, 0x00, 0x00, 0x3C, 0x00, 0x00, 0x00, 0x00, 0x00,
    0x00, 0x00, 0x00, 0x01, 0xFF, 0x80, 0x07, 0xE0, 0x00, 0x00, 0x00, 0x00, 0xE0, 0x00, 0x00, 0x00,
    0x00, 0x00, 0x00, 0x00, 0x00, 0x00, 0x1F, 0x80, 0x00, 0x7F, 0xC0, 0x00, 0xE1, 0xF9, 0x93, 0x24,
    0x4C, 0x99, 0x23, 0x26, 0x4C, 0x99, 0x33, 0x62, 0x88, 0x9B, 0x22, 0x64, 0x89, 0x99, 0x22, 0x64,
    0xC9, 0x92, 0x26, 0x48, 0x99, 0xA6, 0x00, 0x00, 0x00, 0x00, 0x00, 0x00, 0x70, 0x1F, 0x07, 0x80,
    0x7F, 0xFF, 0xE0, 0x07, 0xFF, 0x80, 0x00, 0x00, 0x00, 0x00, 0x00, 0x3F, 0x00, 0x6F, 0xF8, 0x00,
    0x00, 0x00, 0x00, 0x00, 0x01, 0xFC, 0x01, 0xF8, 0x00, 0x00, 0xE0, 0x00, 0x00, 0x00, 0x78, 0x00,
    0x00, 0x00, 0x00, 0x00, 0x00, 0x00, 0x00, 0x00, 0x78, 0x00, 0x00, 0xF0, 0x00, 0x00, 0x00, 0x00,
    0xE0, 0x00, 0x00, 0x00, 0x00, 0x00, 0x00, 0x00, 0x00, 0x00, 0x3F, 0xE0, 0x00, 0xFB, 0xF8, 0x00,
    0xF3, 0xF2, 0x54, 0x8A, 0x53, 0x66, 0x83, 0x09, 0x4C, 0x25, 0x30, 0x81, 0x14, 0x24, 0x50, 0x91,
    0x42, 0x67, 0x10, 0x94, 0xC2, 0x55, 0x09, 0x70, 0x66, 0x47, 0xBF, 0xE0, 0x00, 0x01, 0xFF, 0x80,
    0x70, 0x1F, 0x07, 0x07, 0xFF, 0xFF, 0xF0, 0x03, 0xFF, 0xFF, 0xC1, 0xFF, 0xFF, 0x80, 0x00, 0x0F,
    0x80, 0x0F, 0xF8, 0x00, 0x00, 0x00, 0x00, 0x00, 0x00, 0xFF, 0x00, 0x3C, 0x00, 0x01, 0xC0, 0x00,
    0x00, 0x00, 0xF0, 0x00, 0x00, 0x00, 0x00, 0x00, 0x00, 0x00, 0x00, 0x00, 0x3C, 0x00, 0x00, 0x78,
    0x00, 0x00, 0x00, 0x01, 0xE0, 0x00, 0x00, 0x00, 0x00, 0x00, 0x00, 0x00, 0x00, 0x00, 0x39, 0xF8,
    0x01, 0xE0, 0xFC, 0x00, 0x3F, 0xF4, 0x28, 0x51, 0x30, 0x60, 0xC4, 0x90, 0x92, 0x42, 0x49, 0x4A,
    0xA6, 0x42, 0x89, 0x0A, 0x24, 0x06, 0x99, 0x09, 0x24, 0x28, 0x90, 0xB2, 0x64, 0x29, 0xFF, 0xF0,
    0x00, 0x01, 0xBF, 0xE0, 0x70, 0x1F, 0x07, 0xFF, 0xFE, 0x01, 0xF8, 0x00, 0xFF, 0xFF, 0xFF, 0xFF,
    0xFF, 0xF8, 0x00, 0x07, 0xE0, 0x07, 0xFC, 0x00, 0x00, 0x00, 0x00, 0x00, 0x01, 0xCF, 0x80, 0x1F,
    0x00, 0x03, 0xC0, 0x00, 0x00, 0x01, 0xE0, 0x00, 0x00, 0x00, 0x00, 0x00, 0x00, 0x00, 0x00, 0x00,
    0x1E, 0x00, 0x00, 0x38, 0x00, 0x00, 0x00, 0x03, 0xC0, 0x00, 0x00, 0x00, 0x00, 0x00, 0x00, 0x00,
    0x00, 0x00, 0x38, 0x7C, 0x07, 0xC0, 0x3E, 0x00, 0x3C, 0x98, 0x12, 0x20, 0xC8, 0x91, 0x2A, 0x62,
    0x69, 0x89, 0xA6, 0x24, 0x49, 0x91, 0x26, 0x64, 0x98, 0x89, 0x26, 0x26, 0x98, 0x92, 0x62, 0x48,
    0x99, 0x12, 0x66, 0x70, 0x0F, 0x01, 0xC2, 0x70, 0x30, 0x1F, 0xFF, 0xFF, 0xE0, 0x01, 0xFE, 0x7F,
    0x07, 0xFF, 0xFF, 0xFF, 0xFF, 0xFF, 0xC0, 0x01, 0xF8, 0x07, 0xFC, 0x00, 0x00, 0x00, 0x00, 0x00,
    0x01, 0xC3, 0xE0, 0x0F, 0x80, 0x07, 0x80, 0x00, 0x00, 0x01, 0xC0, 0x00, 0x00, 0x00, 0x00, 0x00,
    0x00, 0x00, 0x00, 0x00, 0x0F, 0x00, 0x00, 0x1C, 0x00, 0x00, 0x00, 0x07, 0xC0, 0x00, 0x00, 0x00,
    0x00, 0x00, 0x00, 0x00, 0x00, 0x00, 0x38, 0x3F, 0xFF, 0x80, 0x0F, 0x00, 0x3C, 0x99, 0xAA, 0x52,
    0xC9, 0x18, 0x12, 0x62, 0x69, 0x89, 0xA6, 0x38, 0xA9, 0x82, 0xA6, 0x0A, 0x98, 0x18, 0xA6, 0x26,
    0x98, 0xAA, 0x62, 0xAD, 0x98, 0x2A, 0x60, 0x71, 0x0F, 0xC3, 0xE6, 0xBC, 0x3F, 0xFF, 0xFF, 0xFC,
    0x00, 0x01, 0xFF, 0xFF, 0xC7, 0x9F, 0xFF, 0xF8, 0x00, 0x3F, 0xF8, 0x00, 0xFC, 0x07, 0xFC, 0x00,
    0x00, 0x00, 0x00, 0x00, 0x03, 0xC1, 0xF0, 0x03, 0xC0, 0x0F, 0x00, 0x00, 0x00, 0x03, 0x80, 0x00,
    0x00, 0x00, 0x00, 0x00, 0x00, 0x00, 0x00, 0x00, 0x07, 0x80, 0x00, 0x1C, 0x00, 0x00, 0x00, 0x07,
    0x80, 0x00, 0x00, 0x00, 0x00, 0x00, 0x00, 0x00, 0x00, 0x00, 0x38, 0x0F, 0xFE, 0x00, 0x07, 0xC0,
    0x1A, 0x24, 0x44, 0x89, 0x32, 0x24, 0x68, 0x90, 0x92, 0x42, 0x49, 0x19, 0x32, 0x44, 0x49, 0x11,
    0x26, 0x24, 0xD9, 0x09, 0x24, 0x44, 0x91, 0x92, 0x64, 0x44, 0x90, 0x9B, 0xFE, 0xDF, 0x99, 0x3E,
    0x3F, 0xFF, 0xFF, 0xE0, 0x00, 0x00, 0xFF, 0xFF, 0xE7, 0xBF, 0xFF, 0xFF, 0x80, 0x03, 0xFF, 0x00,
    0x3F, 0x03, 0xFE, 0x00, 0x00, 0x00, 0x00, 0x00, 0x03, 0x80, 0x78, 0x01, 0xC0, 0x1E, 0x00, 0x00,
    0x00, 0x07, 0x80, 0x00, 0x00, 0x00, 0x00, 0x00, 0x00, 0x00, 0x00, 0x00, 0x03, 0xC0, 0x00, 0x0E,
    0x00, 0x00, 0x00, 0x0F, 0x80, 0x00, 0x00, 0x00, 0x00, 0x00, 0x00, 0x00, 0x00, 0x00, 0x38, 0x03,
    0xF8, 0x00, 0x03, 0xE0, 0xA5, 0x42, 0x83, 0x06, 0x14, 0x0A, 0x55, 0x09, 0x4C, 0x25, 0x30, 0xA6,
    0x4C, 0x29, 0x30, 0xA4, 0xC2, 0x51, 0x31, 0x94, 0xC2, 0x93, 0x0A, 0x4D, 0x42, 0x93, 0x09, 0x5F,
    0xF4, 0xFC, 0x1A, 0x4F, 0xBF, 0xC1, 0xFE, 0xC0, 0xF8, 0x00, 0xEF, 0xFF, 0xFF, 0xF9, 0x80, 0x1F,
    0xF0, 0x00, 0x1F, 0xC0, 0x0F, 0xC3, 0xFF, 0x00, 0x00, 0x00, 0x00, 0x00, 0x07, 0x80, 0x3E, 0x01,
    0xC0, 0x3C, 0x00, 0x00, 0x00, 0x0F, 0x00, 0x00, 0x00, 0x00, 0x00, 0x00, 0x00, 0x00, 0x00, 0x00,
    0x01, 0xE0, 0x00, 0x1C, 0x00, 0x00, 0x00, 0x1F, 0x00, 0x00, 0x00, 0x00, 0x00, 0x00, 0x00, 0x00,
    0x00, 0x00, 0x38, 0x00, 0x00, 0x00, 0x00, 0xF0, 0x44, 0x89, 0x33, 0x26, 0x48, 0x89, 0x92, 0x26,
    0x4C, 0x99, 0x32, 0x46, 0x4D, 0x11, 0x36, 0x44, 0xC9, 0x91, 0x32, 0x64, 0xC9, 0x13, 0x24, 0x4C,
    0x91, 0x13, 0x66, 0x4F, 0x99, 0x32, 0x24, 0x4D, 0xF0, 0x00, 0x0C, 0xFF, 0xFF, 0x01, 0xE1, 0xFF,
    0xFF, 0xF1, 0x80, 0x07, 0xFC, 0x00, 0x07, 0xF0, 0x03, 0xF3, 0xFF, 0x00, 0x00, 0x00, 0x00, 0x00,
    0x0F, 0x00, 0x1F, 0x03, 0xF8, 0x78, 0x00, 0x00, 0x00, 0x1E, 0x00, 0x00, 0x00, 0x00, 0x00, 0x00,
    0x00, 0x00, 0x00, 0x00, 0x03, 0xF0, 0x00, 0x1C, 0x00, 0x00, 0x00, 0x3E, 0x00, 0x00, 0x00, 0x00,
    0x00, 0x00, 0x00, 0x00, 0x00, 0x00, 0x38, 0x00, 0x00, 0x00, 0x00, 0x7C, 0xA1, 0x4A, 0x84, 0xA9,
    0x94, 0x01, 0x85, 0x26, 0x12, 0x98, 0x4A, 0xA9, 0x32, 0x28, 0x48, 0xA1, 0x21, 0x84, 0xCA, 0x61,
    0x2A, 0x84, 0xAA, 0x13, 0x42, 0x84, 0x86, 0x1E, 0x18, 0x4C, 0x6A, 0x32, 0xF8, 0x00, 0x0D, 0x35,
    0x97, 0xE1, 0xE0, 0x01, 0xFF, 0xF3, 0xC0, 0x0F, 0xFF, 0x00, 0x00, 0xFC, 0x00, 0xFD, 0xFF, 0x8C,
    0x00, 0x00, 0x00, 0x00, 0x0E, 0x00, 0x07, 0xC3, 0xFE, 0xF0, 0x00, 0x00, 0x00, 0x3E, 0x00, 0x00,
    0x00, 0x00, 0x00, 0x00, 0x00, 0x00, 0x00, 0x00, 0x07, 0xF8, 0x00, 0x1C, 0x00, 0x00, 0x00, 0x7C,
    0x00, 0x00, 0x00, 0x00, 0x00, 0x00, 0x00, 0x00, 0x00, 0x00, 0x38, 0x00, 0x00, 0x00, 0x00, 0x3E,
    0x12, 0x24, 0x48, 0x50, 0xB2, 0x62, 0xC8, 0x89, 0x21, 0x24, 0x85, 0x90, 0xA1, 0x44, 0x85, 0x12,
    0x12, 0x40, 0x8D, 0x92, 0x14, 0x48, 0x51, 0x23, 0x64, 0xC8, 0x49, 0x27, 0x24, 0xC4, 0x93, 0x21,
    0x5C, 0x00, 0x7A, 0x12, 0x62, 0xF9, 0xE0, 0x00, 0x7F, 0xE3, 0xC0, 0x3F, 0x7F, 0x80, 0x00, 0x3F,
    0x00, 0x3F, 0xFF, 0xFF, 0x80, 0x00, 0x00, 0x00, 0x1C, 0x00, 0x03, 0xF7, 0x3F, 0xE0, 0x00, 0x00,
    0x00, 0x3F, 0x00, 0x00, 0x00, 0x00, 0x00, 0x00, 0x00, 0x00, 0x00, 0x00, 0x0F, 0x3C, 0x00, 0x1C,
    0x00, 0x00, 0x00, 0x7C, 0x00, 0x00, 0x00, 0x00, 0x00, 0x00, 0x00, 0x00, 0x00, 0x00, 0x38, 0x00,
    0x00, 0x00, 0x00, 0x0F, 0x4C, 0x59, 0x30, 0x24, 0x49, 0x85, 0x31, 0x54, 0xC4, 0xD3, 0x12, 0x6C,
    0x48, 0x93, 0x32, 0x4C, 0x4D, 0x31, 0x13, 0x4C, 0x49, 0x31, 0x24, 0xC4, 0x99, 0x32, 0x34, 0xCC,
    0xD3, 0x23, 0x64, 0xC4, 0x9E, 0x7F, 0xEC, 0x4C, 0x71, 0x79, 0xE0, 0x00, 0x3F, 0xC1, 0xC0, 0x7A,
    0x2F, 0xE0, 0x00, 0x0F, 0xE0, 0x0E, 0xFF, 0xFF, 0xC0, 0x00, 0x00, 0x00, 0x1C, 0x00, 0x00, 0xFF,
    0x07, 0xC0, 0x00, 0x00, 0x00, 0x7F, 0xC0, 0x00, 0x00, 0x00, 0x00, 0x00, 0x00, 0x00, 0x00, 0x00,
    0x1E, 0x1E, 0x00, 0x1C, 0x00, 0x00, 0x00, 0xF8, 0x00, 0x00, 0x00, 0x00, 0x00, 0x00, 0x00, 0x00,
    0x00, 0x00, 0x38, 0x00, 0x00, 0x00, 0x00, 0x07, 0x0C, 0x59, 0x33, 0x54, 0xA8, 0x88, 0x31, 0x24,
    0xC4, 0xD3, 0x15, 0x44, 0xA1, 0x53, 0x05, 0x4C, 0x0D, 0x12, 0x13, 0x4C, 0x55, 0x31, 0x54, 0xC8,
    0x59, 0x30, 0x34, 0xC0, 0xD3, 0x23, 0x44, 0xC5, 0x57, 0xFF, 0xCC, 0x0C, 0x92, 0xE1, 0xC0, 0x00,
    0x1F, 0x83, 0xFC, 0xE5, 0x13, 0xF8, 0x00, 0x03, 0xF8, 0x03, 0xFF, 0xFF, 0xE0, 0x00, 0x00, 0x00,
    0x1C, 0x00, 0x00, 0x7F, 0x03, 0x80, 0x00, 0x00, 0x00, 0x7F, 0xFF, 0x00, 0x00, 0x00, 0x00, 0x00,
    0x00, 0x00, 0x00, 0x00, 0x3C, 0x0F, 0x00, 0x3C, 0x00, 0x00, 0x00, 0xF0, 0x00, 0x00, 0x00, 0x00,
    0x00, 0x00, 0x00, 0x00, 0x00, 0x00, 0x38, 0x00, 0x00, 0x00, 0x00, 0x03, 0x12, 0x24, 0x48, 0x89,
    0x12, 0x54, 0x48, 0x51, 0x21, 0x24, 0x8C, 0x93, 0x32, 0x24, 0xC8, 0x92, 0x12, 0x4C, 0x4C, 0x92,
    0x22, 0x48, 0x89, 0x33, 0x24, 0xC8, 0x49, 0x21, 0x24, 0xC4, 0x93, 0x22, 0x24, 0x84, 0x92, 0x13,
    0x4C, 0x81, 0xC0, 0x00, 0x0F, 0xE3, 0xFF, 0xE2, 0x29, 0xFC, 0x00, 0x00, 0xFE, 0x01, 0x7F, 0xFF,
    0xE0, 0x00, 0x00, 0x00, 0x1C, 0x00, 0x00, 0x1F, 0xF0, 0x00, 0x00, 0x00, 0x00, 0x78, 0xFF, 0xFC,
    0x00, 0x00, 0x00, 0x00, 0x00, 0x00, 0x00, 0x00, 0x38, 0x07, 0xC0, 0xFC, 0x00, 0x00, 0x01, 0xC0,
    0x00, 0x00, 0x00, 0x00, 0x00, 0x00, 0x00, 0x00, 0x00, 0x00, 0x38, 0x00, 0x00, 0x00, 0x00, 0x01,
    0xA1, 0x4A, 0x85, 0x06, 0x0C, 0x20, 0x84, 0xAA, 0x12, 0x98, 0x53, 0x63, 0x0C, 0x9B, 0xFF, 0x61,
    0x29, 0x8C, 0x0A, 0x61, 0x49, 0x85, 0x26, 0x30, 0xDA, 0x84, 0xA6, 0x12, 0x98, 0x4D, 0x62, 0x34,
    0x98, 0x4A, 0x61, 0x23, 0x8D, 0x83, 0xC0, 0x00, 0x0F, 0xF3, 0xFF, 0xFD, 0x44, 0xFF, 0x00, 0x00,
    0x3F, 0x80, 0xBF, 0xFF, 0xE0, 0x00, 0x00, 0x00, 0x1F, 0x00, 0x00, 0x0F, 0xFF, 0xC0, 0x01, 0xFF,
    0xC0, 0x78, 0x3F, 0xFF, 0x00, 0x00, 0x00, 0x00, 0x00, 0x00, 0x00, 0x00, 0x38, 0x03, 0xE1, 0xF0,
    0x00, 0x00, 0x03, 0xC0, 0x00, 0x00, 0x00, 0x00, 0x00, 0x00, 0x00, 0x00, 0x00, 0x00, 0x38, 0x00,
    0x00, 0x00, 0x00, 0x03, 0x44, 0x89, 0x12, 0x26, 0x44, 0xD1, 0x13, 0x24, 0x4C, 0x99, 0x22, 0x24,
    0x8C, 0x9B, 0x07, 0x6C, 0xC8, 0x93, 0x12, 0x64, 0x89, 0x92, 0x26, 0x48, 0x89, 0x23, 0x26, 0xCC,
    0x99, 0x32, 0x24, 0x48, 0x99, 0x32, 0x64, 0xC4, 0x97, 0x03, 0x80, 0x00, 0x0E, 0xFF, 0xF3, 0xFC,
    0x83, 0x3F, 0xC0, 0x00, 0x0F, 0xFF, 0xDF, 0xFF, 0xF0, 0x00, 0x00, 0x00, 0x0F, 0xC0, 0x00, 0x1C,
    0xFF, 0xFF, 0xFF, 0xFF, 0xFC, 0x78, 0x00, 0x7F, 0x80, 0x00, 0x00, 0x00, 0x00, 0x00, 0x00, 0x00,
    0x30, 0x00, 0xF3, 0xC0, 0x00, 0x00, 0x03, 0x80, 0x00, 0x00, 0x00, 0x00, 0x00, 0x00, 0x00, 0x00,
    0x00, 0x00, 0x38, 0x00, 0x00, 0x00, 0x00, 0x07, 0xA1, 0x42, 0x95, 0x09, 0x82, 0x8A, 0x03, 0x0A,
    0x4C, 0x25, 0x54, 0x98, 0x52, 0x27, 0x07, 0x90, 0xC2, 0x61, 0x29, 0x95, 0x42, 0x55, 0x09, 0x85,
    0x26, 0x83, 0x09, 0x0C, 0x26, 0x34, 0x18, 0x54, 0x25, 0x30, 0x90, 0xCA, 0x6E, 0x07, 0x80, 0x00,
    0x0F, 0x3F, 0x80, 0x07, 0x53, 0x1F, 0xE0, 0x00, 0x03, 0xFF, 0xEF, 0xFF, 0xF0, 0x00, 0x00, 0x00,
    0x07, 0xF0, 0x00, 0x1C, 0x0F, 0xFF, 0xFF, 0xFF, 0xFF, 0x38, 0x00, 0x07, 0xFF, 0x00, 0x00, 0x00,
    0x00, 0x00, 0x00, 0x00, 0x70, 0x00, 0x7F, 0x80, 0x00, 0x00, 0x07, 0x00, 0x00, 0x00, 0x00, 0x00,
    0x00, 0x00, 0x00, 0x00, 0x00, 0x00, 0x38, 0x00, 0x00, 0x00, 0x00, 0x0F, 0x92, 0x24, 0x48, 0x90,
    0xB1, 0x64, 0x44, 0x91, 0x12, 0x42, 0x88, 0x1B, 0x21, 0x43, 0x0F, 0x09, 0x20, 0x64, 0xC1, 0x0A,
    0x24, 0x28, 0x91, 0xB2, 0x06, 0x44, 0x90, 0x92, 0x42, 0x49, 0x99, 0x22, 0x42, 0x49, 0x09, 0x30,
    0x7C, 0x07, 0x80, 0x00, 0x0F, 0x8F, 0xE0, 0x06, 0x2F, 0x8F, 0xFC, 0x00, 0x00, 0xFF, 0x03, 0xFF,
    0xF0, 0x00, 0x00, 0x00, 0x01, 0xFC, 0x00, 0x1C, 0x00, 0x01, 0x81, 0xC0, 0x7F, 0xFC, 0x00, 0x01,
    0xFF, 0xFF, 0x00, 0x00, 0x00, 0x00, 0x00, 0x00, 0x70, 0x00, 0x3F, 0x00, 0x00, 0x00, 0x07, 0x00,
    0x00, 0x00, 0x00, 0x00, 0x00, 0x00, 0x00, 0x00, 0x00, 0x00, 0x38, 0x00, 0x00, 0x00, 0x00, 0x1E,
    0x4C, 0xD8, 0x30, 0x60, 0x42, 0x9A, 0x0A, 0x60, 0xA1, 0x81, 0x14, 0x24, 0xD0, 0x93, 0x3E, 0x66,
    0x18, 0x90, 0xC2, 0x04, 0x18, 0x10, 0x62, 0x45, 0x09, 0x28, 0x66, 0x61, 0x89, 0x94, 0x24, 0xC1,
    0x81, 0x86, 0x66, 0x38, 0xF8, 0x0F, 0x00, 0x00, 0x0F, 0x83, 0xF8, 0x03, 0x1F, 0xD7, 0xFF, 0x80,
    0x00, 0x00, 0x18, 0x0F, 0xF0, 0x00, 0x00, 0x00, 0x00, 0x7F, 0x38, 0x1C, 0x00, 0x00, 0x00, 0x00,
    0x07, 0xFC, 0x00, 0x00, 0x7F, 0xFF, 0xF8, 0x00, 0x00, 0x00, 0x00, 0x00, 0x70, 0x00, 0x1F, 0x00,
    0x00, 0x00, 0x06, 0x00, 0x00, 0x00, 0x00, 0x00, 0x00, 0x00, 0x00, 0x00, 0x00, 0x00, 0x38, 0x00,
    0x00, 0x00, 0x00, 0x1C, 0x2C, 0x18, 0xB2, 0x64, 0x24, 0x51, 0x10, 0x62, 0x49, 0x8A, 0xA2, 0x42,
    0x89, 0x43, 0x76, 0x06, 0x9F, 0x89, 0x24, 0x2A, 0x98, 0xAA, 0x64, 0x28, 0x90, 0x92, 0x60, 0x69,
    0x81, 0xA2, 0x42, 0x89, 0x89, 0xA6, 0x06, 0x49, 0xC0, 0x1E, 0x00, 0x00, 0xEF, 0xC0, 0xFC, 0x03,
    0x98, 0xE3, 0x9F, 0xF8, 0x00, 0x01, 0xFF, 0xEF, 0xF8, 0x00, 0x00, 0x00, 0x00, 0x1F, 0xFC, 0x1C,
    0x00, 0x00, 0x00, 0x00, 0x01, 0xFC, 0x00, 0x00, 0x0E, 0x3F, 0xFE, 0x00, 0x00, 0x00, 0x00, 0x00,
    0x70, 0x00, 0x1E, 0x00, 0x00, 0x00, 0x0E, 0x00, 0x00, 0x00, 0x00, 0x00, 0x00, 0x00, 0x00, 0x00,
    0x00, 0x00, 0x70, 0x00, 0x00, 0x00, 0x00, 0x3C, 0x12, 0x24, 0x48, 0x91, 0x1A, 0x20, 0xA8, 0x90,
    0xA2, 0x44, 0x49, 0x99, 0x26, 0x26, 0x69, 0x09, 0x3F, 0xE6, 0x98, 0x91, 0x24, 0x44, 0x99, 0x92,
    0x66, 0x68, 0x90, 0x92, 0x42, 0x49, 0x81, 0x22, 0x42, 0x49, 0x09, 0xA7, 0x80, 0x1E, 0x00, 0x00,
    0xFF, 0xE0, 0x3F, 0x03, 0xF0, 0x71, 0xE7, 0xFF, 0xFF, 0xCF, 0xFF, 0xEF, 0xF8, 0x00, 0x00, 0x00,
    0x00, 0x03, 0xFF, 0x1C, 0x00, 0x00, 0x00, 0x00, 0x00, 0x7E, 0x00, 0x00, 0x0E, 0x00, 0xFF, 0x00,
    0x00, 0x00, 0x00, 0x00, 0xE0, 0x00, 0x0E, 0x00, 0x00, 0x00, 0x0E, 0x00, 0x00, 0x00, 0x00, 0x00,
    0x00, 0x00, 0x00, 0x00, 0x00, 0x00, 0x70, 0x00, 0x00, 0x00, 0x00, 0x38, 0xA9, 0x42, 0x85, 0x18,
    0x18, 0x56, 0x41, 0x09, 0x14, 0x28, 0xA1, 0x82, 0x86, 0x1B, 0xF0, 0x90, 0xF0, 0x7E, 0x18, 0x20,
    0xC2, 0x83, 0x18, 0x28, 0x60, 0x65, 0x09, 0x0C, 0x24, 0xA1, 0x9A, 0x84, 0x24, 0x30, 0x91, 0x87,
    0x00, 0x3C, 0x00, 0x00, 0xFF, 0xE0, 0x0F, 0x81, 0xE0, 0x68, 0xF8, 0xFF, 0xFF, 0xFF, 0xF3, 0xFF,
    0xF8, 0x00, 0x00, 0x00, 0x00, 0x00, 0xEF, 0xFC, 0x00, 0x00, 0x00, 0x00, 0x00, 0x3F, 0x80, 0x00,
    0x0C, 0x00, 0x07, 0x80, 0x00, 0x00, 0x00, 0x00, 0xFE, 0x00, 0x0E, 0x00, 0x00, 0x00, 0x0E, 0x00,
    0x00, 0x00, 0x00, 0x00, 0x00, 0x00, 0x00, 0x00, 0x00, 0x00, 0xF0, 0x00, 0x00, 0x00, 0x00, 0x38,
    0x44, 0x8D, 0x12, 0x24, 0x24, 0x88, 0xA2, 0x36, 0x48, 0x11, 0x12, 0x44, 0x49, 0x1B, 0xF6, 0x64,
    0x60, 0x1F, 0x24, 0x44, 0xC1, 0x13, 0x24, 0x44, 0x90, 0x92, 0x66, 0x4D, 0x99, 0x12, 0x44, 0x48,
    0x19, 0x36, 0x62, 0x4E, 0x00, 0xF8, 0x00, 0x00, 0x7F, 0xF0, 0x03, 0xE0, 0x00, 0x35, 0x3F, 0xFF,
    0xFF, 0xFF, 0xF8, 0xF7, 0xF8, 0x00, 0x00, 0x00, 0x00, 0x00, 0x03, 0xFC, 0x00, 0x00, 0x00, 0x00,
    0x00, 0x0F, 0xC0, 0x00, 0x1C, 0x00, 0x03, 0xC0, 0x00, 0x00, 0x00, 0x00, 0xFF, 0xF0, 0x0E, 0x00,
    0x00, 0x00, 0x0E, 0x00, 0x00, 0x00, 0x00, 0x00, 0x00, 0x00, 0x00, 0x00, 0x00, 0x00, 0xE0, 0x00,
    0x00, 0x00, 0x00, 0x38, 0x83, 0x42, 0x85, 0x02, 0x43, 0x05, 0x14, 0x06, 0x14, 0xAA, 0x4C, 0x29,
    0x30, 0xA4, 0xC8, 0x61, 0x60, 0x07, 0xC2, 0x91, 0x2A, 0x84, 0xC2, 0x93, 0x09, 0x4D, 0x06, 0x12,
    0x1A, 0x4C, 0x28, 0x30, 0x98, 0x48, 0x65, 0x3C, 0x01, 0xF0, 0x00, 0x00, 0x1F, 0xF8, 0x01, 0xF8,
    0x00, 0x32, 0x2B, 0xDF, 0xFF, 0xFE, 0x2C, 0x77, 0xFC, 0x00, 0x00, 0x00, 0x00, 0x00, 0x00, 0xFC,
    0x00, 0x00, 0x00, 0x00, 0x00, 0x03, 0xF0, 0x00, 0x1C, 0x00, 0x01, 0xE0, 0x00, 0x00, 0x00, 0x00,
    0x1F, 0xFF, 0x8E, 0x00, 0x00, 0x00, 0x0E, 0x00, 0x00, 0x00, 0x00, 0x00, 0x00, 0x00, 0x00, 0x00,
    0x00, 0x01, 0xE0, 0x00, 0x00, 0x00, 0x00, 0x38, 0x13, 0x26, 0x4C, 0x91, 0xB3, 0x22, 0xC8, 0x89,
    0x32, 0x44, 0x4D, 0x90, 0x32, 0x46, 0xCC, 0x91, 0xC0, 0x01, 0xC9, 0x13, 0x14, 0x4C, 0xD1, 0x03,
    0x66, 0x0C, 0x89, 0x33, 0x24, 0x0C, 0x93, 0x32, 0x24, 0xCC, 0x9B, 0xF8, 0x07, 0xE0, 0x00, 0x00,
    0x07, 0xF8, 0x00, 0x7C, 0x00, 0x1D, 0x11, 0x24, 0x5F, 0xF5, 0x1E, 0x37, 0xFC, 0x00, 0x00, 0x00,
    0x00, 0x00, 0x00, 0x1C, 0x00, 0x00, 0x00, 0x00, 0x00, 0x00, 0xFC, 0x00, 0x1C, 0x00, 0x00, 0xE0,
    0x00, 0x00, 0x00, 0x00, 0x01, 0xFF, 0xFE, 0x00, 0x00, 0x00, 0x0E, 0x00, 0x00, 0x00, 0x00, 0x00,
    0x00, 0x00, 0x00, 0x00, 0x00, 0x03, 0xC0, 0x00, 0x00, 0x00, 0x00, 0x38, 0x84, 0xB9, 0xB3, 0x41,
    0x84, 0x85, 0x14, 0x96, 0xC3, 0x8A, 0x12, 0x28, 0x48, 0xA1, 0x33, 0x88, 0xC0, 0x00, 0x7A, 0x84,
    0x08, 0x33, 0x22, 0x84, 0x86, 0x13, 0x58, 0xCC, 0xEA, 0x12, 0x28, 0x48, 0x63, 0x33, 0x9F, 0xF0,
    0x0F, 0xC0, 0x00, 0x00, 0x07, 0x3C, 0x00, 0x3E, 0x00, 0x0C, 0xA0, 0xC2, 0x8A, 0x08, 0x1E, 0x07,
    0xFD, 0xFF, 0xFF, 0xFE, 0x00, 0x00, 0x00, 0x38, 0x00, 0x00, 0x00, 0x00, 0x00, 0x00, 0x3F, 0x80,
    0x18, 0x00, 0x00, 0xF0, 0x00, 0x00, 0x00, 0x00, 0x00, 0x0F, 0xFE, 0x00, 0x00, 0x00, 0x0E, 0x00,
    0x00, 0x00, 0x00, 0x00, 0x00, 0x00, 0x00, 0x00, 0x00, 0x07, 0x80, 0x00, 0x00, 0x00, 0x00, 0x38,
    0x48, 0x58, 0x30, 0x62, 0x48, 0x48, 0xA2, 0x20, 0xC5, 0x91, 0x21, 0x44, 0x85, 0x12, 0x83, 0x4C,
    0xC0, 0x00, 0x3C, 0x48, 0x55, 0x32, 0x14, 0x48, 0x49, 0x21, 0x24, 0xC0, 0xD1, 0x21, 0x44, 0x84,
    0x93, 0x03, 0x6E, 0x00, 0x1F, 0x00, 0x00, 0x00, 0x07, 0x1C, 0x00, 0x1F, 0x00, 0x0E, 0x46, 0xCD,
    0x11, 0x14, 0x26, 0x03, 0xFF, 0xFF, 0xFF, 0xFF, 0x80, 0x00, 0x00, 0x38, 0x00, 0x00, 0x00, 0x00,
    0x00, 0x00, 0x0F, 0xF0, 0x38, 0x00, 0x00, 0x78, 0x00, 0x00, 0x00, 0x00, 0x00, 0x00, 0x7E, 0x00,
    0x00, 0x00, 0x1E, 0x00, 0x00, 0x00, 0x00, 0x00, 0x00, 0x00, 0x00, 0x00, 0x00, 0x1F, 0x00, 0x00,
    0x00, 0x00, 0x00, 0x38, 0x30, 0x24, 0x48, 0x95, 0x30, 0x34, 0x41, 0x51, 0x22, 0x64, 0xCC, 0x93,
    0x32, 0x4C, 0x44, 0x93, 0x60, 0x00, 0x0D, 0x31, 0x22, 0x4C, 0x89, 0x33, 0x34, 0xC4, 0xD1, 0x21,
    0x24, 0xC4, 0x93, 0x03, 0x44, 0x84, 0xD6, 0x00, 0x7F, 0x00, 0x00, 0x00, 0x07, 0x0E, 0x00, 0x07,
    0xC0, 0x07, 0xA1, 0x22, 0xA0, 0xAA, 0x46, 0x03, 0xFF, 0xFF, 0xFF, 0xFF, 0xF0, 0x00, 0x00, 0x78,
    0x00, 0x00, 0x00, 0x00, 0x00, 0x00, 0x03, 0xFF, 0x38, 0x00, 0x00, 0x3F, 0x00, 0x00, 0x00, 0x00,
    0x00, 0x00, 0x0E, 0x00, 0x00, 0x00, 0x3C, 0x00, 0x00, 0x00, 0x00, 0x00, 0x00, 0x00, 0x00, 0x00,
    0x00, 0x3E, 0x00, 0x00, 0x00, 0x00, 0x00, 0x3C, 0x31, 0x56, 0x8C, 0x09, 0x33, 0x34, 0xA4, 0x92,
    0x14, 0x64, 0xC1, 0x53, 0x05, 0x4C, 0x2C, 0x53, 0x60, 0x00, 0x07, 0x31, 0x41, 0xCC, 0x15, 0x30,
    0x34, 0xC0, 0xDB, 0x33, 0x54, 0xC5, 0x53, 0x13, 0x4C, 0xCC, 0xDE, 0x00, 0x7E, 0x00, 0x00, 0x00,
    0x07, 0x0F, 0x00, 0x03, 0xE0, 0x03, 0x93, 0x14, 0x44, 0x41, 0xBC, 0x03, 0xFE, 0x00, 0x00, 0x03,
    0xFC, 0x00, 0x00, 0x70, 0x00, 0x00, 0x00, 0x00, 0x00, 0x00, 0x00, 0x7F, 0xF8, 0x00, 0x00, 0x1F,
    0xC0, 0x00, 0x00, 0x00, 0x00, 0x00, 0x0E, 0x00, 0x00, 0x00, 0x38, 0x00, 0x00, 0x00, 0x00, 0x00,
    0x00, 0x00, 0x00, 0x00, 0x00, 0xF8, 0x00, 0x00, 0x00, 0x00, 0x00, 0x1C, 0x48, 0x89, 0x12, 0x34,
    0x48, 0x49, 0x11, 0x64, 0x68, 0x91, 0x22, 0x24, 0x88, 0x93, 0x12, 0x6C, 0xF8, 0x00, 0x03, 0x48,
    0xC9, 0xB2, 0x22, 0x48, 0x49, 0x21, 0x24, 0xCC, 0x89, 0x22, 0x24, 0x84, 0x93, 0x33, 0xFC, 0x00,
    0xF0, 0x00, 0x00, 0x00, 0x07, 0x07, 0x00, 0x00, 0xF8, 0x00, 0xDC, 0x08, 0xA0, 0xA1, 0x8C, 0x03,
    0xFE, 0x00, 0x00, 0x00, 0x7E, 0x00, 0x00, 0x70, 0x00, 0x00, 0x00, 0x00, 0x00, 0x00, 0x00, 0x0F,
    0xFE, 0x00, 0x00, 0x0F, 0xE0, 0x00, 0x00, 0x00, 0x00, 0x00, 0x0E, 0x00, 0x00, 0x00, 0x78, 0x00,
    0x00, 0x00, 0x00, 0x00, 0x00, 0x00, 0x00, 0x00, 0x01, 0xF0, 0x00, 0x00, 0x00, 0x00, 0x00, 0x0E,
    0x85, 0x06, 0x85, 0x2A, 0x84, 0x86, 0x0A, 0x28, 0x15, 0x2A, 0x14, 0x98, 0x52, 0x61, 0x28, 0x98,
    0x5C, 0x00, 0x01, 0xE5, 0x22, 0x61, 0x49, 0x84, 0xA6, 0x12, 0x9A, 0x0D, 0x26, 0x14, 0x98, 0x48,
    0x63, 0xBF, 0xF0, 0x01, 0xE0, 0x00, 0x00, 0x00, 0x07, 0x03, 0x80, 0x00, 0x7C, 0x00, 0xEC, 0x55,
    0x11, 0x12, 0x58, 0x01, 0xFF, 0x00, 0x00, 0x00, 0x1F, 0x80, 0x00, 0xF0, 0x00, 0x00, 0x00, 0x00,
    0x00, 0x00, 0x00, 0x00, 0xFF, 0xC0, 0x00, 0x00, 0xF0, 0x00, 0x00, 0x00, 0x00, 0x00, 0x0E, 0x00,
    0x00, 0x00, 0x70, 0x00, 0x00, 0x00, 0x00, 0x00, 0x00, 0x00, 0x00, 0x00, 0x03, 0xC0, 0x00, 0x00,
    0x00, 0x00, 0x00, 0x0E, 0x12, 0x26, 0x44, 0xC9, 0x13, 0x66, 0x44, 0x91, 0x32, 0x24, 0x88, 0x9B,
    0x22, 0x64, 0xCC, 0x99, 0x36, 0x03, 0xC0, 0xFE, 0x26, 0x68, 0x89, 0xB3, 0x26, 0x4C, 0x99, 0x12,
    0x26, 0x48, 0x99, 0x32, 0x67, 0xFC, 0x00, 0x03, 0xC0, 0x00, 0x00, 0x00, 0x03, 0x03, 0xC0, 0x00,
    0x1F, 0x00, 0x7A, 0x22, 0x2A, 0x8D, 0xB0, 0x01, 0xFF, 0x00, 0x00, 0x00, 0x07, 0xE0, 0x00, 0xE0,
    0x00, 0x00, 0x00, 0x00, 0x00, 0x00, 0x00, 0x00, 0x1F, 0xF8, 0x00, 0x00, 0x78, 0x00, 0x00, 0x00,
    0x00, 0x00, 0x06, 0x00, 0x00, 0x00, 0x70, 0x00, 0x00, 0x00, 0x00, 0x00, 0x00, 0x00, 0x00, 0x00,
    0x07, 0x80, 0x00, 0x00, 0x00, 0x00, 0x00, 0x07, 0x95, 0x09, 0xA0, 0xC2, 0x93, 0x09, 0x4A, 0x29,
    0x4D, 0x1A, 0x14, 0x24, 0x50, 0x98, 0xC2, 0x65, 0x33, 0x9F, 0xE0, 0x1F, 0x09, 0x91, 0x42, 0x43,
    0x09, 0x0C, 0x26, 0xB5, 0x09, 0x54, 0x25, 0x30, 0x9E, 0x00, 0x00, 0x03, 0x80, 0x00, 0x00, 0x00,
    0x03, 0x81, 0xE0, 0x00, 0x0F, 0x80, 0x1D, 0x45, 0x24, 0x8C, 0x30, 0x01, 0xFF, 0x00, 0x00, 0x00,
    0x01, 0xF8, 0x00, 0xE0, 0x00, 0x00, 0x00, 0x00, 0x00, 0x00, 0x00, 0x00, 0x01, 0xFF, 0x80, 0x00,
    0x3C, 0x00, 0x00, 0x00, 0x00, 0x00, 0x07, 0x00, 0x00, 0x00, 0xE0, 0x00, 0x00, 0x00, 0x00, 0x00,
    0x00, 0x00, 0x00, 0x00, 0x0F, 0x00, 0x00, 0x00, 0x00, 0x00, 0x00, 0x07, 0x48, 0x98, 0xB1, 0x64,
    0x44, 0x90, 0x91, 0x66, 0xC9, 0x91, 0x22, 0x42, 0x89, 0x09, 0x21, 0x46, 0x49, 0xFA, 0x78, 0x06,
    0x91, 0x0A, 0x24, 0x24, 0x90, 0x92, 0x42, 0x49, 0x90, 0xA2, 0x42, 0x49, 0x1C, 0x00, 0x00, 0x07,
    0x80, 0x00, 0x00, 0x00, 0x03, 0x80, 0xE0, 0x00, 0x03, 0xE0, 0x06, 0x88, 0x8A, 0x12, 0x20, 0x01,
    0xFF, 0x00, 0x00, 0x00, 0x00, 0x7F, 0x01, 0xC0, 0x00, 0x00, 0x00, 0x00, 0x00, 0x00, 0x00, 0x00,
    0x00, 0x3F, 0xF0, 0x00, 0x1E, 0x00, 0x00, 0x00, 0x00, 0x00, 0x07, 0x00, 0x00, 0x00, 0xE0, 0x00,
    0x00, 0x00, 0x00, 0x00, 0x00, 0x00, 0x00, 0x00, 0x3E, 0x00, 0x00, 0x00, 0x00, 0x00, 0x00, 0x03,
    0x32, 0x64, 0x4A, 0x98, 0xAA, 0x60, 0x68, 0x83, 0x32, 0x64, 0xC9, 0x99, 0x26, 0x26, 0x98, 0x89,
    0xA6, 0x74, 0x9C, 0x06, 0x62, 0x44, 0x99, 0x9A, 0x66, 0x69, 0x89, 0xB2, 0x62, 0x49, 0x89, 0xA6,
    0x7C, 0x00, 0x00, 0x07, 0x80, 0x00, 0x00, 0x00, 0x03, 0x80, 0x70, 0x00, 0x01, 0xF8, 0x07, 0x50,
    0x55, 0x21, 0x60, 0x00, 0xFF, 0x80, 0x00, 0x00, 0x00, 0x3F, 0xFF, 0xC0, 0x00, 0x00, 0x00, 0x00,
    0x00, 0x00, 0x00, 0x00, 0x00, 0x07, 0xFF, 0x00, 0x0F, 0x00, 0x00, 0x00, 0x00, 0x00, 0x07, 0x80,
    0x00, 0x00, 0xE0, 0x00, 0x00, 0x00, 0x00, 0x00, 0x00, 0x00, 0x00, 0x00, 0x7C, 0x00, 0x00, 0x00,
    0x00, 0x00, 0x00, 0x03, 0xB2, 0x64, 0x24, 0x18, 0x92, 0x66, 0x69, 0x4B, 0x20, 0x60, 0xC9, 0x82,
    0xA6, 0x06, 0x89, 0x49, 0xA6, 0x2A, 0x9F, 0x0E, 0x64, 0x0A, 0x98, 0x1A, 0x60, 0x69, 0x81, 0xB2,
    0x62, 0xA9, 0x89, 0xA6, 0x70, 0x00, 0x00, 0x07, 0x00, 0x00, 0x00, 0x00, 0x03, 0x80, 0x78, 0x00,
    0x00, 0xFC, 0x03, 0x22, 0x24, 0xD8, 0xA0, 0x00, 0xFF, 0x80, 0x00, 0x00, 0x00, 0x0F, 0xFF, 0x80,
    0x00, 0x00, 0x00, 0x00, 0x00, 0x00, 0x00, 0x00, 0x00, 0x00, 0x7F, 0xE0, 0x07, 0x80, 0x00, 0x00,
    0x00, 0x00, 0x1F, 0xF8, 0x00, 0x01, 0xE0, 0x00, 0x00, 0x00, 0x00, 0x00, 0x00, 0x00, 0x00, 0x00,
    0xF8, 0x00, 0x00, 0x00, 0x00, 0x00, 0x00, 0x01, 0x48, 0x99, 0x1A, 0x24, 0x28, 0x90, 0x92, 0x34,
    0xC8, 0x91, 0x22, 0x44, 0x49, 0x09, 0x26, 0x26, 0x49, 0x11, 0x27, 0xFC, 0x99, 0x93, 0x64, 0x24,
    0x90, 0x92, 0x62, 0x49, 0x91, 0x12, 0x42, 0x49, 0xC0, 0x00, 0x00, 0x07, 0x00, 0x00, 0x00, 0x00,
    0x03, 0x80, 0x38, 0x00, 0x00, 0xFF, 0x03, 0xD0, 0x50, 0xC1, 0x60, 0x00, 0xFF, 0x80, 0x00, 0x00,
    0x00, 0x0F, 0xFF, 0x00, 0x00, 0x00, 0x00, 0x00, 0x00, 0x00, 0x00, 0x00, 0x00, 0x00, 0x0F, 0xFC,
    0x03, 0x80, 0x00, 0x00, 0x00, 0x00, 0x7F, 0xFE, 0x00, 0x01, 0xC0, 0x00, 0x00, 0x00, 0x00, 0x00,
    0x00, 0x00, 0x00, 0x01, 0xF0, 0x00, 0x00, 0x00, 0x00, 0x00, 0x00, 0x01, 0x85, 0x08, 0x1D, 0x42,
    0x55, 0x09, 0x0C, 0x18, 0xC1, 0x2A, 0x54, 0x29, 0x30, 0x94, 0xC6, 0x15, 0x30, 0xA4, 0xC2, 0xFB,
    0x18, 0x64, 0xC2, 0x53, 0x09, 0x4C, 0x25, 0xB5, 0x0A, 0x4C, 0x25, 0x30, 0xC0, 0x00, 0x00, 0x07,
    0x80, 0x00, 0x00, 0x00, 0x03, 0x80, 0x1C, 0x00, 0x01, 0xEF, 0x80, 0xE8, 0x89, 0x22, 0x60, 0x00,
    0xFF, 0x80, 0x00, 0x00, 0x00, 0x0F, 0xFC, 0x00, 0x00, 0x00, 0x00, 0x00, 0x00, 0x00, 0x00, 0x00,
    0x00, 0x00, 0x00, 0xFF, 0xC3, 0xC0, 0x00, 0x00, 0x00, 0x01, 0xF8, 0x7F, 0x80, 0x03, 0xC0, 0x00,
    0x00, 0x00, 0x00, 0x00, 0x00, 0x00, 0x00, 0x03, 0xC0, 0x00, 0x00, 0x00, 0x00, 0x00, 0x00, 0x01,
    0x92, 0x24, 0x64, 0x89, 0x92, 0x26, 0xCC, 0x99, 0x22, 0x24, 0x49, 0x91, 0x32, 0x64, 0x49, 0x89,
    0x32, 0x44, 0xC9, 0x13, 0x24, 0x44, 0xD1, 0x93, 0x66, 0x4C, 0x99, 0x12, 0x24, 0x4C, 0x99, 0x32,
    0x40, 0x00, 0x00, 0x07, 0x80, 0x00, 0x00, 0x00, 0x03, 0x80, 0x1E, 0x00, 0x01, 0xC3, 0xE0, 0x75,
    0x46, 0xD4, 0x60, 0x00, 0x7F, 0xC0, 0x00, 0x00, 0x00, 0x07, 0x7F, 0x00, 0x00, 0x00, 0x00, 0x00,
    0x00, 0x00, 0x00, 0x00, 0x00, 0x00, 0x00, 0x1F, 0xFD, 0xE0, 0x00, 0x00, 0x00, 0x03, 0xF0, 0x0F,
    0xC0, 0x07, 0x80, 0x00, 0x00, 0x00, 0x00, 0x00, 0x00, 0x00, 0x00, 0x0F, 0x80, 0x00, 0x00, 0x00,
    0x00, 0x00, 0x00, 0x01, 0x45, 0x02, 0x43, 0x41, 0x85, 0x26, 0x12, 0xA6, 0x14, 0x1A, 0x14, 0x28,
    0x48, 0x61, 0x30, 0x94, 0xCA, 0xA1, 0x2A, 0x84, 0xC2, 0x93, 0x21, 0x84, 0x86, 0x13, 0x1A, 0x4D,
    0x2A, 0x12, 0x98, 0x48, 0x40, 0x00, 0x00, 0x07, 0x80, 0x00, 0x00, 0x00, 0x01, 0x80, 0x0F, 0x00,
    0x01, 0xC1, 0xF0, 0x32, 0x06, 0x09, 0xF0, 0x00, 0x7F, 0xC0, 0x00, 0x00, 0x00, 0x07, 0x9F, 0x80,
    0x00, 0x00, 0x00, 0x00, 0x00, 0x00, 0x00, 0x00, 0x00, 0x00, 0x00, 0x01, 0xFF, 0xE0, 0x00, 0x00,
    0x00, 0x0F, 0xC0, 0x01, 0xE0, 0x0F, 0x00, 0x00, 0x00, 0x00, 0x00, 0x00, 0x00, 0x00, 0x00, 0x3F,
    0x00, 0x00, 0x00, 0x00, 0x00, 0x00, 0x00, 0x01, 0x28, 0x99, 0xB3, 0x22, 0x48, 0x89, 0x21, 0x66,
    0xC9, 0x91, 0x22, 0x44, 0x84, 0x90, 0x32, 0x62, 0x85, 0x12, 0x14, 0x48, 0xD9, 0x02, 0x12, 0x48,
    0x49, 0x21, 0x24, 0x0C, 0x91, 0x21, 0x24, 0x84, 0xC0, 0x00, 0x00, 0x03, 0x80, 0x00, 0x00, 0x00,
    0x01, 0xC0, 0x07, 0x00, 0x03, 0x81, 0xF8, 0x35, 0x09, 0x14, 0x70, 0x00, 0x7F, 0xC0, 0x00, 0x00,
    0x00, 0x03, 0xE7, 0xC0, 0x00, 0x00, 0x00, 0x00, 0x00, 0x00, 0x00, 0x00, 0x00, 0x00, 0x00, 0x00,
    0x3F, 0xFF, 0x00, 0x00, 0x00, 0x1F, 0x00, 0x00, 0xF8, 0x1E, 0x00, 0x00, 0x00, 0x00, 0x00, 0x00,
    0x00, 0x00, 0x01, 0xFC, 0x00, 0x00, 0x00, 0x00, 0x00, 0x00, 0x00, 0x01, 0x92, 0x61, 0xCC, 0xD5,
    0x30, 0x50, 0xC0, 0x99, 0x36, 0x64, 0xCD, 0x83, 0x33, 0x0C, 0x4C, 0x71, 0x02, 0x0C, 0x48, 0x31,
    0x26, 0xC4, 0x8C, 0x33, 0x34, 0xC4, 0xCB, 0x13, 0x60, 0xC0, 0xC3, 0x13, 0xF0, 0x00, 0x00, 0x03,
    0xC0, 0x00, 0x00, 0x00, 0x01, 0xC0, 0x07, 0x00, 0x7F, 0xFF, 0xFF, 0xE8, 0x94, 0xA2, 0x98, 0x00,
    0x7F, 0xC0, 0x00, 0x00, 0x00, 0x01, 0xF1, 0xF0, 0x00, 0x00, 0x00, 0x00, 0x00, 0x00, 0x00, 0x00,
    0x00, 0x00, 0x00, 0x00, 0x01, 0xFF, 0xF0, 0x00, 0x00, 0x3C, 0x00, 0x00, 0x7C, 0x3C, 0x00, 0x00,
    0x00, 0x00, 0x00, 0x00, 0x00, 0x00, 0x0F, 0xF8, 0x00, 0x00, 0x00, 0x00, 0x00, 0x00, 0x00, 0x00,
    0x2A, 0x22, 0x48, 0x48, 0x31, 0x24, 0xC5, 0x50, 0xA2, 0x40, 0xC1, 0x93, 0x03, 0x44, 0x84, 0x92,
    0x95, 0x4C, 0x55, 0x32, 0x14, 0x48, 0x0D, 0x30, 0x34, 0xC0, 0xD1, 0x21, 0x64, 0xC4, 0xD3, 0x03,
    0x70, 0x00, 0x00, 0x03, 0xC0, 0x00, 0x00, 0x38, 0x01, 0xC0, 0x0F, 0xFF, 0xFF, 0xFF, 0xFF, 0xF4,
    0x64, 0x4D, 0x3C, 0x00, 0x3F, 0xE0, 0x00, 0x00, 0x00, 0x00, 0x70, 0xF8, 0x00, 0x00, 0x00, 0x00,
    0x00, 0x00, 0x00, 0x00, 0x00, 0x00, 0x00, 0x00, 0x00, 0x1F, 0xFF, 0x80, 0x00, 0x78, 0x00, 0x00,
    0x1E, 0x78, 0x00, 0x00, 0x00, 0x00, 0x00, 0x00, 0x00, 0x00, 0x3F, 0xC0, 0x00, 0x00, 0x00, 0x00,
    0x00, 0x00, 0x00, 0x00, 0x44, 0x95, 0x30, 0x34, 0x48, 0x51, 0x22, 0x24, 0x49, 0x91, 0x22, 0x44,
    0x84, 0x93, 0x13, 0x4C, 0x48, 0x92, 0x22, 0x4C, 0xC9, 0x33, 0x32, 0x48, 0x49, 0x21, 0x24, 0xC4,
    0x91, 0x21, 0x24, 0x84, 0xF0, 0x00, 0x00, 0x01, 0xC0, 0x00, 0x00, 0x3F, 0xFF, 0xFF, 0xFF, 0xFF,
    0xFF, 0xF8, 0x0F, 0xE8, 0x60, 0xA2, 0x8C, 0x00, 0x3F, 0xE0, 0x00, 0x00, 0x00, 0x00, 0x38, 0x3C,
    0x00, 0x00, 0x00, 0x00, 0x00, 0x00, 0x00, 0x00, 0x00, 0x00, 0x00, 0x00, 0x00, 0x00, 0xFF, 0xFF,
    0x00, 0x70, 0x00, 0x00, 0x0F, 0xF0, 0x00, 0x00, 0x00, 0x00, 0x00, 0x00, 0x00, 0x00, 0xFF, 0x00,
    0x00, 0x00, 0x00, 0x00, 0x00, 0x00, 0x00, 0x00, 0x83, 0x08, 0x33, 0x32, 0x84, 0x8A, 0x14, 0x50,
    0xA1, 0x82, 0x14, 0x28, 0x48, 0x43, 0x03, 0x0C, 0x30, 0x61, 0x41, 0x8C, 0x17, 0xB0, 0x21, 0x84,
    0x86, 0x12, 0x50, 0xC1, 0x4A, 0x12, 0x18, 0x48, 0xF8, 0x00, 0x00, 0x01, 0xC0, 0x00, 0x00, 0x3F,
    0xFF, 0xFF, 0xFF, 0xFE, 0x01, 0x80, 0x03, 0xFD, 0x91, 0x14, 0x4C, 0x00, 0x3F, 0xE0, 0x00, 0x00,
    0x00, 0x00, 0x38, 0x1F, 0x00, 0x00, 0x00, 0x00, 0x00, 0x00, 0x00, 0x00, 0x00, 0x00, 0x00, 0x00,
    0x00, 0x00, 0x07, 0xFF, 0xE0, 0x70, 0x00, 0x00, 0x07, 0xE0, 0x00, 0x00, 0x00, 0x00, 0x00, 0x00,
    0x00, 0x07, 0xFF, 0x00, 0x00, 0x00, 0x00, 0x00, 0x00, 0x00, 0x00, 0x00, 0x11, 0x14, 0x48, 0x49,
    0x1B, 0x24, 0x08, 0x89, 0x12, 0x44, 0x48, 0x93, 0x32, 0x24, 0x84, 0x92, 0x32, 0x60, 0x89, 0x92,
    0x2F, 0xC8, 0x49, 0xB3, 0x26, 0x4C, 0x89, 0x22, 0x24, 0x0C, 0x9B, 0x31, 0x3E, 0x00, 0x00, 0x01,
    0xC0, 0x00, 0x00, 0x0F, 0xFF, 0xFF, 0xC0, 0x00, 0x01, 0x80, 0x01, 0xFF, 0xFF, 0x49, 0xB7, 0x00,
    0x1F, 0xF0, 0x00, 0x00, 0x00, 0x00, 0x38, 0x0F, 0x80, 0x00, 0x00, 0x00, 0x00, 0x00, 0x00, 0x00,
    0x00, 0x00, 0x00, 0x00, 0x00, 0x00, 0x00, 0x3F, 0xFE, 0xE0, 0x00, 0x00, 0x03, 0xE0, 0x00, 0x00,
    0x00, 0x00, 0x00, 0x00, 0x00, 0x1F, 0xE7, 0x00, 0x00, 0x00, 0x00, 0x00, 0x00, 0x00, 0x00, 0x00,
    0x84, 0xA2, 0x84, 0x86, 0x83, 0x0A, 0x55, 0x06, 0x0C, 0x28, 0x14, 0x28, 0x30, 0x98, 0x4A, 0x61,
    0x48, 0x95, 0x42, 0x61, 0x5E, 0x64, 0xA2, 0x43, 0x09, 0x0D, 0x26, 0x14, 0x9A, 0x4C, 0x24, 0x32,
    0x9F, 0x00, 0x00, 0x01, 0xC0, 0x00, 0x00, 0x00, 0x01, 0xC0, 0x00, 0x00, 0x01, 0x80, 0x00, 0x7F,
    0xFF, 0xD4, 0x33, 0xB0, 0x1F, 0xF0, 0x00, 0x00, 0x00, 0x00, 0x38, 0x03, 0xC0, 0x00, 0x00, 0x00,
    0x00, 0x00, 0x00, 0x00, 0x00, 0x00, 0x00, 0x00, 0x00, 0x00, 0x00, 0x01, 0xFF, 0xE0, 0x00, 0x00,
    0x01, 0xE0, 0x00, 0x00, 0x00, 0x00, 0x00, 0x00, 0x01, 0xFF, 0x07, 0x00, 0x00, 0x00, 0x00, 0x00,
    0x00, 0x00, 0x00, 0x00, 0x40, 0x59, 0x13, 0x26, 0x44, 0x91, 0x22, 0x66, 0xCD, 0x91, 0x32, 0x64,
    0x48, 0x19, 0x30, 0x64, 0x85, 0x8A, 0x24, 0x68, 0x98, 0x73, 0x06, 0x24, 0x91, 0x92, 0x06, 0x48,
    0x19, 0x12, 0x46, 0x4C, 0x1F, 0x80, 0x00, 0x01, 0xC0, 0x00, 0x00, 0x00, 0x01, 0xC0, 0x00, 0x00,
    0x01, 0x80, 0x00, 0x3E, 0x01, 0xE2, 0x49, 0xF8, 0x1F, 0xF0, 0x00, 0x00, 0x00, 0x00, 0x38, 0x01,
    0xE0, 0x00, 0x00, 0x00, 0x00, 0x00, 0x00, 0x00, 0x00, 0x00, 0x00, 0x00, 0x00, 0x00, 0x00, 0x00,
    0x1F, 0xE0, 0x00, 0x00, 0x00, 0x70, 0x00, 0x00, 0x00, 0x00, 0x00, 0x00, 0x0F, 0xF8, 0x07, 0x00,
    0x00, 0x00, 0x00, 0x00, 0x00, 0x00, 0x00, 0x00, 0x20, 0xA2, 0x83, 0x09, 0x2B, 0x61, 0xC5, 0x09,
    0x12, 0x28, 0x4D, 0x9A, 0x84, 0x24, 0x30, 0x91, 0x42, 0x04, 0x18, 0x91, 0x70, 0x3B, 0x09, 0x9C,
    0x66, 0x65, 0x09, 0x14, 0x24, 0xB1, 0x99, 0x8C, 0x2F, 0x00, 0x00, 0x01, 0xC0, 0x00, 0x00, 0x00,
    0x01, 0xC0, 0x00, 0x00, 0x01, 0xC0, 0x00, 0x0F, 0x80, 0xE1, 0x85, 0xF0, 0x0F, 0xF8, 0x00, 0x00,
    0x00, 0x00, 0x70, 0x00, 0xF0, 0x00, 0x00, 0x00, 0x00, 0x00, 0x00, 0x00, 0x00, 0x00, 0x00, 0x00,
    0x00, 0x00, 0x00, 0x00, 0x01, 0xC0, 0x00, 0x00, 0x00, 0x78, 0x00, 0x00, 0x00, 0x00, 0x00, 0x00,
    0x7F, 0xE0, 0x07, 0x00, 0x00, 0x00, 0x00, 0x00, 0x00, 0x00, 0x00, 0x00, 0x31, 0x14, 0x44, 0x90,
    0x90, 0x62, 0xC8, 0x90, 0xA1, 0x44, 0xC1, 0x81, 0x26, 0x42, 0x5F, 0xCA, 0x25, 0x2A, 0x99, 0x0A,
    0x30, 0x3C, 0x90, 0x1A, 0x60, 0x68, 0x90, 0xA2, 0x42, 0x49, 0x81, 0x92, 0x5F, 0x80, 0x00, 0x01,
    0xC0, 0x00, 0x00, 0x00, 0x01, 0xC0, 0x00, 0x00, 0x01, 0xC0, 0x00, 0x07, 0xC0, 0x7F, 0x92, 0xC0,
    0x0F, 0xF8, 0x00, 0x00, 0x00, 0x00, 0x70, 0x00, 0x78, 0x00, 0x00, 0x00, 0x00, 0x00, 0x00, 0x00,
    0x00, 0x00, 0x00, 0x00, 0x00, 0x00, 0x00, 0x00, 0x01, 0xC0, 0x00, 0x00, 0x00, 0x3C, 0x00, 0x00,
    0x00, 0x00, 0x00, 0x03, 0xFF, 0xE0, 0x03, 0xFF, 0xE0, 0x00, 0x00, 0x00, 0x00, 0x00, 0x00, 0x00,
    0x4A, 0xC8, 0x2A, 0x60, 0x68, 0x91, 0x32, 0x64, 0x48, 0x93, 0x22, 0x42, 0x89, 0x89, 0xFF, 0xF4,
    0x9B, 0x91, 0x26, 0x44, 0xF0, 0x0E, 0x62, 0x24, 0x90, 0x92, 0x62, 0x49, 0x89, 0xA2, 0x42, 0x69,
    0x89, 0x80, 0x00, 0x01, 0xC0, 0x00, 0x00, 0x00, 0x01, 0xC0, 0x00, 0x00, 0x01, 0xC0, 0x00, 0x01,
    0xF8, 0x1F, 0xE5, 0xC0, 0x0F, 0xFC, 0x00, 0x00, 0x00, 0x00, 0x70, 0x00, 0x3C, 0x00, 0x00, 0x00,
    0x00, 0x00, 0x00, 0x00, 0x00, 0x00, 0x00, 0x00, 0x00, 0x00, 0x00, 0x00, 0x03, 0x80, 0x00, 0x00,
    0x00, 0x1C, 0x00, 0x00, 0x00, 0x00, 0x00, 0x07, 0xF8, 0x70, 0x03, 0xFF, 0xF0, 0x00, 0x00, 0x00,
    0x00, 0x00, 0x00, 0x00, 0x44, 0x15, 0x92, 0x62, 0x6D, 0x0A, 0x32, 0x64, 0xA9, 0x53, 0x24, 0x66,
    0xC9, 0x89, 0xE0, 0x3F, 0xFF, 0xE0, 0xE6, 0x0A, 0xF0, 0x1E, 0x60, 0x63, 0x99, 0xAA, 0x62, 0xA9,
    0x89, 0xB6, 0x66, 0x69, 0x89, 0x80, 0x00, 0x01, 0xE0, 0x00, 0x00, 0x00, 0x01, 0xC0, 0x00, 0x00,
    0x01, 0xC0, 0x00, 0x00, 0xFF, 0x80, 0xFF, 0x80, 0x07, 0xFC, 0x00, 0x00, 0x00, 0x00, 0xF0, 0x00,
    0x1E, 0x00, 0x00, 0x00, 0x00, 0x00, 0x00, 0x00, 0x00, 0x00, 0x00, 0x00, 0x00, 0x00, 0x00, 0x00,
    0x03, 0x80, 0x00, 0x00, 0x00, 0x0E, 0x00, 0x00, 0x00, 0x00, 0x00, 0x07, 0x80, 0x78, 0x01, 0xFF,
    0xF8, 0x00, 0x00, 0x00, 0x00, 0x00, 0x00, 0x00, 0x0A, 0x22, 0x28, 0x90, 0x92, 0x34, 0x48, 0x91,
    0x12, 0x24, 0x88, 0x99, 0x22, 0x43, 0xC0, 0x07, 0xFF, 0xE4, 0xD9, 0x11, 0xE0, 0x3C, 0x90, 0x93,
    0x66, 0x44, 0x91, 0x12, 0x42, 0x49, 0x99, 0xB2, 0x42, 0xC0, 0x00, 0x01, 0xE0, 0x00, 0x00, 0x00,
    0x01, 0xC0, 0x00, 0x00, 0x01, 0xC0, 0x1F, 0xFF, 0xFF, 0xFF, 0xBE, 0x00, 0x07, 0xFC, 0x00, 0x00,
    0x00, 0x00, 0xE0, 0x00, 0x1F, 0x80, 0x00, 0x00, 0x00, 0x00, 0x00, 0x00, 0x00, 0x00, 0x00, 0x00,
    0x00, 0x00, 0x00, 0x00, 0x03, 0x80, 0x00, 0x00, 0x00, 0x0F, 0x00, 0x00, 0x00, 0x00, 0x00, 0x1F,
    0x00, 0x3C, 0x00, 0x00, 0x3C, 0x00, 0x00, 0x00, 0x00, 0x00, 0x00, 0x00, 0x91, 0x41, 0x45, 0x09,
    0x8D, 0x0A, 0x95, 0x0A, 0x0C, 0x18, 0x50, 0x18, 0x54, 0x25, 0x80, 0x00, 0x06, 0x91, 0x30, 0xA4,
    0xF0, 0x33, 0x09, 0x44, 0x86, 0x93, 0x0A, 0x4C, 0x25, 0x34, 0x19, 0x4C, 0x25, 0xF0, 0x00, 0x01,
    0xE0, 0x00, 0x00, 0x00, 0x01, 0xC0, 0x00, 0x00, 0x01, 0xFF, 0xFF, 0xFF, 0xFF, 0xFF, 0xFE, 0x00,
    0x07, 0xFE, 0x00, 0x00, 0x00, 0x00, 0xE0, 0x00, 0x07, 0xC0, 0x00, 0x00, 0x00, 0x00, 0x00, 0x00,
    0x00, 0x00, 0x00, 0x00, 0x00, 0x00, 0x00, 0x00, 0x07, 0x80, 0x00, 0x00, 0x02, 0x07, 0x00, 0x00,
    0x00, 0x00, 0x00, 0x7E, 0x00, 0x1E, 0x00, 0x00, 0x1C, 0x00, 0x00, 0x00, 0x00, 0x00, 0x00, 0x00,
    0x68, 0x8C, 0xB2, 0x26, 0x4C, 0x99, 0x12, 0x44, 0xCD, 0x99, 0x22, 0x24, 0x48, 0x99, 0x80, 0x00,
    0x01, 0xDB, 0x34, 0x44, 0xFF, 0xF3, 0x26, 0x4C, 0xC9, 0x13, 0x24, 0x4C, 0x99, 0x32, 0x26, 0x4C,
    0x99, 0x3C, 0x00, 0x01, 0xE0, 0x00, 0x00, 0x00, 0x00, 0xC0, 0x00, 0x00, 0x01, 0xFF, 0xFF, 0xFF,
    0xE0, 0x3F, 0xFF, 0xF0, 0x03, 0xFF, 0x00, 0x00, 0x00, 0x00, 0xE0, 0x00, 0x03, 0xE0, 0x00, 0x00,
    0x00, 0x00, 0x00, 0x00, 0x00, 0x00, 0x00, 0x00, 0x00, 0x00, 0x00, 0x00, 0x07, 0x00, 0x00, 0x00,
    0x07, 0x03, 0x80, 0x00, 0x00, 0x00, 0x1F, 0xFC, 0x00, 0x0F, 0x00, 0x00, 0x0C, 0x00, 0x00, 0x00,
    0x00, 0x00, 0x00, 0x00, 0x61, 0x41, 0x45, 0x26, 0x12, 0xE6, 0x85, 0x0A, 0x12, 0x24, 0x50, 0x5A,
    0x34, 0x99, 0x80, 0x00, 0x03, 0x84, 0xC8, 0xA1, 0x25, 0xFD, 0xE6, 0x13, 0x3A, 0x84, 0xAA, 0x12,
    0x98, 0x4D, 0x66, 0x32, 0x98, 0x4F, 0x00, 0x01, 0xE0, 0x00, 0x00, 0x00, 0x00, 0xC0, 0x00, 0x00,
    0x01, 0xFF, 0x88, 0x00, 0x00, 0x00, 0x7F, 0xFF, 0xE3, 0xFF, 0x00, 0x00, 0x00, 0x00, 0xC0, 0x00,
    0x01, 0xF0, 0x00, 0x00, 0x00, 0x00, 0x00, 0x00, 0x00, 0x00, 0x00, 0x00, 0x00, 0x00, 0x00, 0x00,
    0x0F, 0xC0, 0x00, 0x00, 0x03, 0x83, 0xC0, 0x00, 0x00, 0x03, 0xFF, 0xF0, 0x00, 0x07, 0x00, 0x00,
    0x0E, 0x00, 0x00, 0x00, 0x00, 0x00, 0x00, 0x01, 0x92, 0x22, 0x28, 0x89, 0x31, 0x64, 0xC8, 0x91,
    0x21, 0x42, 0xC8, 0x83, 0x22, 0x25, 0x80, 0x00, 0x06, 0x4A, 0x85, 0x12, 0x12, 0xFF, 0xEF, 0xA0,
    0x34, 0xC8, 0x51, 0x21, 0x24, 0x84, 0x9B, 0x21, 0x24, 0x87, 0xC0, 0x01, 0xE0, 0x00, 0x00, 0x00,
    0x00, 0xC0, 0x00, 0x00, 0x01, 0xC0, 0x00, 0x00, 0x00, 0x00, 0x01, 0xFF, 0xFD, 0xFF, 0x80, 0x00,
    0x00, 0x01, 0xC0, 0x00, 0x00, 0xFC, 0x00, 0x00, 0x00, 0x00, 0x00, 0x00, 0x00, 0x00, 0x00, 0x00,
    0x00, 0x00, 0x00, 0x00, 0x0F, 0xFE, 0x00, 0x00, 0x03, 0xC1, 0xE0, 0x00, 0x00, 0x0F, 0xFF, 0x80,
    0x00, 0x07, 0x80, 0x00, 0x0E, 0x00, 0x00, 0x00, 0x00, 0x00, 0x00, 0x01, 0x4C, 0x15, 0x90, 0x54,
    0xC0, 0x99, 0x32, 0x64, 0xC8, 0x91, 0x25, 0x44, 0xC5, 0x53, 0x80, 0x00, 0x37, 0x31, 0x63, 0xCC,
    0xCD, 0xEE, 0x7F, 0xC4, 0x49, 0x31, 0x24, 0xC4, 0xD3, 0x13, 0x54, 0xC4, 0xD3, 0x13, 0xC0, 0x01,
    0xE0, 0x00, 0x00, 0x00, 0x00, 0xE0, 0x00, 0x00, 0x01, 0xC0, 0x00, 0x00, 0x00, 0x00, 0x00, 0x07,
    0xFF, 0xFF, 0xBF, 0xE0, 0x00, 0x01, 0xC0, 0x00, 0x00, 0x7F, 0x80, 0x00, 0x00, 0x00, 0x00, 0x00,
    0x00, 0x00, 0x00, 0x00, 0x00, 0x00, 0x00, 0x00, 0x1F, 0xFF, 0xFF, 0xC0, 0x01, 0xE0, 0xE0, 0x00,
    0x00, 0x3F, 0xC0, 0x00, 0x00, 0x03, 0x80, 0x1F, 0xFE, 0x00, 0x00, 0x00, 0x00, 0x00, 0x00, 0x03,
    0x0C, 0xC8, 0x2B, 0x24, 0xC5, 0x58, 0x30, 0x64, 0xC9, 0x52, 0xA2, 0x40, 0xC4, 0x93, 0xE0, 0x1E,
    0x7F, 0x33, 0xFF, 0xCC, 0x0D, 0x86, 0x79, 0xC0, 0xD5, 0x31, 0x54, 0xC4, 0xD3, 0x03, 0x24, 0xC4,
    0xD3, 0x13, 0xC0, 0x00, 0xE0, 0x00, 0x00, 0x00, 0x00, 0xE0, 0x00, 0x00, 0x01, 0xC0, 0x00, 0x00,
    0x00, 0x00, 0x00, 0x00, 0x1E, 0xFF, 0xFF, 0xFE, 0x00, 0x01, 0xC0, 0x00, 0x00, 0x1F, 0xF8, 0x00,
    0x00, 0x00, 0x00, 0x00, 0x00, 0x00, 0x00, 0x00, 0x00, 0x00, 0x00, 0x00, 0x1C, 0x3F, 0xFF, 0xC0,
    0x00, 0xF0, 0xF0, 0x00, 0x00, 0xFC, 0x00, 0x00, 0x00, 0x03, 0xC0, 0x7F, 0xFE, 0x00, 0x00, 0x00,
    0x00, 0x00, 0x00, 0x07, 0x12, 0x14, 0x44, 0x51, 0x22, 0x24, 0x48, 0x91, 0x22, 0x24, 0x45, 0x91,
    0x23, 0x44, 0xFC, 0x7F, 0xFE, 0x4F, 0x1C, 0xF2, 0x13, 0x00, 0xFB, 0x31, 0x26, 0xC8, 0x89, 0x21,
    0x24, 0xC4, 0xD3, 0x21, 0x24, 0x84, 0xC0, 0x00, 0xE0, 0x00, 0x00, 0x00, 0x00, 0xE0, 0x00, 0x00,
    0x01, 0xC0, 0x00, 0x00, 0x00, 0x00, 0x00, 0x00, 0x0E, 0x7F, 0xDF, 0xFF, 0xFC, 0x01, 0xC0, 0x00,
    0x00, 0x07, 0xFF, 0xC0, 0x00, 0x00, 0x00, 0x00, 0x00, 0x00, 0x00, 0x00, 0x00, 0x00, 0x00, 0x00,
    0x1C, 0x01, 0xFF, 0xC0, 0x00, 0x78, 0x78, 0x00, 0x01, 0xF8, 0x00, 0x00, 0x00, 0x01, 0xE0, 0xFF,
    0xFE, 0x00, 0x00, 0x00, 0x00, 0x00, 0x00, 0x0F, 0xA1, 0x22, 0x82, 0x8A, 0x14, 0x5A, 0x95, 0x2A,
    0x14, 0x18, 0x2C, 0x82, 0x32, 0xA8, 0x5F, 0xF1, 0xFB, 0x8E, 0x00, 0x3F, 0x2E, 0x00, 0x7B, 0x12,
    0xC9, 0x85, 0x26, 0x12, 0x98, 0x48, 0xEA, 0x32, 0x98, 0x4A, 0x60, 0x00, 0xE0, 0x00, 0x00, 0x00,
    0x00, 0xE0, 0x00, 0x00, 0x01, 0xC0, 0x00, 0x00, 0x00, 0x00, 0x00, 0x01, 0xFE, 0x7F, 0xE0, 0x3F,
    0xFF, 0xC1, 0xC0, 0x00, 0x00, 0x01, 0xFF, 0xFE, 0x00, 0x00, 0x00, 0x00, 0x00, 0x00, 0x00, 0x00,
    0x00, 0x00, 0x00, 0x00, 0x38, 0x00, 0x01, 0xC0, 0x00, 0x38, 0x38, 0x00, 0x07, 0xE0, 0x00, 0x00,
    0x00, 0x00, 0xF1, 0xE0, 0x0E, 0x00, 0x00, 0x00, 0x00, 0x00, 0x00, 0x1E, 0x44, 0xD9, 0x19, 0x24,
    0x48, 0x89, 0x12, 0x24, 0xC9, 0x99, 0x12, 0x44, 0x4C, 0x91, 0x23, 0x64, 0xC1, 0xDE, 0x00, 0x1F,
    0xFC, 0x00, 0x03, 0x4C, 0x89, 0x92, 0x26, 0x4C, 0x99, 0x31, 0x24, 0x4C, 0x99, 0x32, 0x60, 0x00,
    0xE0, 0x00, 0x00, 0x00, 0x00, 0xE0, 0x00, 0x00, 0x01, 0xC0, 0x00, 0x00, 0x00, 0x00, 0x00, 0x07,
    0xFE, 0x3F, 0xE0, 0x00, 0xFF, 0xF1, 0xC1, 0xC0, 0x00, 0x00, 0x1F, 0xFF, 0xF0, 0x00, 0x00, 0x00,
    0x00, 0x00, 0x00, 0x00, 0x00, 0x00, 0x00, 0x00, 0x38, 0x00, 0x01, 0xC0, 0x00, 0x1C, 0x3C, 0x00,
    0x07, 0x80, 0x00, 0x00, 0x00, 0x00, 0x7F, 0xC0, 0x0E, 0x00, 0x00, 0x00, 0x00, 0x00, 0x00, 0x3C,
    0xA0, 0xC2, 0x82, 0x8A, 0x55, 0x06, 0x8D, 0x0A, 0x14, 0x24, 0x2C, 0x28, 0x0C, 0x29, 0x50, 0x95,
    0xC0, 0xFC, 0x03, 0xE1, 0xF8, 0x00, 0x03, 0x8D, 0x26, 0x55, 0x09, 0x4C, 0x24, 0x32, 0x9A, 0x4C,
    0x25, 0x30, 0x70, 0x00, 0xE0, 0x00, 0x00, 0x00, 0x00, 0xE0, 0x00, 0x00, 0x01, 0xC0, 0x00, 0x00,
    0x00, 0x00, 0x00, 0x1F, 0xFC, 0x3F, 0xF0, 0x00, 0x03, 0xFF, 0xCF, 0xFE, 0x00, 0x00, 0x01, 0xFF,
    0xFF, 0x00, 0x00, 0x00, 0x00, 0x00, 0x00, 0x00, 0x00, 0x00, 0x00, 0x00, 0x70, 0x00, 0x03, 0x80,
    0x00, 0x0E, 0x1E, 0x00, 0x0F, 0x00, 0x00, 0x00, 0x00, 0x00, 0x3F, 0xC0, 0x0E, 0x00, 0x00, 0x00,
    0x00, 0x00, 0x00, 0x78, 0x11, 0x24, 0x44, 0x51, 0xB2, 0x66, 0xC8, 0x91, 0x22, 0x42, 0x45, 0x91,
    0x12, 0x44, 0x89, 0x0A, 0xC0, 0x20, 0x0F, 0xF0, 0x00, 0x00, 0x03, 0x92, 0x04, 0x68, 0x90, 0x92,
    0x42, 0x4C, 0x19, 0x32, 0x42, 0x48, 0x98, 0x00, 0xF0, 0x00, 0x00, 0x00, 0x00, 0xE0, 0x00, 0x00,
    0x01, 0xC0, 0x00, 0x00, 0x00, 0x00, 0x00, 0x7F, 0x1C, 0x1F, 0xF8, 0x00, 0x00, 0x3F, 0xFF, 0xFF,
    0x80, 0x00, 0x00, 0x0F, 0xFF, 0xF0, 0x00, 0x00, 0x00, 0x00, 0x00, 0x00, 0x00, 0x00, 0x00, 0x00,
    0xF0, 0x00, 0x03, 0x80, 0x00, 0x0F, 0x7E, 0x00, 0x1E, 0x00, 0x00, 0x00, 0x00, 0x00, 0x1F, 0xC0,
    0x0E, 0x00, 0x00, 0x00, 0x00, 0x00, 0x00, 0xF0, 0x2A, 0xD8, 0x2B, 0x20, 0xCD, 0x99, 0x32, 0x66,
    0xC9, 0x91, 0xA2, 0x68, 0x29, 0x8B, 0x26, 0x37, 0x80, 0x00, 0x1F, 0xFC, 0x00, 0x00, 0x06, 0x6D,
    0x88, 0x92, 0x62, 0x69, 0x89, 0x8E, 0x26, 0xA9, 0x89, 0xA5, 0x2C, 0x00, 0xF0, 0x00, 0x00, 0x00,
    0x00, 0xE0, 0x00, 0x00, 0x01, 0xC0, 0x04, 0xFF, 0xFF, 0xC0, 0x01, 0xF8, 0x1C, 0x1F, 0xF8, 0x00,
    0x00, 0x0F, 0xFE, 0x1F, 0xE0, 0x00, 0x00, 0x00, 0xFF, 0xFF, 0x00, 0x00, 0x00, 0x00, 0x00, 0x00,
    0x00, 0x00, 0x00, 0x00, 0xE0, 0x00, 0x03, 0x80, 0x00, 0x07, 0xFF, 0x00, 0x3C, 0x00, 0x00, 0x00,
    0x00, 0x00, 0x01, 0xC0, 0x06, 0x00, 0x00, 0x00, 0x00, 0x00, 0x01, 0xE0, 0x24, 0x19, 0x90, 0x52,
    0xC8, 0x90, 0xB0, 0x60, 0xC9, 0x91, 0xA1, 0x44, 0x41, 0x8B, 0x26, 0x7F, 0x80, 0x00, 0x7E, 0x3F,
    0xFF, 0xEF, 0xF3, 0xE8, 0x90, 0xAA, 0x62, 0x69, 0x81, 0x92, 0x42, 0x49, 0x89, 0xA2, 0x24, 0x00,
    0xFE, 0x00, 0x00, 0x00, 0x00, 0xE0, 0x00, 0x00, 0x01, 0xFF, 0xFF, 0xFF, 0xFF, 0xFF, 0xE7, 0xE0,
    0x1C, 0x0F, 0xFC, 0x00, 0x00, 0x03, 0xF8, 0x01, 0xF0, 0x00, 0x00, 0x00, 0x0F, 0xFF, 0xF0, 0x00,
    0x00, 0x00, 0x00, 0x00, 0x00, 0x00, 0x00, 0x01, 0xE0, 0x00, 0x03, 0x80, 0x00, 0x03, 0xE7, 0x80,
    0x78, 0x00, 0x00, 0x00, 0x00, 0x00, 0x01, 0xC0, 0x07, 0x00, 0x00, 0x00, 0x00, 0x00, 0x03, 0xC0,
    0x1A, 0x24, 0x28, 0x89, 0x32, 0x64, 0x48, 0x91, 0x22, 0x42, 0x48, 0x82, 0xA2, 0x44, 0x89, 0xF0,
    0x00, 0x00, 0xF8, 0x0F, 0xFF, 0xFF, 0xF9, 0xD2, 0x62, 0x44, 0x90, 0x92, 0x42, 0x69, 0x89, 0xA2,
    0x42, 0x45, 0x0C, 0x00, 0xFF, 0xE0, 0x00, 0x00, 0x00, 0xE0, 0x00, 0x00, 0x01, 0xFF, 0xFF, 0xFF,
    0xFF, 0xFF, 0xFF, 0x80, 0x1C, 0x0F, 0xFE, 0x00, 0x00, 0x03, 0xC0, 0x00, 0xF8, 0x00, 0x00, 0x00,
    0x0E, 0x3F, 0xFF, 0xE0, 0x00, 0x00, 0x00, 0x00, 0x00, 0x00, 0x00, 0x01, 0xE0, 0x00, 0x03, 0x80,
    0x00, 0x01, 0xC3, 0x81, 0xF0, 0x00, 0x00, 0x00, 0x00, 0x00, 0x00, 0xC0, 0x07, 0x00, 0x00, 0x00,
    0x00, 0x00, 0x07, 0x80, 0x91, 0x42, 0x45, 0x06, 0x30, 0x60, 0xA5, 0x0A, 0x14, 0x24, 0x31, 0x59,
    0x04, 0x28, 0x50, 0xC0, 0x00, 0x00, 0xE0, 0x07, 0xFF, 0xFF, 0xFE, 0x69, 0x61, 0x83, 0x09, 0x0C,
    0x24, 0x71, 0x81, 0x94, 0x24, 0x28, 0xBC, 0x00, 0xFF, 0xFC, 0x00, 0x00, 0x00, 0xE0, 0x00, 0x00,
    0x01, 0xFF, 0xC4, 0x00, 0x00, 0x1F, 0xFF, 0x00, 0x1C, 0x07, 0xFE, 0x00, 0x00, 0x03, 0x80, 0x00,
    0x38, 0x00, 0x00, 0x00, 0x0E, 0x03, 0xFF, 0xFF, 0xF0, 0x00, 0x00, 0x00, 0x00, 0x00, 0x00, 0x01,
    0xC0, 0x00, 0x03, 0x80, 0x00, 0x00, 0x01, 0xEF, 0xE0, 0x00, 0x00, 0x00, 0x00, 0x00, 0x00, 0xE0,
    0x07, 0x00, 0x00, 0x00, 0x00, 0x00, 0x0F, 0x00, 0x64, 0x8D, 0xB2, 0x16, 0x48, 0x91, 0x12, 0x24,
    0x49, 0x99, 0x12, 0x26, 0x88, 0x91, 0x20, 0xC0, 0x00, 0x01, 0xC0, 0x00, 0x00, 0x0C, 0x1F, 0x3F,
    0xD1, 0x13, 0x06, 0x4F, 0x98, 0x92, 0x42, 0x48, 0x19, 0x10, 0xF0, 0x00, 0xFF, 0xFF, 0x00, 0x00,
    0x00, 0xE0, 0x00, 0x00, 0x01, 0xC0, 0x00, 0x00, 0x00, 0x00, 0x0C, 0x00, 0x3C, 0x03, 0xFF, 0x00,
    0x00, 0x07, 0x00, 0x00, 0x1C, 0x00, 0x00, 0x00, 0x0E, 0x00, 0x1F, 0xFF, 0xFF, 0xFC, 0x00, 0x00,
    0x00, 0x00, 0x00, 0x01, 0xC0, 0x00, 0x03, 0x80, 0x00, 0x00, 0x01, 0xFF, 0xC0, 0x00, 0x00, 0x00,
    0x00, 0x00, 0x00, 0xE0, 0x07, 0x00, 0x00, 0x00, 0x00, 0x00, 0x1E, 0x00, 0x61, 0x41, 0x85, 0x09,
    0x85, 0x0A, 0x0D, 0x0A, 0x14, 0x18, 0x0C, 0x14, 0x50, 0x28, 0x52, 0xE0, 0x00, 0x03, 0xC0, 0x00,
    0x00, 0x00, 0x07, 0xDF, 0xFA, 0x44, 0xB6, 0x17, 0x99, 0x4C, 0x25, 0x34, 0x98, 0x2B, 0xC0, 0x00,
    0xF0, 0xFF, 0xFC, 0x00, 0x00, 0xE0, 0x00, 0x00, 0x01, 0xC0, 0x00, 0x00, 0x00, 0x00, 0x00, 0x00,
    0x38, 0x03, 0xFF, 0x00, 0x00, 0x07, 0x00, 0x00, 0x1E, 0x00, 0x00, 0x00, 0x0C, 0x00, 0x00, 0x0F,
    0xFF, 0xFF, 0xFC, 0x00, 0x00, 0x00, 0x00, 0x01, 0xC0, 0x00, 0x03, 0x80, 0x00, 0x00, 0x00, 0xFF,
    0x00, 0x00, 0x00, 0x00, 0x00, 0x00, 0x00, 0xE0, 0x07, 0x00, 0x00, 0x00, 0x00, 0x00, 0x3C, 0x00,
    0x92, 0x22, 0x48, 0x91, 0xB2, 0x64, 0xCC, 0x91, 0x22, 0x24, 0x8C, 0x8B, 0x22, 0x44, 0x89, 0x60,
    0x00, 0x03, 0x80, 0x00, 0x00, 0x00, 0x03, 0xF0, 0x34, 0x08, 0xFF, 0x2F, 0x26, 0x0C, 0x98, 0x32,
    0x24, 0x45, 0x80, 0x00, 0xF1, 0xE7, 0xFF, 0xFC, 0x00, 0xE0, 0x00, 0x00, 0x01, 0xC0, 0x00, 0x00,
    0x00, 0x00, 0x00, 0x00, 0x38, 0x01, 0xFF, 0x80, 0x00, 0x07, 0x00, 0x00, 0x0E, 0x00, 0x00, 0x00,
    0x1C, 0x00, 0x00, 0x6F, 0xFF, 0xFF, 0xFF, 0xFF, 0x00, 0x00, 0x00, 0x03, 0x80, 0x00, 0x03, 0x80,
    0x00, 0x00, 0x01, 0xFC, 0x00, 0x00, 0x00, 0x00, 0x00, 0x00, 0x00, 0xE0, 0x07, 0x00, 0x00, 0x00,
    0x00, 0x00, 0x78, 0x00, 0x8C, 0x15, 0xB0, 0x62, 0x45, 0x0A, 0x12, 0x66, 0xCD, 0x42, 0x12, 0x14,
    0x50, 0x9B, 0x06, 0x60, 0x00, 0x07, 0x80, 0x00, 0x00, 0x00, 0x00, 0xFC, 0x3A, 0x33, 0xC7, 0xDE,
    0xC6, 0x12, 0x18, 0x49, 0x42, 0x83, 0xC0, 0x00, 0xF1, 0xC1, 0xFF, 0xFF, 0x80, 0xE0, 0x00, 0x00,
    0x01, 0xC0, 0x00, 0x00, 0x00, 0x00, 0x00, 0x00, 0x38, 0x00, 0xFF, 0xC0, 0x00, 0x07, 0x00, 0x00,
    0x0E, 0x00, 0x00, 0x00, 0x1C, 0x00, 0x00, 0xF9, 0x97, 0xFF, 0xFF, 0xFF, 0xFF, 0x00, 0x00, 0x03,
    0x80, 0x00, 0x03, 0x80, 0x00, 0x00, 0x03, 0xF0, 0x00, 0x00, 0x00, 0x00, 0x00, 0x00, 0x00, 0xE0,
    0x07, 0x80, 0x00, 0x00, 0x00, 0x00, 0xF0, 0x00, 0x4C, 0x48, 0x33, 0x64, 0x28, 0x91, 0x21, 0x60,
    0xC0, 0xB1, 0x21, 0x22, 0x89, 0x03, 0x16, 0x60, 0x00, 0x07, 0x00, 0x00, 0x00, 0x00, 0x00, 0x3E,
    0x31, 0xFF, 0x03, 0xFC, 0xC9, 0x21, 0x24, 0x84, 0x91, 0x13, 0xC0, 0x00, 0x73, 0x81, 0xFF, 0xFF,
    0xF8, 0xE0, 0x00, 0x00, 0x01, 0xC0, 0x00, 0x00, 0x00, 0x00, 0x00, 0x00, 0x70, 0x00, 0xFF, 0xC0,
    0x00, 0x0E, 0x00, 0x00, 0x07, 0x00, 0x00, 0x00, 0x3C, 0x00, 0x00, 0xFA, 0x45, 0x1B, 0xF1, 0xFF,
    0xFF, 0xFE, 0x00, 0x03, 0x80, 0x00, 0x03, 0x80, 0x00, 0x00, 0x07, 0xC0, 0x00, 0x00, 0x00, 0x00,
    0x00, 0x00, 0x00, 0xE0, 0x03, 0xC0, 0x00, 0x00, 0x00, 0x01, 0xE0, 0x00, 0x32, 0x14, 0x48, 0x99,
    0x12, 0x64, 0xC8, 0x91, 0x21, 0x7C, 0xC0, 0xD1, 0x06, 0x44, 0x89, 0x60, 0x00, 0x07, 0x00, 0x00,
    0x00, 0x00, 0x00, 0x0F, 0x27, 0xCF, 0x01, 0xF9, 0x34, 0xC4, 0xD3, 0x13, 0x42, 0x8C, 0xC0, 0x00,
    0x77, 0x83, 0xC1, 0xFF, 0xFF, 0xF0, 0x00, 0x00, 0x01, 0xC0, 0x00, 0x00, 0x00, 0x00, 0x00, 0x00,
    0x70, 0x00, 0x7F, 0xE0, 0x00, 0x0E, 0x00, 0x00, 0x07, 0x00, 0x00, 0x00, 0x38, 0x00, 0x00, 0x34,
    0x28, 0xA1, 0x38, 0x00, 0x7F, 0xFF, 0xF0, 0x07, 0x80, 0x00, 0x01, 0xC0, 0x00, 0x00, 0x07, 0x00,
    0x00, 0x00, 0x00, 0x00, 0x00, 0x00, 0x00, 0xE0, 0x01, 0xF0, 0x00, 0x00, 0x00, 0x03, 0xC0, 0x00,
    0x31, 0x36, 0x85, 0x98, 0x28, 0x60, 0xC1, 0x5A, 0x33, 0x7C, 0xCC, 0xC2, 0xB6, 0x48, 0x7D, 0xE0,
    0x00, 0x06, 0x00, 0x00, 0x00, 0x00, 0x00, 0x07, 0x77, 0x00, 0x01, 0xFB, 0x30, 0xC0, 0xC3, 0x03,
    0x64, 0x4F, 0x80, 0x00, 0x7F, 0x07, 0x80, 0xF1, 0xFF, 0xFF, 0xFE, 0x00, 0x01, 0xC0, 0x00, 0x00,
    0x00, 0x00, 0x00, 0x00, 0xF0, 0x00, 0x7F, 0xE0, 0x00, 0x0E, 0x00, 0x00, 0x07, 0x80, 0x00, 0x00,
    0x38, 0x00, 0x00, 0x3B, 0x13, 0x44, 0xDC, 0x00, 0x1F, 0xFF, 0xFF, 0xC7, 0x00, 0x00, 0x01, 0xC0,
    0x00, 0x00, 0x07, 0x00, 0x00, 0x00, 0x00, 0x00, 0x00, 0x00, 0x00, 0x60, 0x00, 0xF8, 0x00, 0x00,
    0x00, 0x07, 0x80, 0x00, 0x48, 0xC9, 0x1A, 0x64, 0x44, 0x91, 0x22, 0x24, 0x4C, 0xFF, 0xE1, 0x24,
    0x49, 0x11, 0xFE, 0x70, 0x00, 0x0E, 0x00, 0x00, 0x00, 0x00, 0x00, 0x03, 0xBE, 0x00, 0x01, 0xDC,
    0xD9, 0x21, 0x24, 0x84, 0x98, 0xBF, 0x00, 0x00, 0x7E, 0x0F, 0x00, 0xF0, 0x1F, 0xFF, 0xFF, 0xF0,
    0x01, 0xC0, 0x00, 0x00, 0x00, 0x00, 0x00, 0x01, 0xE0, 0x00, 0x3F, 0xF0, 0x00, 0x0E, 0x00, 0x00,
    0x03, 0xC0, 0x00, 0x00, 0x70, 0x00, 0x00, 0x1C, 0x28, 0xA0, 0xCF, 0x00, 0x7A, 0xF9, 0xFF, 0xFF,
    0x00, 0x00, 0x01, 0xC0, 0x00, 0x00, 0x07, 0x00, 0x00, 0x00, 0x00, 0x00, 0x00, 0x00, 0x00, 0xE0,
    0x00, 0x7C, 0x00, 0x00, 0x00, 0x0F, 0x00, 0x00, 0x84, 0xC2, 0x85, 0x42, 0x93, 0x0A, 0x14, 0x1A,
    0x0C, 0x3F, 0xF2, 0x18, 0x30, 0xA0, 0xFC, 0xB0, 0x00, 0x0E, 0x00, 0x00, 0x00, 0x00, 0x00, 0x03,
    0xD8, 0x00, 0x03, 0xDC, 0xA6, 0x12, 0x98, 0x4A, 0x59, 0xF0, 0x00, 0x00, 0x7E, 0x1E, 0x00, 0xE0,
    0x01, 0xFF, 0xFF, 0xFC, 0x01, 0xC0, 0x00, 0x00, 0x00, 0x00, 0x00, 0x01, 0xE0, 0x00, 0x1F, 0xF0,
    0x00, 0x1E, 0x00, 0x00, 0x01, 0xE0, 0x00, 0x00, 0x70, 0x00, 0x00, 0x0E, 0x45, 0x91, 0x33, 0xFF,
    0xED, 0x1C, 0x0F, 0xFF, 0xE0, 0x00, 0x01, 0xC0, 0x00, 0x3F, 0x87, 0x00, 0x00, 0x00, 0x00, 0x00,
    0x00, 0x00, 0x00, 0xE0, 0x00, 0x1F, 0x00, 0x00, 0x00, 0x1E, 0x00, 0x00, 0x13, 0x26, 0x4C, 0x91,
    0x13, 0x64, 0xC8, 0x99, 0x12, 0x3C, 0x7D, 0x99, 0x32, 0x44, 0xCF, 0xB8, 0x00, 0x0E, 0x00, 0x00,
    0x00, 0x00, 0x00, 0x01, 0xE0, 0x00, 0x03, 0x9F, 0x26, 0x4C, 0x99, 0x3E, 0x3F, 0x80, 0x00, 0x00,
    0x7C, 0x1C, 0x00, 0xE0, 0x00, 0x70, 0x00, 0xFE, 0x01, 0xC0, 0x00, 0x00, 0x00, 0x00, 0x00, 0x03,
    0xC0, 0x00, 0x1F, 0xF0, 0x00, 0x1F, 0x00, 0x00, 0x00, 0xFF, 0xC0, 0x00, 0xF0, 0x00, 0x00, 0x07,
    0xC2, 0x6A, 0x30, 0xFF, 0xC2, 0x8E, 0x00, 0xFF, 0xFC, 0x00, 0x01, 0xC0, 0xFF, 0xFF, 0xFF, 0x00,
    0x00, 0x00, 0x00, 0x00, 0x00, 0x00, 0x00, 0xE0, 0x00, 0x0F, 0x80, 0x00, 0x00, 0x3C, 0x00, 0x00,
    0x93, 0x18, 0x73, 0x42, 0x84, 0x8A, 0x14, 0x26, 0xAD, 0x1C, 0x3E, 0x25, 0x48, 0xA5, 0x3F, 0xF0,
    0x00, 0x07, 0x00, 0x00, 0x00, 0x00, 0x00, 0x00, 0xE0, 0x00, 0x07, 0x07, 0x89, 0x4C, 0x25, 0x3C,
    0x7F, 0x00, 0x00, 0x00, 0x78, 0x3C, 0x01, 0xE0, 0x00, 0x70, 0x00, 0x1F, 0x01, 0xC0, 0x00, 0x00,
    0x00, 0x00, 0x00, 0x07, 0x80, 0x00, 0x0F, 0xF8, 0x00, 0x1F, 0x80, 0x00, 0x00, 0x7F, 0xFF, 0xC0,
    0xE0, 0x00, 0x00, 0x01, 0xB5, 0x04, 0x49, 0x11, 0x24, 0x4F, 0x00, 0x0F, 0xFF, 0xC0, 0x0F, 0xFF,
    0xFF, 0xFF, 0xFF, 0xF0, 0x00, 0x00, 0x00, 0x00, 0x00, 0x00, 0x07, 0xE0, 0x00, 0x03, 0xE0, 0x00,
    0x00, 0x38, 0x00, 0x00, 0x44, 0x98, 0xB2, 0x64, 0x48, 0x51, 0x22, 0x62, 0x41, 0x9C, 0x1F, 0xF2,
    0x85, 0x3B, 0x7C, 0x70, 0x00, 0x07, 0x00, 0x00, 0x00, 0x00, 0x00, 0x00, 0x70, 0x00, 0x07, 0x03,
    0x90, 0x93, 0x42, 0x58, 0xE0, 0x00, 0x00, 0x01, 0xF8, 0x38, 0x01, 0xE0, 0x00, 0x70, 0x00, 0x07,
    0x81, 0xC0, 0x00, 0x00, 0x00, 0x00, 0x00, 0x0F, 0x80, 0x00, 0x0F, 0xF8, 0x00, 0x1F, 0xC0, 0x00,
    0x00, 0x1F, 0xFF, 0xF9, 0xE0, 0x00, 0x00, 0x00, 0xF8, 0x8A, 0x96, 0x6A, 0x19, 0xB3, 0x9F, 0x00,
    0x7F, 0xFF, 0xFF, 0xFF, 0xFF, 0x81, 0xFF, 0xFF, 0x00, 0x00, 0x00, 0x00, 0x00, 0x00, 0x0F, 0xC0,
    0x00, 0x01, 0xF0, 0x00, 0x00, 0x70, 0x00, 0x00, 0x2A, 0x64, 0x4C, 0x99, 0x33, 0x24, 0xC9, 0x91,
    0xA2, 0x6C, 0x00, 0xFD, 0x22, 0xFC, 0xF0, 0x00, 0x00, 0x07, 0x00, 0x00, 0x00, 0x00, 0x00, 0x00,
    0x78, 0x00, 0x0E, 0x00, 0xE2, 0x6B, 0x89, 0xBD, 0xC0, 0x00, 0x00, 0x07, 0xF8, 0x38, 0x01, 0xE0,
    0x00, 0x70, 0x00, 0x03, 0xC1, 0xC0, 0x00, 0x00, 0x00, 0x00, 0x00, 0x3F, 0xC0, 0x00, 0x0F, 0xF8,
    0x00, 0x1D, 0xE0, 0x00, 0x00, 0x07, 0x1F, 0xFF, 0xE0, 0x00, 0x00, 0x00, 0x78, 0x59, 0x16, 0x04,
    0xD8, 0x31, 0xFF, 0x80, 0x07, 0xFF, 0xFF, 0xFE, 0x00, 0x00, 0x0F, 0xFF, 0xF8, 0x00, 0x00, 0x00,
    0x00, 0x00, 0x1F, 0x00, 0x00, 0x00, 0x78, 0x00, 0x00, 0x70, 0x00, 0x00, 0x92, 0x62, 0x8C, 0x19,
    0x30, 0x54, 0xC9, 0x91, 0xB0, 0x67, 0x00, 0x0E, 0xA7, 0xCF, 0xC0, 0x00, 0x00, 0x07, 0x00, 0x00,
    0x00, 0x00, 0x00, 0x00, 0x38, 0x00, 0x0E, 0x00, 0x7E, 0x6F, 0x89, 0xBF, 0x80, 0x00, 0x00, 0x3F,
    0xF8, 0x70, 0x01, 0xE0, 0x00, 0x38, 0x00, 0x01, 0xF1, 0xC0, 0x00, 0x00, 0x7F, 0x80, 0x07, 0xFD,
    0xE0, 0x00, 0x07, 0xF8, 0x00, 0x1C, 0xF8, 0x00, 0x00, 0x0E, 0x00, 0x7F, 0xF8, 0x00, 0x00, 0x00,
    0x1E, 0x27, 0x89, 0x0A, 0x24, 0x48, 0xD8, 0xC0, 0x00, 0x3F, 0xFC, 0x7E, 0x00, 0x00, 0x07, 0x3F,
    0xFF, 0xFF, 0xF0, 0x00, 0x00, 0x00, 0x3C, 0x00, 0x00, 0x00, 0x3C, 0x00, 0x00, 0x70, 0x00, 0x00,
    0x28, 0x91, 0x12, 0x24, 0x7C, 0x89, 0x22, 0x62, 0x48, 0x93, 0x80, 0x04, 0xFF, 0x87, 0x80, 0x00,
    0x00, 0x07, 0x00, 0x00, 0x00, 0x00, 0x00, 0x00, 0x38, 0x00, 0x0E, 0x00, 0x1E, 0xFF, 0xDE, 0x5F,
    0x80, 0x00, 0x00, 0xFF, 0x78, 0x70, 0x01, 0xC0, 0x00, 0x38, 0x00, 0x00, 0xF9, 0xC0, 0x00, 0x3F,
    0xFF, 0xFF, 0xFF, 0xF8, 0xF0, 0x00, 0x07, 0xFC, 0x00, 0x1C, 0x7E, 0x00, 0x00, 0x0E, 0x00, 0x07,
    0xFF, 0x00, 0x00, 0x00, 0x0E, 0x57, 0xD2, 0x91, 0x42, 0x85, 0x29, 0xC0, 0x00, 0x00, 0x03, 0xFB,
    0x00, 0x00, 0x06, 0x00, 0xFF, 0xFF, 0xFF, 0xFF, 0xE0, 0x00, 0x38, 0x00, 0x00, 0x00, 0x1C, 0x00,
    0x00, 0x60, 0x00, 0x00, 0x45, 0x0A, 0xA5, 0x4A, 0xFF, 0x26, 0x14, 0x26, 0x35, 0x19, 0x80, 0x06,
    0xFC, 0x00, 0x00, 0x00, 0x00, 0x07, 0x00, 0x00, 0x00, 0x00, 0x00, 0x00, 0x1C, 0x0F, 0x1C, 0x00,
    0x07, 0xF2, 0xFF, 0x2F, 0x00, 0x00, 0x01, 0xFF, 0x78, 0x70, 0x01, 0xC0, 0x00, 0x38, 0x00, 0x00,
    0x7F, 0xC0, 0x1F, 0xFF, 0xFF, 0xFF, 0xFF, 0xE0, 0x70, 0x00, 0x07, 0xFC, 0x00, 0x1C, 0x3F, 0xF8,
    0x00, 0x0E, 0x00, 0x03, 0xFF, 0xC0, 0x00, 0x00, 0x07, 0xFE, 0xE2, 0x66, 0x99, 0x0A, 0x26, 0x60,
    0x00, 0x00, 0x0F, 0x65, 0x80, 0x00, 0x0E, 0x00, 0x03, 0xFF, 0xFF, 0xFF, 0xFF, 0xFF, 0xFF, 0x00,
    0x00, 0x00, 0x0C, 0x00, 0x00, 0xE0, 0x00, 0x00, 0x92, 0x24, 0x44, 0x89, 0x63, 0x26, 0xC8, 0x99,
    0x12, 0x26, 0xC0, 0x07, 0x80, 0x00, 0x00, 0x00, 0x00, 0x03, 0x00, 0x00, 0x00, 0x00, 0x00, 0x00,
    0x1C, 0x0F, 0xFC, 0x00, 0x03, 0x80, 0x63, 0x9C, 0x00, 0x00, 0x03, 0xC7, 0x78, 0x70, 0x01, 0xC0,
    0x00, 0x38, 0x00, 0x00, 0x3F, 0x80, 0xFF, 0xFF, 0x03, 0xFF, 0xFF, 0x00, 0x38, 0x00, 0x07, 0xFC,
    0x00, 0x1C, 0x0F, 0xFF, 0xFC, 0x0E, 0x00, 0x03, 0x87, 0xC0, 0x00, 0x00, 0x01, 0xF8, 0xD0, 0x61,
    0x42, 0x85, 0x06, 0x60, 0x00, 0x00, 0x1E, 0x0B, 0xC0, 0x00, 0x0E, 0x00, 0x00, 0x00, 0xFF, 0xFF,
    0xFF, 0xFF, 0xFF, 0xFF, 0xFF, 0xE0, 0x1C, 0x00, 0x00, 0xE0, 0x00, 0x00, 0x85, 0x2A, 0xA3, 0x42,
    0xE3, 0x09, 0x14, 0x18, 0x0D, 0x06, 0xC0, 0x07, 0x00, 0x00, 0x00, 0x00, 0x00, 0x03, 0x80, 0x00,
    0x00, 0x00, 0x00, 0x00, 0x1C, 0x07, 0xFC, 0x00, 0x00, 0x00, 0x01, 0xF8, 0x00, 0x00, 0x0F, 0x87,
    0x78, 0x70, 0x01, 0xC0, 0x00, 0x38, 0x00, 0x00, 0x1F, 0xC3, 0xFF, 0x80, 0x03, 0x80, 0x07, 0x00,
    0x3C, 0x00, 0x07, 0xFC, 0x00, 0x0E, 0x01, 0xFF, 0xFF, 0xFC, 0x00, 0x03, 0x80, 0x00, 0x00, 0x00,
    0x00, 0x0F, 0xC8, 0x92, 0x24, 0x48, 0x8D, 0xA0, 0x00, 0x00, 0x79, 0x11, 0x60, 0x00, 0x7E, 0x00,
    0x00, 0x00, 0x00, 0x00, 0x07, 0xFF, 0xFF, 0xFF, 0xFF, 0xFF, 0x1C, 0x00, 0x00, 0xE0, 0x00, 0x00,
    0x48, 0xD9, 0x32, 0x64, 0x63, 0x90, 0xA2, 0x24, 0xCD, 0x89, 0x80, 0x00, 0x00, 0x00, 0x00, 0x00,
    0x00, 0x03, 0x80, 0x00, 0x00, 0x00, 0x00, 0x00, 0x0E, 0x00, 0xFC, 0x00, 0x00, 0x00, 0x00, 0x00,
    0x00, 0x00, 0x1F, 0x0F, 0x70, 0x70, 0x01, 0xC0, 0x00, 0x38, 0x00, 0x00, 0x3F, 0xFF, 0xE0, 0x00,
    0x03, 0x80, 0x07, 0x00, 0x1C, 0x00, 0x07, 0xFC, 0x00, 0x0E, 0x00, 0x03, 0xFF, 0xFC, 0x00, 0x07,
    0x80, 0x00, 0x00, 0x00, 0x00, 0x1F, 0x25, 0x2C, 0xD8, 0x31, 0x52, 0xF0, 0x00, 0x03, 0xF0, 0xA4,
    0xF0, 0x01, 0xFC, 0x00, 0x00, 0x00, 0x00, 0x00, 0x00, 0x00, 0x3F, 0xFF, 0xFF, 0xFF, 0xFC, 0x00,
    0x00, 0xE0, 0x00, 0x00, 0x30, 0x66, 0xCC, 0xBF, 0xE3, 0x66, 0x49, 0x53, 0x37, 0xF5, 0x80, 0x00,
    0x00, 0x00, 0x00, 0x00, 0x00, 0x03, 0x80, 0x00, 0x00, 0x00, 0x00, 0x00, 0x0E, 0x00, 0x3C, 0x00,
    0x00, 0x00, 0x00, 0x00, 0x00, 0x00, 0x3C, 0x1E, 0x70, 0x70, 0x03, 0xE0, 0x00, 0x38, 0x00, 0x00,
    0x7F, 0xFF, 0x00, 0x00, 0x03, 0x80, 0x06, 0x00, 0x0E, 0x00, 0x07, 0xFC, 0x00, 0x0F, 0x00, 0x00,
    0x01, 0xF8, 0x00, 0x07, 0x80, 0x00, 0x00, 0x00, 0x00, 0x1A, 0x82, 0x2C, 0x19, 0xB0, 0x22, 0x70,
    0x00, 0x0F, 0xA6, 0x40, 0xD8, 0x01, 0xF8, 0x00, 0x00, 0x00, 0x00, 0x00, 0x00, 0x00, 0x00, 0x00,
    0x01, 0xFF, 0xFF, 0x00, 0x01, 0xC0, 0x00, 0x00, 0x31, 0x64, 0x4C, 0x7F, 0xE1, 0xE0, 0xA8, 0x91,
    0x26, 0x7F, 0x70, 0x00, 0x00, 0x00, 0x00, 0x00, 0x00, 0x03, 0x80, 0x00, 0x00, 0x00, 0x00, 0x00,
    0x0F, 0x00, 0x38, 0x00, 0x00, 0x00, 0x00, 0x00, 0x00, 0x00, 0x78, 0x1C, 0x70, 0x70, 0x03, 0xFC,
    0x00, 0x38, 0x00, 0x01, 0xFE, 0x78, 0x00, 0x00, 0x03, 0x00, 0x0E, 0x00, 0x0F, 0x00, 0x07, 0xFC,
    0x00, 0x07, 0x00, 0x00, 0x00, 0x00, 0x00, 0x07, 0x00, 0x00, 0x00, 0x00, 0x00, 0x1C, 0xC5, 0x12,
    0x24, 0x48, 0x51, 0xB0, 0x00, 0x1C, 0x50, 0xA1, 0x38, 0x00, 0x00, 0x00, 0x00, 0x00, 0x00, 0x00,
    0x00, 0x00, 0x00, 0x00, 0x00, 0x03, 0xFF, 0xF8, 0x01, 0xC0, 0x00, 0x00, 0x48, 0x99, 0x32, 0x38,
    0x01, 0x91, 0x11, 0x64, 0xCC, 0x1F, 0x78, 0x00, 0x00, 0x00, 0x00, 0x00, 0x00, 0x03, 0x80, 0x00,
    0x00, 0x00, 0x00, 0x00, 0x07, 0x00, 0x38, 0x00, 0x00, 0x00, 0x00, 0x00, 0x00, 0x00, 0x70, 0x3C,
    0x70, 0xE0, 0x03, 0xFF, 0x80, 0x38, 0x00, 0x03, 0xE0, 0x00, 0x00, 0x00, 0x07, 0x00, 0x0E, 0x00,
    0x07, 0x80, 0x07, 0xFC, 0x00, 0x07, 0x80, 0x00, 0x00, 0x00, 0x00, 0x07, 0x00, 0x00, 0x00, 0x00,
    0x00, 0x18, 0x28, 0xA5, 0x42, 0x84, 0x88, 0x78, 0x00, 0x72, 0x89, 0x12, 0x18, 0x00, 0x00, 0x00,
    0x00, 0x00, 0x00, 0x00, 0x00, 0x00, 0x00, 0x00, 0x00, 0x00, 0x1F, 0xFF, 0xFF, 0xC0, 0x00, 0x00,
    0xC5, 0x18, 0x31, 0x5E, 0x03, 0x0A, 0x4A, 0x20, 0xD8, 0x08, 0x38, 0x00, 0x00, 0x00, 0x00, 0x00,
    0x00, 0x01, 0xC0, 0x00, 0x00, 0x00, 0x00, 0x00, 0x07, 0xC0, 0x38, 0x00, 0x00, 0x00, 0x00, 0x00,
    0x00, 0x00, 0xE0, 0x78, 0x70, 0xE0, 0x01, 0xFF, 0xFF, 0x38, 0x00, 0x0F, 0x80, 0x00, 0x00, 0x00,
    0x07, 0x00, 0x1C, 0x00, 0x03, 0xC0, 0x07, 0xFC, 0x00, 0x03, 0xC0, 0x00, 0x00, 0x00, 0x00, 0x0F,
    0x00, 0x00, 0x00, 0x00, 0x00, 0x1A, 0x12, 0x44, 0x8D, 0x13, 0x14, 0x58, 0x01, 0xF1, 0x26, 0xCC,
    0x58, 0x00, 0x00, 0x00, 0x00, 0x00, 0x00, 0x00, 0x00, 0x00, 0x00, 0x00, 0x00, 0x00, 0x00, 0x7F,
    0xFF, 0xFF, 0x00, 0x00, 0xFA, 0x34, 0x48, 0x8E, 0x06, 0x64, 0x44, 0x91, 0x38, 0x00, 0x1C, 0x00,
    0x00, 0x00, 0x00, 0xC0, 0x00, 0x01, 0xC0, 0x00, 0x00, 0x00, 0x00, 0x00, 0x03, 0xF8, 0x38, 0x00,
    0x00, 0x00, 0x00, 0x00, 0x00, 0x01, 0xE0, 0x70, 0xE0, 0xE0, 0x03, 0xC3, 0xFF, 0xFC, 0x07, 0xFF,
    0x00, 0x00, 0x00, 0x00, 0x07, 0x00, 0x3C, 0x00, 0x01, 0xF8, 0x07, 0xFC, 0x00, 0x01, 0xC0, 0x00,
    0x00, 0x00, 0x00, 0x0E, 0x00, 0x00, 0x00, 0x00, 0x00, 0x0F, 0xA8, 0xA1, 0x42, 0x83, 0x0A, 0x98,
    0x07, 0x82, 0xA6, 0x0C, 0x38, 0x00, 0x00, 0x00, 0x00, 0x00, 0x00, 0x00, 0x00, 0x00, 0x00, 0x00,
    0x00, 0x00, 0x00, 0x03, 0xFF, 0xFF, 0xFF, 0x80, 0x3F, 0xFE, 0xFF, 0x46, 0x0D, 0x0A, 0x0B, 0x0A,
    0xF0, 0x00, 0x1E, 0x00, 0x00, 0x00, 0x00, 0xE0, 0x00, 0x01, 0xFF, 0xC0, 0x00, 0x00, 0x00, 0x00,
    0x01, 0xFF, 0xFF, 0x00, 0x00, 0x00, 0x00, 0x00, 0x00, 0x07, 0xC0, 0x70, 0xE0, 0xE0, 0x03, 0xC0,
    0x3F, 0xFF, 0xFF, 0xFE, 0x00, 0x00, 0x00, 0x00, 0x07, 0x00, 0x38, 0x00, 0x00, 0xFC, 0x07, 0xFC,
    0x00, 0x00, 0xE0, 0x00, 0x00, 0x00, 0x00, 0x0E, 0x00, 0x00, 0x00, 0x00, 0x00, 0x07, 0xC5, 0x12,
    0x24, 0x44, 0xC1, 0x1C, 0x3E, 0x44, 0x49, 0x12, 0x58, 0x00, 0x00, 0x00, 0x00, 0x00, 0x00, 0x00,
    0x00, 0x00, 0x00, 0x00, 0x00, 0x00, 0x00, 0x00, 0x03, 0xFF, 0xFF, 0xFF, 0x07, 0xCF, 0xFF, 0xFF,
    0x1C, 0x91, 0x11, 0x65, 0xE0, 0x00, 0x0F, 0x00, 0x00, 0x00, 0x00, 0xE0, 0x00, 0x07, 0xFF, 0xFF,
    0x00, 0x00, 0x00, 0x00, 0x00, 0x3F, 0xFF, 0xFF, 0xFF, 0xE0, 0x00, 0x00, 0x00, 0x0F, 0x80, 0xE0,
    0xE0, 0xE0, 0x03, 0xC0, 0x07, 0xFF, 0xFF, 0xF0, 0x00, 0x00, 0x00, 0x00, 0x07, 0x00, 0x70, 0x00,
    0x00, 0x3C, 0x07, 0xFC, 0x00, 0x00, 0xF0, 0x00, 0x00, 0x00, 0x00, 0x0E, 0x00, 0x00, 0x00, 0x00,
    0x00, 0x03, 0xC2, 0x6C, 0x19, 0xA8, 0x62, 0xCF, 0xF9, 0x28, 0x30, 0xA7, 0xB8, 0x00, 0x00, 0x00,
    0x00, 0x00, 0x00, 0x00, 0x00, 0x00, 0x00, 0x00, 0x00, 0x00, 0x00, 0x00, 0x03, 0x80, 0x7F, 0xFF,
    0x00, 0x07, 0x80, 0x7E, 0x1B, 0x60, 0xA4, 0xCB, 0x00, 0x00, 0x07, 0x80, 0x00, 0x00, 0x00, 0x70,
    0x00, 0x7F, 0xFF, 0xFF, 0xF8, 0x00, 0x00, 0x00, 0x78, 0x7F, 0xFF, 0xFF, 0xFF, 0xFF, 0x07, 0xF0,
    0x00, 0x3E, 0x00, 0xE1, 0xC0, 0xE0, 0x03, 0xC0, 0x00, 0x03, 0xF8, 0x00, 0x00, 0x00, 0x00, 0x00,
    0x07, 0x00, 0xF0, 0x00, 0x00, 0x00, 0x07, 0xFC, 0x00, 0x00, 0x78, 0x00, 0x00, 0x00, 0x00, 0x1E,
    0x00, 0x00, 0x00, 0x00, 0x00, 0x07, 0x25, 0x0C, 0x58, 0x11, 0x24, 0x46, 0xD4, 0x13, 0x34, 0x47,
    0xF0, 0x00, 0x00, 0x00, 0x00, 0x00, 0x00, 0x00, 0x00, 0x00, 0x00, 0x00, 0x00, 0x00, 0x00, 0x00,
    0x07, 0x80, 0x00, 0x3F, 0x00, 0x00, 0x00, 0x00, 0x10, 0x64, 0x40, 0xF3, 0x00, 0x00, 0x03, 0xC0,
    0x00, 0x00, 0x00, 0x70, 0x03, 0xFF, 0xF0, 0x1F, 0xFF, 0xE0, 0x1B, 0xFF, 0xFF, 0xFC, 0x00, 0x7F,
    0xFF, 0xFF, 0xFF, 0xFF, 0x80, 0xFC, 0x00, 0xE1, 0xC0, 0xE0, 0x03, 0xC0, 0x00, 0x00, 0xE0, 0x00,
    0x00, 0x00, 0x00, 0x00, 0x07, 0x00, 0xE0, 0x00, 0x00, 0x00, 0x07, 0xFC, 0x00, 0x00, 0x38, 0x00,
    0x00, 0x00, 0x00, 0x1C, 0x00, 0x00, 0x00, 0x00, 0x00, 0x06, 0x18, 0x92, 0x24, 0x28, 0x99, 0xA9,
    0x62, 0x28, 0x48, 0xAE, 0x40, 0x00, 0x00, 0x00, 0x00, 0x00, 0x00, 0x00, 0x00, 0x00, 0x00, 0x00,
    0x00, 0x00, 0x00, 0x00, 0x07, 0x00, 0x00, 0x00, 0x00, 0x00, 0x00, 0x00, 0x18, 0x90, 0xA3, 0xFF,
    0x00, 0x00, 0x01, 0xE0, 0x00, 0x00, 0x00, 0x78, 0x3F, 0xFE, 0x00, 0x00, 0xFF, 0xFF, 0xFF, 0xFF,
    0xFF, 0xF0, 0x00, 0x00, 0x00, 0x0F, 0xFF, 0xFF, 0xFF, 0xF0, 0x01, 0xC1, 0xC0, 0xE0, 0x03, 0xC0,
    0x00, 0x00, 0x78, 0x00, 0x00, 0x00, 0x00, 0x00, 0x07, 0x01, 0xE0, 0x00, 0x00, 0x00, 0x07, 0xF8,
    0x00, 0x00, 0x3C, 0x00, 0x00, 0x00, 0x00, 0x1C, 0x00, 0x00, 0x00, 0x00, 0x00, 0x06, 0x50, 0x61,
    0x42, 0x44, 0x18, 0x10, 0x61, 0x44, 0x85, 0x16, 0x00, 0x00, 0x00, 0x00, 0x00, 0x00, 0x00, 0x00,
    0x00, 0x00, 0x00, 0x00, 0x00, 0x00, 0x00, 0x00, 0x07, 0x00, 0x00, 0x07, 0x00, 0x00, 0x00, 0x00,
    0x1D, 0x09, 0x30, 0xFC, 0x00, 0x00, 0x00, 0xE0, 0x00, 0x00, 0x00, 0x39, 0xFF, 0xF8, 0x00, 0x00,
    0x07, 0xFF, 0xFF, 0xFF, 0x7F, 0xF0, 0x00, 0x00, 0x00, 0x00, 0xF0, 0x0F, 0xFF, 0xE0, 0x01, 0xC3,
    0x80, 0xE0, 0x03, 0xC0, 0x00, 0x00, 0x7C, 0x00, 0x00, 0x00, 0x00, 0x00, 0x07, 0x01, 0xC0, 0x00,
    0x00, 0x00, 0x07, 0xF8, 0x00, 0x00, 0x1E, 0x00, 0x00, 0x00, 0x00, 0x1C, 0x00, 0x00, 0x00, 0x00,
    0x00, 0x07, 0x24, 0x66, 0x89, 0x8A, 0x24, 0x28, 0x90, 0x9B, 0x62, 0x0B, 0xC0, 0x0F, 0x00, 0x00,
    0x00, 0x00, 0x00, 0x00, 0x00, 0x00, 0x00, 0x00, 0x00, 0x00, 0x00, 0x00, 0x07, 0xF6, 0xF8, 0xFF,
    0x00, 0x00, 0x00, 0x00, 0x0F, 0x26, 0xC8, 0xE0, 0x00, 0x00, 0x00, 0xF0, 0x00, 0x00, 0x00, 0x3F,
    0xFE, 0x38, 0x00, 0x00, 0x00, 0x0F, 0xFF, 0xC0, 0x01, 0xFC, 0x00, 0x00, 0x00, 0x00, 0x00, 0x00,
    0x3F, 0x00, 0x01, 0xC3, 0x80, 0x40, 0x03, 0xC0, 0x00, 0x00, 0x1F, 0x00, 0x00, 0x00, 0x00, 0x00,
    0x07, 0x03, 0x80, 0x00, 0x00, 0x00, 0x07, 0xF8, 0x00, 0x00, 0x0E, 0x00, 0x00, 0x00, 0x00, 0x3C,
    0x00, 0x00, 0x00, 0x00, 0x00, 0x03, 0xC0, 0x91, 0x41, 0x85, 0x42, 0x45, 0x29, 0x43, 0x05, 0x55,
    0xFE, 0xFF, 0xC0, 0x00, 0x00, 0x00, 0x00, 0x00, 0x00, 0x00, 0x00, 0x00, 0x00, 0x00, 0x00, 0x00,
    0x07, 0xFF, 0xFF, 0xFF, 0x00, 0x00, 0x00, 0x00, 0x03, 0xC6, 0x75, 0x60, 0x00, 0x00, 0x00, 0x78,
    0x00, 0x00, 0x00, 0xFF, 0xF0, 0x1C, 0x00, 0x00, 0x00, 0x00, 0x00, 0x00, 0x00, 0xFE, 0x00, 0x00,
    0x00, 0x00, 0x00, 0x00, 0x0E, 0x00, 0x03, 0x83, 0x80, 0x00, 0x01, 0xC0, 0x00, 0x00, 0x0F, 0xC0,
    0x00, 0x00, 0x00, 0x00, 0x0E, 0x03, 0x80, 0x00, 0x00, 0x00, 0x07, 0xF8, 0x00, 0x00, 0x0F, 0x00,
    0x00, 0x00, 0x00, 0x38, 0x00, 0x00, 0x00, 0x00, 0x00, 0x01, 0xC9, 0x0B, 0xFE, 0x40, 0x99, 0x9A,
    0x06, 0x24, 0x88, 0xA2, 0x7F, 0xED, 0xC0, 0x00, 0x00, 0x00, 0x00, 0x00, 0x00, 0x00, 0x00, 0x00,
    0x00, 0x00, 0x00, 0x00, 0x01, 0xFF, 0xFF, 0xF0, 0x00, 0x00, 0x00, 0x00, 0x01, 0x89, 0x7F, 0xE0,
    0x00, 0x00, 0x00, 0x3F, 0x00, 0x00, 0x07, 0xFF, 0xE0, 0x1C, 0x00, 0x00, 0x00, 0x00, 0x00, 0x00,
    0x00, 0x1E, 0x00, 0x00, 0x00, 0x00, 0x00, 0x00, 0x07, 0x00, 0x03, 0x87, 0x00, 0x00, 0x01, 0xC0,
    0x00, 0x00, 0x03, 0xF0, 0x00, 0x00, 0x00, 0x00, 0x0E, 0x07, 0x00, 0x00, 0x00, 0x00, 0x07, 0xF8,
    0x00, 0x00, 0x07, 0x00, 0x00, 0x00, 0x00, 0x38, 0x00, 0x00, 0x00, 0x00, 0x00, 0x01, 0xA2, 0x07,
    0xFF, 0xF1, 0x41, 0x85, 0x06, 0x1B, 0x50, 0x45, 0x06, 0x12, 0xC0, 0x00, 0x00, 0x00, 0x00, 0x00,
    0x00, 0x00, 0x00, 0x00, 0x00, 0x00, 0x00, 0x00, 0x00, 0x22, 0x0F, 0x80, 0x00, 0x00, 0x00, 0x00,
    0x00, 0xD6, 0xE7, 0xC0, 0x00, 0x00, 0x01, 0xFF, 0xFF, 0x00, 0x3F, 0xFD, 0xC0, 0x0E, 0x00, 0x00,
    0x00, 0x00, 0x00, 0x00, 0x00, 0x0F, 0x00, 0x00, 0x00, 0x00, 0x00, 0x00, 0x07, 0x00, 0x0F, 0x07,
    0x00, 0x00, 0x01, 0xE0, 0x00, 0x00, 0x00, 0xFC, 0x00, 0x00, 0x00, 0x00, 0x0E, 0x07, 0x00, 0x00,
    0x00, 0x00, 0x07, 0xF8, 0x00, 0x00, 0x0F, 0x80, 0x00, 0x00, 0x00, 0x38, 0x00, 0x00, 0x00, 0x00,
    0x00, 0x00, 0xD6, 0x7F, 0x01, 0xFF, 0x22, 0x48, 0x89, 0x18, 0x26, 0xA8, 0x89, 0x27, 0xC0, 0x00,
    0x00, 0x00, 0x00, 0x00, 0x00, 0x00, 0x00, 0x00, 0x00, 0x00, 0x00, 0x00, 0x00, 0x00, 0x00, 0x00,
    0x00, 0x00, 0x00, 0x00, 0x00, 0xE1, 0xC0, 0x00, 0x00, 0x00, 0x07, 0xFF, 0xFF, 0xFF, 0xFF, 0xC3,
    0xC0, 0x0F, 0x00, 0x00, 0x00, 0x00, 0x00, 0x00, 0x00, 0x07, 0x80, 0x00, 0x00, 0x00, 0x00, 0x00,
    0x07, 0x80, 0x1F, 0x07, 0x00, 0x00, 0x01, 0xE0, 0x00, 0x00, 0x00, 0x7E, 0x00, 0x00, 0x00, 0x00,
    0x1E, 0x07, 0x00, 0x00, 0x00, 0x00, 0x07, 0xFC, 0x00, 0x00, 0x3F, 0x80, 0x00, 0x00, 0x00, 0x70,
    0x00, 0x00, 0x00, 0x00, 0x00, 0x00, 0x69, 0xFC, 0x00, 0x37, 0xD4, 0x33, 0x52, 0xA4, 0x51, 0x12,
    0x50, 0xDF, 0xC0, 0x00, 0x00, 0x00, 0x00, 0x00, 0x00, 0x00, 0x00, 0x00, 0x00, 0x00, 0x00, 0x00,
    0x00, 0x00, 0x00, 0x00, 0x00, 0x00, 0x00, 0x00, 0x00, 0xD3, 0x80, 0x00, 0x00, 0x00, 0x7F, 0xFF,
    0xFF, 0xFF, 0xFC, 0x03, 0x80, 0x07, 0x00, 0x00, 0x00, 0x00, 0x00, 0x00, 0x00, 0x03, 0x80, 0x00,
    0x00, 0x00, 0x00, 0x00, 0x03, 0x80, 0x3C, 0x0E, 0x00, 0x00, 0x01, 0xE0, 0x00, 0x00, 0x00, 0x1F,
    0x00, 0x00, 0x00, 0x00, 0x1C, 0x07, 0x00, 0x00, 0x00, 0x00, 0x07, 0xFC, 0x00, 0x00, 0xFD, 0xC0,
    0x00, 0x00, 0x00, 0x70, 0x00, 0x00, 0x00, 0x00, 0x00, 0x00, 0x7F, 0xE0, 0x00, 0x00, 0xFF, 0xB0,
    0x22, 0x42, 0xFF, 0xFF, 0xFF, 0xF8, 0x00, 0x00, 0x00, 0x00, 0x00, 0x00, 0x00, 0x00, 0x00, 0x00,
    0x00, 0x00, 0x00, 0x00, 0x00, 0x00, 0x00, 0x00, 0x00, 0x00, 0x00, 0x00, 0x00, 0xFF, 0x00, 0x00,
    0x00, 0x07, 0xFF, 0x80, 0x03, 0xFF, 0xC0, 0x03, 0x80, 0x02, 0x00, 0x00, 0x00, 0x00, 0x00, 0x00,
    0x00, 0x03, 0xC0, 0x00, 0x00, 0x00, 0x00, 0x00, 0x01, 0xC0, 0xF8, 0x0E, 0x00, 0x00, 0x01, 0xE0,
    0x00, 0x00, 0x00, 0x07, 0x80, 0x00, 0x00, 0x00, 0x3C, 0x07, 0x80, 0x00, 0x00, 0x00, 0x07, 0xFE,
    0x00, 0x03, 0xF1, 0xC0, 0x00, 0x00, 0x00, 0x70, 0x00, 0x00, 0x00, 0x00, 0x00, 0x00, 0x3C, 0x00,
    0x00, 0x00, 0x1F, 0xF8, 0x50, 0xB3, 0xFF, 0xFF, 0xFF, 0xE0, 0x00, 0x00, 0x00, 0x00, 0x00, 0x00,
    0x00, 0x00, 0x00, 0x00, 0x00, 0x00, 0x00, 0x00, 0x00, 0x00, 0x00, 0x00, 0x00, 0x00, 0x00, 0x00,
    0x0C, 0x7E, 0x00, 0x00, 0x00, 0x7F, 0xF0, 0x00, 0x00, 0x00, 0x00, 0x01, 0xC0, 0x00, 0x00, 0x00,
    0x00, 0x00, 0x00, 0x00, 0x00, 0x01, 0xC0, 0x00, 0x00, 0x00, 0x00, 0x00, 0x01, 0xE1, 0xF0, 0x0E,
    0x00, 0x00, 0x01, 0xE0, 0x00, 0x00, 0x00, 0x03, 0xC0, 0x00, 0x00, 0x00, 0x78, 0x03, 0xC0, 0x00,
    0x00, 0x00, 0x07, 0xFF, 0x00, 0x07, 0xC0, 0xE0, 0x00, 0x00, 0x00, 0x70, 0x00, 0x00, 0x00, 0x00,
    0x00, 0x00, 0x00, 0x00, 0x00, 0x00, 0x00, 0xFF, 0xC9, 0x7F, 0xC0, 0x00, 0x00, 0x00, 0x00, 0x00,
    0x00, 0x00, 0x00, 0x00, 0x00, 0x00, 0x00, 0x00, 0x00, 0x00, 0x00, 0x00, 0x00, 0x00, 0x00, 0x00,
    0xF0, 0x00, 0x00, 0x00, 0x1E, 0x1C, 0x00, 0x00, 0x07, 0xFF, 0x80, 0x00, 0x00, 0x00, 0x00, 0x01,
    0xE0, 0x00, 0x00, 0x00, 0x00, 0x00, 0x00, 0x00, 0x00, 0x01, 0xE0, 0x00, 0x00, 0x00, 0x00, 0x00,
    0x00, 0xE7, 0xC0, 0x1C, 0x00, 0x00, 0x03, 0xC0, 0x00, 0x00, 0x00, 0x03, 0xF0, 0x00, 0x00, 0x00,
    0x70, 0x01, 0xE0, 0x00, 0x03, 0xFF, 0xFB, 0xFF, 0x80, 0x1F, 0x00, 0xE0, 0x00, 0x00, 0x00, 0x78,
    0x00, 0x00, 0x00, 0x00, 0x00, 0x00, 0x00, 0x00, 0x00, 0x00, 0x00, 0x07, 0xFF, 0xF8, 0x00, 0x00,
    0x00, 0x00, 0x00, 0x00, 0x00, 0x00, 0x00, 0x00, 0x00, 0x00, 0x00, 0x00, 0x00, 0x00, 0x00, 0x00,
    0x00, 0x00, 0x00, 0x00, 0xFF, 0x00, 0x00, 0x00, 0x1F, 0x00, 0x00, 0x00, 0x3F, 0xFC, 0x00, 0x00,
    0x00, 0x00, 0x00, 0x00, 0xE0, 0x00, 0x00, 0x00, 0x00, 0x00, 0x00, 0x00, 0x00, 0x00, 0xF8, 0x00,
    0x00, 0x00, 0x00, 0x00, 0x00, 0x7F, 0x80, 0x1C, 0x00, 0x00, 0x03, 0xC0, 0x00, 0x00, 0x00, 0x01,
    0xFC, 0x00, 0x00, 0x00, 0xE0, 0x00, 0xF0, 0x00, 0x7F, 0xFF, 0xFF, 0xFF, 0xC0, 0x7E, 0x00, 0x70,
    0x00, 0x00, 0x00, 0xF8, 0x00, 0x00, 0x00, 0x00, 0x00, 0x00, 0x00, 0x00, 0x00, 0x00, 0x00, 0x00,
    0x3F, 0x80, 0x00, 0x00, 0x00, 0x00, 0x00, 0x00, 0x00, 0x00, 0x00, 0x00, 0x00, 0x00, 0x00, 0x00,
    0x00, 0x00, 0x00, 0x00, 0x00, 0x00, 0x00, 0x00, 0xFF, 0xE0, 0x00, 0x00, 0x3F, 0x00, 0x00, 0x01,
    0xFF, 0xE0, 0x00, 0x00, 0x00, 0x00, 0x00, 0x00, 0xF0, 0x00, 0x00, 0x00, 0x00, 0x00, 0x00, 0x00,
    0x00, 0x1F, 0xFC, 0x00, 0x00, 0x00, 0x00, 0x00, 0x00, 0x7E, 0x00, 0x3C, 0x00, 0x00, 0x07, 0xC0,
    0x00, 0x00, 0x00, 0x01, 0xFF, 0x80, 0x00, 0x01, 0xE0, 0x00, 0x78, 0x03, 0xFF, 0xFF, 0xFD, 0xFF,
    0xE0, 0xF8, 0x00, 0x70, 0x00, 0x00, 0x01, 0xFC, 0x00, 0x00, 0x00, 0x00, 0x00, 0x00, 0x00, 0x00,
    0x00, 0x00, 0x00, 0x00, 0x00, 0x00, 0x00, 0x00, 0x00, 0x00, 0x00, 0x00, 0x00, 0x00, 0x00, 0x00,
    0x00, 0x00, 0x00, 0x00, 0x00, 0x00, 0x00, 0x00, 0x00, 0x00, 0x00, 0x00, 0x0F, 0xFE, 0x00, 0x3F,
    0xFF, 0xFF, 0x00, 0xFF, 0xFF, 0x80, 0x00, 0x00, 0x00, 0x00, 0x00, 0x00, 0x78, 0x00, 0x00, 0x00,
    0x00, 0x00, 0x00, 0x00, 0x0D, 0xFF, 0xFC, 0x00, 0x00, 0x00, 0x00, 0x00, 0x00, 0x7C, 0x00, 0x38,
    0x00, 0x00, 0x0F, 0x80, 0x00, 0x00, 0x00, 0x01, 0xFF, 0xF8, 0x00, 0x03, 0xC0, 0x00, 0x3C, 0x0F,
    0xFE, 0x00, 0x06, 0xFF, 0xF0, 0xE0, 0x00, 0xF8, 0x00, 0x00, 0x03, 0xFC, 0x00, 0x00, 0x00, 0x00,
    0x00, 0x00, 0x00, 0x00, 0x00, 0x00, 0x00, 0x00, 0x00, 0x00, 0x00, 0x00, 0x00, 0x00, 0x00, 0x00,
    0x00, 0x00, 0x00, 0x00, 0x00, 0x00, 0x00, 0x00, 0x00, 0x00, 0x00, 0x00, 0x00, 0x00, 0x00, 0x00,
    0x00, 0xFF, 0xFF, 0xFF, 0xFF, 0xFF, 0xFF, 0xFF, 0xF7, 0x80, 0x00, 0x00, 0x00, 0x00, 0x00, 0x00,
    0x3C, 0x00, 0x00, 0x00, 0x00, 0x00, 0x00, 0x00, 0x7F, 0xFF, 0xFE, 0x00, 0x00, 0x00, 0x00, 0x00,
    0x00, 0x78, 0x00, 0x38, 0x00, 0x00, 0x7F, 0x00, 0x00, 0x00, 0x00, 0x00, 0xF3, 0xFF, 0x00, 0x07,
    0x80, 0x00, 0x1E, 0x1F, 0xE0, 0x00, 0x01, 0x7F, 0xF8, 0x00, 0x03, 0xF8, 0x00, 0x00, 0x07, 0x9E,
    0x00, 0x00, 0x00, 0x00, 0x00, 0x00, 0x00, 0x00, 0x00, 0x00, 0x00, 0x00, 0x00, 0x00, 0x00, 0x00,
    0x00, 0x00, 0x00, 0x00, 0x00, 0x00, 0x00, 0x00, 0x00, 0x00, 0x00, 0x00, 0x00, 0x00, 0x00, 0x00,
    0x00, 0x00, 0x00, 0x00, 0x00, 0x3F, 0xFF, 0xFF, 0xFF, 0xFF, 0xFF, 0xFF, 0x03, 0x80, 0x00, 0x00,
    0x00, 0x00, 0x00, 0x00, 0x1F, 0x00, 0x00, 0x00, 0x00, 0x00, 0x00, 0x03, 0xFF, 0xFC, 0x7E, 0x00,
    0x00, 0x00, 0x00, 0x00, 0x00, 0xE0, 0x00, 0x70, 0x00, 0x0F, 0xFE, 0x00, 0x00, 0x00, 0x00, 0x00,
    0x38, 0x7F, 0xC0, 0x0F, 0x00, 0x00, 0x0F, 0x7E, 0xF0, 0x00, 0x00, 0xBF, 0xF8, 0x00, 0x1F, 0xF8,
    0x00, 0x00, 0x0F, 0x0F, 0x00, 0x00, 0x00, 0x00, 0x00, 0x00, 0x00, 0x00, 0x00, 0x00, 0x00, 0x00,
    0x00, 0x00, 0x00, 0x00, 0x00, 0x00, 0x00, 0x00, 0x00, 0x00, 0x00, 0x00, 0x00, 0x00, 0x00, 0x00,
    0x00, 0x00, 0x00, 0x00, 0x00, 0x00, 0x00, 0x00, 0x00, 0x7B, 0xFF, 0xC0, 0x0F, 0x00, 0x3F, 0xF0,
    0x03, 0xE0, 0x00, 0x00, 0x00, 0x00, 0x00, 0x00, 0x0F, 0x80, 0x00, 0x00, 0x00, 0x00, 0x00, 0x07,
    0xFF, 0x80, 0x7E, 0x00, 0x00, 0x00, 0x00, 0x00, 0x00, 0xE0, 0x00, 0x70, 0x00, 0x1F, 0xF8, 0x00,
    0x00, 0x00, 0x00, 0x00, 0x3C, 0x07, 0xF8, 0x7E, 0x00, 0x00, 0x07, 0xF8, 0x70, 0x00, 0x00, 0x5F,
    0xFC, 0x00, 0x7F, 0x1C, 0x00, 0x00, 0x1E, 0x07, 0x80, 0x00, 0x00, 0x00, 0x00, 0x00, 0x1F, 0xFC,
    0x00, 0x00, 0x00, 0x00, 0x00, 0x00, 0x00, 0x00, 0x00, 0x00, 0x00, 0x00, 0x00, 0x00, 0x00, 0x00,
    0x00, 0x00, 0x00, 0x00, 0x00, 0x00, 0x00, 0x00, 0x00, 0x00, 0x00, 0x00, 0x00, 0x70, 0x00, 0x00,
    0x0F, 0x0F, 0xFF, 0xE0, 0x01, 0xF0, 0x00, 0x00, 0x00, 0x00, 0x00, 0x00, 0x03, 0xC0, 0x00, 0x00,
    0x00, 0x00, 0x00, 0x0F, 0xFC, 0x00, 0x7C, 0x00, 0x00, 0x00, 0x00, 0x00, 0x01, 0xC0, 0x00, 0xE0,
    0x00, 0x3F, 0xF0, 0x00, 0x00, 0x00, 0x00, 0x00, 0x1C, 0x01, 0xFF, 0xFC, 0x00, 0x00, 0x07, 0xE0,
    0x78, 0x00, 0x00, 0x2F, 0xFC, 0x01, 0xFC, 0x1C, 0x00, 0x00, 0x3C, 0x03, 0xC0, 0x00, 0x00, 0x00,
    0xFF, 0xFC, 0x7F, 0xFE, 0x00, 0x00, 0x00, 0x00, 0x00, 0x00, 0x00, 0x00, 0x00, 0x00, 0x00, 0x00,
    0x00, 0x00, 0x00, 0x00, 0x00, 0x00, 0x00, 0x00, 0x00, 0x00, 0x00, 0x00, 0x00, 0x00, 0x00, 0x00,
    0x00, 0x70, 0x00, 0x00, 0x0F, 0xFF, 0xFF, 0x80, 0x00, 0xF8, 0x00, 0x00, 0x00, 0x00, 0x00, 0x00,
    0x01, 0xE0, 0x00, 0x00, 0x00, 0x00, 0x00, 0x1E, 0x00, 0x00, 0x7C, 0x00, 0x00, 0x00, 0x00, 0x00,
    0x01, 0xC0, 0x00, 0xE0, 0x00, 0x7E, 0x00, 0x00, 0x00, 0x00, 0x00, 0x00, 0x0E, 0x00, 0x3F, 0xF0,
    0x00, 0x00, 0x03, 0xC0, 0x38, 0x00, 0x00, 0x17, 0xFE, 0x07, 0xF0, 0x1C, 0x00, 0x00, 0x78, 0x01,
    0xC0, 0x00, 0x00, 0x00, 0xFF, 0xFF, 0xFF, 0xFF, 0x00, 0x00, 0x00, 0x00, 0x00, 0x00, 0x00, 0x00,
    0x00, 0x00, 0x00, 0x00, 0x00, 0x00, 0x00, 0x00, 0x00, 0x00, 0x00, 0x00, 0x00, 0x00, 0x00, 0x00,
    0x00, 0x00, 0x00, 0x00, 0x00, 0xE0, 0x00, 0x00, 0x0F, 0xFF, 0xF0, 0x00, 0x00, 0x3C, 0x00, 0x00,
    0x00, 0x00, 0x00, 0x00, 0x00, 0xF0, 0x00, 0x00, 0x00, 0x00, 0x00, 0x1C, 0x00, 0x00, 0x7C, 0x00,
    0x00, 0x00, 0x00, 0x00, 0x03, 0x80, 0x01, 0xC0, 0x00, 0x78, 0x00, 0x00, 0x00, 0x00, 0x00, 0x00,
    0x0F, 0x00, 0x0F, 0x80, 0x00, 0x00, 0x01, 0xC0, 0x1C, 0x00, 0x00, 0x03, 0xFE, 0x1F, 0xC0, 0x0E,
    0x00, 0x00, 0xF0, 0x00, 0xE0, 0x00, 0x00, 0x00, 0xFF, 0xFF, 0xF0, 0x07, 0xE0, 0x00, 0x00, 0x00,
    0x00, 0x00, 0x00, 0x00, 0x00, 0x00, 0x00, 0x00, 0x00, 0x00, 0x00, 0x00, 0x00, 0x00, 0x00, 0x00,
    0x00, 0x00, 0x00, 0x00, 0x00, 0x00, 0x00, 0x00, 0x00, 0xE0, 0x00, 0x00, 0x0F, 0xF8, 0x00, 0x00,
    0x00, 0x1C, 0x00, 0x00, 0x00, 0x00, 0x00, 0x00, 0x00, 0x78, 0x00, 0x00, 0x00, 0x00, 0x00, 0x1C,
    0x00, 0x00, 0xFC, 0x00, 0x00, 0x00, 0x00, 0x00, 0x03, 0x80, 0x01, 0xC0, 0x00, 0xF0, 0x00, 0x00,
    0x00, 0x00, 0x00, 0x00, 0x07, 0x00, 0x00, 0x00, 0x00, 0x00, 0x01, 0xC0, 0x1C, 0x00, 0x00, 0x03,
    0xFE, 0x3F, 0x00, 0x0E, 0x00, 0x01, 0xE0, 0x00, 0xF0, 0x00, 0x00, 0x01, 0xC0, 0x03, 0xC0, 0x03,
    0xF8, 0x00, 0x00, 0x00, 0x00, 0x00, 0x00, 0x00, 0x00, 0x00, 0x00, 0x00, 0x00, 0x00, 0x00, 0x00,
    0x00, 0x00, 0x00, 0x00, 0x00, 0x00, 0x00, 0x00, 0x00, 0x00, 0x00, 0x00, 0x01, 0xE0, 0x00, 0x00,
    0x0F, 0x80, 0x00, 0x00, 0x00, 0x0E, 0x00, 0x00, 0x00, 0x00, 0x00, 0x00, 0x00, 0x38, 0x00, 0x00,
    0x00, 0x00, 0x00, 0x3C, 0x0F, 0xE0, 0xFC, 0x00, 0x00, 0x00, 0x00, 0x00, 0x07, 0x00, 0x03, 0x80,
    0x01, 0xE0, 0x00, 0x00, 0x00, 0x00, 0x00, 0x00, 0x07, 0x00, 0x00, 0x00, 0x00, 0x00, 0x01, 0xC0,
    0x1C, 0x00, 0x00, 0x03, 0xFE, 0x3C, 0x00, 0x0E, 0x00, 0x03, 0xC0, 0x00, 0x78, 0x00, 0x00, 0x01,
    0xC0, 0x03, 0x80, 0x00, 0xFE, 0x00, 0x00, 0x00, 0x00, 0x00, 0x00, 0x00, 0x00, 0x00, 0x00, 0x00,
    0x00, 0x00, 0x00, 0x00, 0x00, 0x00, 0x00, 0x00, 0x00, 0x00, 0x00, 0x00, 0x00, 0x00, 0x00, 0x00,
    0x01, 0xC0, 0x00, 0x00, 0x0E, 0x00, 0x00, 0x00, 0x00, 0x0F, 0x00, 0x00, 0x00, 0x00, 0x00, 0x00,
    0x00, 0x18, 0x00, 0x00, 0x00, 0x00, 0x00, 0x38, 0x3F, 0xFF, 0xFC, 0x00, 0x00, 0x00, 0x00, 0x00,
    0x07, 0x00, 0x07, 0x80, 0x03, 0xE0, 0x00, 0x00, 0x00, 0x00, 0x00, 0x00, 0x03, 0x80, 0x00, 0x00,
    0x00, 0x00, 0x00, 0xE0, 0x0E, 0x00, 0x00, 0x05, 0xFF, 0x00, 0x00, 0x07, 0x00, 0x07, 0x80, 0x00,
    0x3C, 0x00, 0x00, 0x01, 0xC0, 0x03, 0x80, 0x00, 0x1F, 0x80, 0x00, 0x00, 0x00, 0x00, 0x00, 0x00,
    0x00, 0x00, 0x00, 0x00, 0x00, 0x00, 0x00, 0x00, 0x00, 0x00, 0x00, 0x00, 0x00, 0x00, 0x00, 0x00,
    0x00, 0x00, 0x00, 0x00, 0x01, 0xC0, 0x00, 0x00, 0x1E, 0x00, 0x00, 0x00, 0x00, 0x07, 0xE0, 0x00,
    0x00, 0x00, 0x00, 0x00, 0x00, 0x00, 0x00, 0x00, 0x00, 0x00, 0x00, 0xF8, 0x3F, 0xFF, 0xEE, 0x00,
    0x00, 0x00, 0x00, 0x00, 0x03, 0x80, 0x0F, 0x00, 0x03, 0xC0, 0x00, 0x00, 0x00, 0x00, 0x00, 0x00,
    0x03, 0x80, 0x00, 0x00, 0x00, 0x00, 0x00, 0xE0, 0x0E, 0x00, 0x00, 0x1D, 0xFF, 0x00, 0x00, 0x07,
    0x00, 0x0F, 0x00, 0x00, 0x1E, 0x00, 0x00, 0x01, 0xC0, 0x03, 0x80, 0x00, 0x07, 0x80, 0x00, 0x00,
    0x00, 0x00, 0x00, 0x00, 0x00, 0x00, 0x00, 0x00, 0x00, 0x00, 0x00, 0x00, 0x00, 0x00, 0x00, 0x00,
    0x00, 0x00, 0x00, 0x00, 0x00, 0x00, 0x00, 0x00, 0x01, 0xC0, 0x00, 0x00, 0x1E, 0x00, 0x00, 0x00,
    0x00, 0x03, 0xFE, 0x00, 0x00, 0x00, 0x00, 0x00, 0x00, 0x00, 0x00, 0x00, 0x00, 0x00, 0xFF, 0xF0,
    0x78, 0x0F, 0xEE, 0x00, 0x00, 0x00, 0x00, 0x00, 0x03, 0x80, 0x0E, 0x00, 0x07, 0x80, 0x00, 0x00,
    0x00, 0x00, 0x00, 0x00, 0x03, 0x80, 0x00, 0x00, 0x00, 0x00, 0x00, 0xE0, 0x07, 0x00, 0x00, 0x7F,
    0xFF, 0x00, 0x00, 0x07, 0x00, 0x3E, 0x00, 0x00, 0x0F, 0x80, 0x00, 0x01, 0xC0, 0x03, 0x00, 0x00,
    0x03, 0x80, 0x00, 0x00, 0x00, 0x00, 0x00, 0x00, 0x00, 0x00, 0x00, 0x00, 0x00, 0x00, 0x00, 0x00,
    0x00, 0x00, 0x00, 0x00, 0x00, 0x00, 0x00, 0x00, 0x00, 0x00, 0x00, 0x00, 0x01, 0xC0, 0x00, 0x00,
    0x1C, 0x00, 0x00, 0x00, 0x00, 0x01, 0xFF, 0x00, 0x00, 0x00, 0x00, 0x00, 0x00, 0x00, 0x00, 0x00,
    0x00, 0x03, 0xFF, 0xE0, 0x70, 0x01, 0xCF, 0x00, 0x00, 0x00, 0x00, 0x00, 0x01, 0xC0, 0x1E, 0x00,
    0x0F, 0x80, 0x00, 0x00, 0x00, 0x00, 0x00, 0x00, 0x03, 0x80, 0x00, 0x00, 0x00, 0x00, 0x00, 0x60,
    0x07, 0x80, 0x00, 0xF9, 0xFF, 0x00, 0x00, 0x07, 0x00, 0x7C, 0x00, 0x00, 0x07, 0xE0, 0x00, 0x01,
    0xC0, 0x03, 0x00, 0x00, 0x01, 0x80, 0x00, 0x00, 0x00, 0x00, 0x00, 0x00, 0x00, 0x00, 0x00, 0x00,
    0x00, 0x00, 0x00, 0x00, 0x00, 0x00, 0x00, 0x00, 0x00, 0x00, 0x00, 0x00, 0x00, 0x00, 0x00, 0x00,
    0x01, 0xC0, 0x00, 0x00, 0x1C, 0x00, 0x00, 0x00, 0x00, 0x00, 0x0F, 0x80, 0x00, 0x00, 0x00, 0x00,
    0x00, 0x00, 0x00, 0x00, 0x07, 0x3F, 0xFF, 0x00, 0x70, 0x01, 0xC7, 0x80, 0x00, 0x00, 0x00, 0x00,
    0x01, 0xC0, 0x3C, 0x00, 0x0F, 0x00, 0x00, 0x00, 0x00, 0x00, 0x00, 0x00, 0x03, 0x80, 0x00, 0x00,
    0x00, 0x00, 0x00, 0x70, 0x03, 0xC0, 0x03, 0xF0, 0xFF, 0x80, 0x00, 0x03, 0x81, 0xF8, 0x00, 0x00,
    0x01, 0xF8, 0x00, 0x01, 0xC0, 0x07, 0x00, 0x00, 0x03, 0x80, 0x00, 0x00, 0x00, 0x00, 0x00, 0x00,
    0x00, 0x00, 0x00, 0x00, 0x00, 0x00, 0x00, 0x00, 0x00, 0x00, 0x00, 0x00, 0x00, 0x00, 0x00, 0x00,
    0x00, 0x00, 0x00, 0x00, 0x01, 0xC0, 0x00, 0x00, 0x1C, 0x00, 0x00, 0x00, 0x00, 0x00, 0x03, 0xC0,
    0x00, 0x00, 0x00, 0x00, 0x00, 0x00, 0x00, 0x00, 0x7F, 0xFF, 0x00, 0x00, 0x70, 0x03, 0xC3, 0xC0,
    0x00, 0x00, 0x00, 0x00, 0x00, 0xE0, 0x78, 0x00, 0x1E, 0x00, 0x00, 0x00, 0x00, 0x38, 0x00, 0x00,
    0x03, 0x80, 0x00, 0x00, 0x00, 0x00, 0x00, 0x70, 0x01, 0xF0, 0x07, 0xC0, 0xFF, 0x80, 0x00, 0x03,
    0x87, 0xE0, 0x00, 0x00, 0x00, 0xFF, 0x80, 0x01, 0xC0, 0x07, 0x00, 0x00, 0x03, 0x80, 0x00, 0x00,
    0x00, 0x00, 0x00, 0x00, 0x00, 0x00, 0x00, 0x00, 0x00, 0x00, 0x00, 0x00, 0x00, 0x00, 0x00, 0x00,
    0x00, 0x00, 0x00, 0x00, 0x00, 0x00, 0x00, 0x00, 0x01, 0xC0, 0x00, 0x01, 0xF8, 0x00, 0x00, 0x00,
    0x00, 0x00, 0x01, 0xE0, 0x00, 0x00, 0x00, 0x00, 0x00, 0x00, 0x00, 0x01, 0xFF, 0xFC, 0x00, 0x00,
    0x70, 0x03, 0xC3, 0xE0, 0x00, 0x00, 0x00, 0x00, 0x00, 0xE0, 0x70, 0x00, 0x1E, 0x00, 0x00, 0x00,
    0x00, 0x3C, 0x00, 0x00, 0x03, 0x80, 0x00, 0x00, 0x00, 0x00, 0x00, 0x70, 0x00, 0xF8, 0x0F, 0x80,
    0xFF, 0x80, 0x00, 0x03, 0x9F, 0x80, 0x00, 0x00, 0x00, 0x3F, 0xFF, 0xFF, 0xC0, 0x07, 0x00, 0x00,
    0x03, 0x80, 0x00, 0x00, 0x00, 0x00, 0x00, 0x00, 0x00, 0x00, 0x00, 0x00, 0x00, 0x00, 0x00, 0x00,
    0x00, 0x00, 0x00, 0x00, 0x00, 0x00, 0x00, 0x00, 0x00, 0x00, 0x00, 0x00, 0x01, 0xE0, 0x00, 0x03,
    0xF8, 0x00, 0x00, 0x00, 0x00, 0x00, 0x00, 0xF0, 0x00, 0x00, 0x00, 0x00, 0x00, 0x00, 0x00, 0x03,
    0xF8, 0x00, 0x00, 0x00, 0x70, 0x03, 0xC1, 0xFF, 0xFD, 0xC0, 0x00, 0x00, 0x00, 0x70, 0xE0, 0x00,
    0x3C, 0x00, 0x00, 0x00, 0x00, 0x7E, 0x00, 0x00, 0x0F, 0x80, 0x00, 0x00, 0x00, 0x00, 0x00, 0x38,
    0x00, 0x3E, 0x3E, 0x00, 0xFF, 0x80, 0x00, 0x03, 0xFE, 0x00, 0x00, 0x00, 0x00, 0x07, 0xFF, 0xFF,
    0xFF, 0xFF, 0x00, 0x00, 0x07, 0x00, 0x00, 0x00, 0x00, 0x00, 0x00, 0x00, 0x00, 0x00, 0x00, 0x00,
    0x00, 0x00, 0x00, 0x00, 0x00, 0x00, 0x00, 0x00, 0x00, 0x00, 0x00, 0x00, 0x00, 0x00, 0x00, 0x00,
    0x00, 0xE0, 0x00, 0x07, 0xF8, 0x00, 0x00, 0x00, 0x00, 0x00, 0x00, 0xF8, 0x00, 0x00, 0x00, 0x00,
    0x00, 0x00, 0x00, 0x07, 0xC0, 0x00, 0x00, 0x00, 0x38, 0x03, 0x80, 0x7F, 0xFF, 0xFF, 0xFF, 0xFE,
    0x00, 0x7B, 0xE0, 0x00, 0x3C, 0x00, 0x00, 0x00, 0x00, 0x7F, 0x80, 0x00, 0x1F, 0x00, 0x00, 0x00,
    0x00, 0x00, 0x00, 0x3C, 0x00, 0x1F, 0xFC, 0x00, 0xFF, 0x80, 0x00, 0x03, 0xF8, 0x00, 0x00, 0x00,
    0x00, 0x00, 0x7F, 0xFF, 0xFF, 0xFF, 0xFF, 0xC0, 0x07, 0x00, 0x00, 0x00, 0x00, 0x00, 0x00, 0x00,
    0x00, 0x00, 0x00, 0x00, 0x00, 0x00, 0x00, 0x00, 0x00, 0x00, 0x00, 0x00, 0x00, 0x00, 0x00, 0x00,
    0x00, 0x00, 0x00, 0x00, 0x00, 0x70, 0x00, 0x0F, 0x38, 0x00, 0x00, 0x00, 0x00, 0x00, 0x01, 0xFC,
    0x00, 0x00, 0x00, 0x00, 0x00, 0x00, 0x00, 0x0F, 0x00, 0x00, 0x00, 0x00, 0x38, 0x01, 0xC0, 0x1F,
    0xFF, 0xFF, 0xFF, 0xFF, 0xFF, 0xFF, 0xC0, 0x00, 0x38, 0x00, 0x00, 0x00, 0x00, 0xE7, 0xC0, 0x00,
    0x7E, 0x00, 0x00, 0x00, 0x00, 0x00, 0x00, 0x1E, 0x00, 0x0F, 0xF8, 0x00, 0xFF, 0x80, 0x00, 0x03,
    0xE0, 0x00, 0x00, 0x00, 0x00, 0x00, 0x00, 0x00, 0x0F, 0xFF, 0xFF, 0xFE, 0x07, 0x00, 0x00, 0x00,
    0x00, 0x00, 0x00, 0x00, 0x00, 0x00, 0x00, 0x00, 0x00, 0x00, 0x00, 0x00, 0x00, 0x00, 0x00, 0x00,
    0x00, 0x00, 0x00, 0x00, 0x00, 0x00, 0x00, 0x00, 0x00, 0x78, 0x00, 0x1E, 0x70, 0x00, 0x00, 0x00,
    0x00, 0x00, 0x0F, 0xDF, 0x00, 0x00, 0x00, 0x00, 0x00, 0x00, 0x00, 0x1E, 0x00, 0x00, 0x00, 0x00,
    0x1C, 0x01, 0xC0, 0x00, 0x01, 0xFF, 0xFF, 0xFF, 0xFF, 0xFF, 0x80, 0x00, 0x78, 0x00, 0x00, 0x00,
    0x00, 0xE3, 0xE0, 0x00, 0xF8, 0x00, 0x00, 0x00, 0x00, 0x00, 0x00, 0x0F, 0x00, 0x03, 0xE0, 0x00,
    0x7F, 0x80, 0x00, 0x01, 0xC0, 0x00, 0x00, 0x00, 0x00, 0x00, 0x00, 0x00, 0x00, 0x01, 0x7F, 0xFF,
    0xFF, 0xFC, 0x00, 0x00, 0x00, 0x00, 0x00, 0x00, 0x00, 0x00, 0x00, 0x00, 0x00, 0x00, 0x00, 0x00,
    0x00, 0x00, 0x00, 0x00, 0x00, 0x00, 0x00, 0x00, 0x00, 0x00, 0x00, 0x00, 0x00, 0x3C, 0x00, 0x3C,
    0x70, 0x00, 0x00, 0x00, 0x00, 0x00, 0x3F, 0x8F, 0xC0, 0x00, 0x00, 0x00, 0x00, 0x00, 0x00, 0x3C,
    0x00, 0x00, 0x00, 0x00, 0x1F, 0x01, 0xE0, 0x00, 0x00, 0x00, 0x00, 0x00, 0x3F, 0xFF, 0x00, 0x00,
    0x78, 0x00, 0x00, 0x00, 0x01, 0xE1, 0xF0, 0x0F, 0xE0, 0x00, 0x00, 0x00, 0x00, 0x00, 0x00, 0x07,
    0xC0, 0x03, 0xC0, 0x00, 0x7F, 0xC0, 0x00, 0x03, 0x80, 0x00, 0x00, 0x00, 0x00, 0x00, 0x00, 0x00,
    0x00, 0x00, 0x00, 0x3F, 0xFF, 0xFE, 0x00, 0x00, 0x00, 0x00, 0x00, 0x00, 0x00, 0x00, 0x00, 0x00,
    0x00, 0x00, 0x00, 0x00, 0x00, 0x00, 0x00, 0x00, 0x00, 0x00, 0x00, 0x00, 0x00, 0x00, 0x00, 0x00,
    0x00, 0x1F, 0x00, 0x78, 0x7C, 0x00, 0x00, 0x00, 0x00, 0x00, 0x7E, 0x07, 0xE0, 0x00, 0x00, 0x00,
    0x00, 0x00, 0x00, 0x78, 0x00, 0x00, 0x00, 0x00, 0x0F, 0xFC, 0xE0, 0x00, 0x00, 0x00, 0x00, 0x00,
    0x00, 0x1C, 0x00, 0x00, 0xF0, 0x00, 0x00, 0x00, 0x03, 0xC0, 0x78, 0x3F, 0xC0, 0x00, 0x00, 0x00,
    0x00, 0x00, 0x00, 0x03, 0xE0, 0x07, 0x80, 0x00, 0x7F, 0xC0, 0x00, 0x03, 0x80, 0x00, 0x00, 0x00,
    0x00, 0x00, 0x00, 0x00, 0x00, 0x00, 0x00, 0x01, 0xFF, 0xFF, 0x80, 0x00, 0x00, 0x00, 0x00, 0x00,
    0x00, 0x00, 0x00, 0x00, 0x00, 0x00, 0x00, 0x00, 0x00, 0x00, 0x00, 0x00, 0x00, 0x00, 0x00, 0x00,
    0x00, 0x00, 0x00, 0x00, 0x00, 0x0F, 0xFF, 0xF0, 0x7F, 0x00, 0x00, 0x00, 0x00, 0x00, 0x78, 0x01,
    0xF8, 0x00, 0x00, 0x00, 0x00, 0x00, 0x00, 0xF0, 0x00, 0x00, 0x00, 0x00, 0x0F, 0xFF, 0xF8, 0x00,
    0x00, 0x00, 0x00, 0x00, 0x00, 0x3C, 0x00, 0x00, 0xF0, 0x00, 0x00, 0x00, 0x03, 0x80, 0x3F, 0x7F,
    0x80, 0x00, 0x00, 0x00, 0x00, 0x00, 0x00, 0x01, 0xF0, 0x0F, 0x00, 0x00, 0x7F, 0xC0, 0x00, 0x03,
    0x80, 0x00, 0x00, 0x00, 0x00, 0x00, 0x00, 0x00, 0x00, 0x00, 0x00, 0x00, 0x07, 0x07, 0x80, 0x00,
    0x00, 0x00, 0x00, 0x00, 0x00, 0x00, 0x00, 0x00, 0x00, 0x00, 0x00, 0x00, 0x00, 0x00, 0x00, 0x00,
    0x00, 0x00, 0x00, 0x00, 0x00, 0x00, 0x00, 0x00, 0x00, 0x07, 0xFF, 0xE0, 0xFF, 0xC0, 0x00, 0x00,
    0x00, 0x00, 0x38, 0x00, 0x7C, 0x00, 0x00, 0x00, 0x00, 0x00, 0x00, 0xE0, 0x00, 0x00, 0x00, 0x00,
    0x0F, 0xFF, 0xFC, 0x00, 0x00, 0x00, 0x00, 0x00, 0x00, 0x78, 0x00, 0x00, 0xE0, 0x00, 0x00, 0x00,
    0x07, 0x00, 0x1F, 0xF2, 0x00, 0x00, 0x00, 0x00, 0x00, 0x00, 0x00, 0x00, 0x7C, 0x1E, 0x00, 0x00,
    0x3F, 0xC0, 0x00, 0x07, 0x00, 0x00, 0x00, 0x00, 0x00, 0x00, 0x00, 0x00, 0x00, 0x00, 0x00, 0x00,
    0x07, 0x01, 0xC0, 0x00, 0x00, 0x00, 0x00, 0x00, 0x00, 0x00, 0x00, 0x00, 0x00, 0x00, 0x00, 0x00,
    0x00, 0x00, 0x00, 0x00, 0x00, 0x00, 0x00, 0x00, 0x00, 0x00, 0x00, 0x00, 0x00, 0x00, 0xFF, 0xC0,
    0xE3, 0xE0, 0x00, 0x00, 0x00, 0x00, 0x00, 0x00, 0x1C, 0x00, 0x00, 0x00, 0x00, 0x00, 0x01, 0xC0,
    0x00, 0x00, 0x00, 0x00, 0x0E, 0x03, 0xFE, 0x00, 0x00, 0x00, 0x00, 0x00, 0x00, 0xF0, 0x00, 0x01,
    0xE0, 0x00, 0x00, 0x00, 0x07, 0x00, 0x07, 0xFC, 0x00, 0x00, 0x00, 0x00, 0x00, 0x00, 0x00, 0x00,
    0x3F, 0x3C, 0x00, 0x00, 0x3F, 0xE0, 0x00, 0x0F, 0x00, 0x00, 0x00, 0x00, 0x00, 0x00, 0x00, 0x00,
    0x00, 0x00, 0x00, 0x00, 0x07, 0x01, 0xE0, 0x00, 0x00, 0x00, 0x00, 0x00, 0x00, 0x00, 0x00, 0x00,
    0x00, 0x00, 0x00, 0x00, 0x00, 0x00, 0x00, 0x00, 0x00, 0x00, 0x00, 0x00, 0x00, 0x00, 0x00, 0x00,
    0x00, 0x00, 0x01, 0xC0, 0xE1, 0xF0, 0x00, 0x00, 0x00, 0x00, 0x00, 0x00, 0x0E, 0x00, 0x00, 0x00,
    0x00, 0x00, 0x03, 0xC0, 0x00, 0x00, 0x00, 0x00, 0x0E, 0x01, 0xFF, 0x00, 0x00, 0x00, 0x00, 0x00,
    0x01, 0xE0, 0x00, 0x03, 0xC0, 0x00, 0x00, 0x00, 0x0E, 0x00, 0x01, 0xFC, 0x00, 0x00, 0x00, 0x00,
    0x00, 0x00, 0x00, 0x00, 0x0F, 0xF8, 0x00, 0x00, 0x3F, 0xE0, 0x00, 0x0E, 0x00, 0x00, 0x00, 0x00,
    0x00, 0x00, 0x00, 0x00, 0x00, 0x00, 0x00, 0x00, 0x07, 0x00, 0xE0, 0x00, 0x00, 0x00, 0x00, 0x00,
    0x00, 0x00, 0x00, 0x00, 0x00, 0x00, 0x00, 0x00, 0x00, 0x00, 0x00, 0x00, 0x00, 0x00, 0x00, 0x00,
    0x00, 0x00, 0x00, 0x00, 0x00, 0x00, 0x01, 0xC0, 0xE0, 0x7C, 0x00, 0x00, 0x00, 0x00, 0x00, 0x00,
    0x0E, 0x00, 0x00, 0x00, 0x00, 0x00, 0x03, 0x80, 0x00, 0x00, 0x00, 0x00, 0x0E, 0x00, 0x4F, 0x80,
    0x00, 0x00, 0x00, 0x00, 0x07, 0xC0, 0x00, 0x03, 0xC0, 0x00, 0x00, 0x00, 0x0E, 0x00, 0x00, 0x3C,
    0x00, 0x00, 0x00, 0x00, 0x00, 0x00, 0x00, 0x00, 0x07, 0xF8, 0x00, 0x00, 0x3F, 0xE0, 0x00, 0x1E,
    0x00, 0x00, 0x00, 0x00, 0x00, 0x00, 0x00, 0x00, 0x00, 0x00, 0x00, 0x00, 0x0F, 0x00, 0xE0, 0x00,
    0x00, 0x00, 0x00, 0x00, 0x00, 0x00, 0x00, 0x00, 0x00, 0x00, 0x00, 0x00, 0x00, 0x00, 0x00, 0x00,
    0x00, 0x00, 0x00, 0x00, 0x00, 0x00, 0x00, 0x00, 0x00, 0x00, 0x01, 0xC0, 0xE0, 0x3E, 0x00, 0x00,
    0x00, 0x00, 0x00, 0x00, 0x0F, 0x00, 0x00, 0x00, 0x00, 0x00, 0x03, 0x80, 0x00, 0x00, 0x00, 0x00,
    0x0E, 0x00, 0x03, 0x80, 0x00, 0x00, 0x00, 0x00, 0x0F, 0x80, 0x00, 0x07, 0x80, 0x00, 0x00, 0x00,
    0x1C, 0x00, 0x00, 0x78, 0x00, 0x00, 0x00, 0x00, 0x00, 0x00, 0x00, 0x00, 0x00, 0xF0, 0x00, 0x00,
    0x3F, 0xE0, 0x00, 0x1C, 0x00, 0x00, 0x00, 0x00, 0x00, 0x00, 0x00, 0x00, 0x00, 0x00, 0x00, 0x00,
    0x0F, 0x00, 0xE0, 0x00, 0x00, 0x00, 0x00, 0x00, 0x00, 0x00, 0x00, 0x00, 0x00, 0x00, 0x00, 0x00,
    0x00, 0x00, 0x00, 0x00, 0x00, 0x00, 0x00, 0x00, 0x00, 0x00, 0x00, 0x00, 0x00, 0x00, 0x01, 0xC0,
    0xC0, 0x1F, 0x80, 0x00, 0x00, 0x00, 0x00, 0x00, 0x07, 0x00, 0x00, 0x00, 0x00, 0x00, 0x07, 0x00,
    0x00, 0x00, 0x00, 0x00, 0x0E, 0x00, 0x01, 0xC0, 0x00, 0x00, 0x00, 0x00, 0x1F, 0x00, 0x00, 0x07,
    0x80, 0x00, 0x00, 0x00, 0x1C, 0x00, 0x00, 0x78, 0x00, 0x00, 0x00, 0x00, 0x00, 0x00, 0x00, 0x00,
    0x00, 0x00, 0x00, 0x00, 0x1F, 0xE0, 0x00, 0x3C, 0x00, 0x00, 0x00, 0x00, 0x00, 0x00, 0x00, 0x00,
    0x00, 0x00, 0x00, 0x00, 0x0E, 0x00, 0xE0, 0x00, 0x00, 0x00, 0x00, 0x00, 0x00, 0x00, 0x00, 0x00,
    0x00, 0x00, 0x00, 0x00, 0x00, 0x00, 0x00, 0x00, 0x00, 0x00, 0x00, 0x00, 0x00, 0x00, 0x00, 0x00,
    0x00, 0x00, 0x01, 0xC1, 0xC0, 0x07, 0xC0, 0x00, 0x00, 0x00, 0x00, 0x00, 0x07, 0x80, 0x00, 0x00,
    0x00, 0x00, 0x07, 0x00, 0x00, 0x00, 0x00, 0x00, 0x0E, 0x00, 0x01, 0xE0, 0x00, 0x00, 0x00, 0x00,
    0x3E, 0x00, 0x00, 0x0F, 0x00, 0x00, 0x00, 0x00, 0x1E, 0x00, 0x00, 0xF0, 0x00, 0x00, 0x00, 0x00,
    0x00, 0x00, 0x00, 0x00, 0x00, 0x00, 0x00, 0x00, 0x1F, 0xF0, 0x00, 0x38, 0x00, 0x03, 0xFF, 0xC0,
    0x00, 0x00, 0x00, 0x00, 0x00, 0x00, 0x00, 0x00, 0x0E, 0x00, 0xE0, 0x00, 0x00, 0x00, 0x00, 0x00,
    0x00, 0x00, 0x00, 0x00, 0x00, 0x00, 0x00, 0x00, 0x00, 0x00, 0x00, 0x00, 0x00, 0x00, 0x00, 0x00,
    0x00, 0x00, 0x00, 0x00, 0x00, 0x00, 0x01, 0xC1, 0xC0, 0x01, 0xF0, 0x00, 0x00, 0x00, 0x00, 0x00,
    0x03, 0xC0, 0x00, 0x00, 0x00, 0x00, 0x0E, 0x00, 0x00, 0x00, 0x00, 0x00, 0x0E, 0x00, 0x00, 0xF0,
    0x00, 0x00, 0x00, 0x00, 0x78, 0x00, 0x00, 0x0E, 0x00, 0x00, 0x00, 0x00, 0x1F, 0xC0, 0x00, 0xF0,
    0x00, 0x00, 0x00, 0x00, 0x00, 0x00, 0x00, 0x00, 0x00, 0x00, 0x00, 0x00, 0x1F, 0xF0, 0x00, 0x38,
    0x00, 0x1F, 0xFF, 0xC0, 0x00, 0x00, 0x00, 0x00, 0x00, 0x00, 0x00, 0x00, 0x0C, 0x00, 0xE0, 0x00,
    0x00, 0x00, 0x00, 0x00, 0x00, 0x00, 0x00, 0x00, 0x00, 0x00, 0x00, 0x00, 0x00, 0x00, 0x00, 0x00,
    0x00, 0x00, 0x00, 0x00, 0x00, 0x00, 0x00, 0x00, 0x00, 0x00, 0x01, 0xC1, 0xC0, 0x00, 0xF8, 0x00,
    0x00, 0x00, 0x00, 0x00, 0x01, 0xE0, 0x00, 0x00, 0x00, 0x00, 0x1E, 0x00, 0x00, 0x00, 0x00, 0x00,
    0x0E, 0x00, 0x00, 0x70, 0x00, 0x00, 0x00, 0x1F, 0xF0, 0x00, 0x00, 0x0E, 0x00, 0x00, 0x00, 0x00,
    0x1F, 0xF0, 0x00, 0xE0, 0x00, 0x00, 0x00, 0x00, 0x00, 0x00, 0x00, 0x00, 0x00, 0x00, 0x00, 0x00,
    0x1F, 0xF0, 0x00, 0x30, 0x00, 0xFF, 0xFF, 0x80, 0x00, 0x00, 0x00, 0x00, 0x00, 0x00, 0x00, 0x00,
    0x1C, 0x00, 0xE0, 0x00, 0x00, 0x00, 0x00, 0x00, 0x00, 0x00, 0x00, 0x00, 0x00, 0x00, 0x00, 0x00,
    0x00, 0x00, 0x00, 0x00, 0x00, 0x00, 0x00, 0x00, 0x00, 0x00, 0x00, 0x00, 0x80, 0x00, 0x01, 0xC1,
    0xC0, 0x00, 0x3E, 0x00, 0x00, 0x00, 0x00, 0x00, 0x00, 0xE0, 0x00, 0x00, 0x00, 0x00, 0x3C, 0x00,
    0x00, 0x00, 0x00, 0x00, 0x0E, 0x00, 0x00, 0x78, 0x00, 0x00, 0x00, 0x7F, 0xE0, 0x00, 0x00, 0x1E,
    0x00, 0x00, 0x00, 0x00, 0x01, 0xF8, 0x01, 0xE0, 0x00, 0x00, 0x00, 0x00, 0x00, 0x00, 0x00, 0x00,
    0x00, 0x00, 0x00, 0x00, 0x1F, 0xF0, 0x00, 0x70, 0x07, 0xFF, 0xC0, 0x00, 0x00, 0x00, 0x00, 0x00,
    0x00, 0x00, 0x00, 0x00, 0x1C, 0x01, 0xE0, 0x00, 0x00, 0x00, 0x00, 0x00, 0x00, 0x00, 0x00, 0x00,
    0x00, 0x00, 0x00, 0x00, 0x00, 0x00, 0x00, 0x00, 0x00, 0x00, 0x00, 0x00, 0x00, 0x00, 0x00, 0x00,
    0xC0, 0x00, 0x01, 0xC1, 0xC0, 0x00, 0x1F, 0x00, 0x00, 0x00, 0x00, 0x00, 0x00, 0xF0, 0x00, 0x00,
    0x00, 0x00, 0x78, 0x00, 0x00, 0x00, 0x00, 0x00, 0x0E, 0x00, 0x00, 0x38, 0x00, 0x00, 0x00, 0xFF,
    0x80, 0x00, 0x00, 0x1E, 0x00, 0x00, 0x00, 0x00, 0x00, 0x3C, 0x01, 0xE0, 0x00, 0x00, 0x00, 0x00,
    0x00, 0x00, 0x00, 0x00, 0x00, 0x00, 0x00, 0x00, 0x0F, 0xF0, 0x00, 0x70, 0x1F, 0xE1, 0xC0, 0x00,
    0x00, 0x00, 0x00, 0x00, 0x00, 0x00, 0x00, 0x00, 0x1C, 0x01, 0xE0, 0x00, 0x00, 0x00, 0x00, 0x00,
    0x00, 0x00, 0x00, 0x00, 0x00, 0x00, 0x00, 0x00, 0x00, 0x00, 0x00, 0x00, 0x00, 0x00, 0x00, 0x00,
    0x00, 0x00, 0x00, 0x00, 0xE0, 0x00, 0x01, 0xC0, 0xE0, 0x00, 0x0F, 0x80, 0x00, 0x00, 0x00, 0x00,
    0x00, 0x78, 0x00, 0x00, 0x00, 0x00, 0xF0, 0x00, 0x00, 0x00, 0x00, 0x00, 0x0E, 0x00, 0x00, 0x1C,
    0x00, 0x00, 0x00, 0xFE, 0x00, 0x00, 0x00, 0x7E, 0x00, 0x00, 0x00, 0x00, 0x00, 0x1C, 0x03, 0xE0,
    0x00, 0x00, 0x00, 0x00, 0x00, 0x00, 0x00, 0x00, 0x00, 0x00, 0x00, 0x00, 0x0F, 0xF8, 0x00, 0x70,
    0xFF, 0x00, 0xE0, 0x00, 0x00, 0x00, 0x00, 0x00, 0x00, 0x00, 0x00, 0x00, 0x1C, 0x00, 0xE0, 0x00,
    0x00, 0x00, 0x00, 0x00, 0x00, 0x00, 0x00, 0x00, 0x00, 0x00, 0x00, 0x00, 0x00, 0x00, 0x00, 0x00,
    0x00, 0x00, 0x00, 0x00, 0x00, 0x00, 0x00, 0x00, 0xF0, 0x00, 0x01, 0xC0, 0xE0, 0x00, 0x03, 0xC0,
    0x00, 0x00, 0x00, 0x00, 0x00, 0x3C, 0x00, 0x00, 0x00, 0x01, 0xE0, 0x00, 0x00, 0x00, 0x00, 0x00,
    0x0E, 0x00, 0x00, 0x1E, 0x00, 0x00, 0x01, 0xCF, 0x00, 0x00, 0x00, 0x7F, 0xC0, 0x00, 0x00, 0x00,
    0x00, 0x0E, 0x0F, 0xE0, 0x00, 0x00, 0x00, 0x00, 0x00, 0x00, 0x00, 0x00, 0x00, 0x00, 0x00, 0x00,
    0x0F, 0xF8, 0x00, 0xF7, 0xFC, 0x00, 0xE0, 0x00, 0x00, 0x00, 0x00, 0x00, 0x00, 0x00, 0x00, 0x00,
    0x1C, 0x00, 0xF0, 0x00, 0x00, 0x00, 0x00, 0x00, 0x00, 0x00, 0x00, 0x00, 0x00, 0x00, 0x00, 0x00,
    0x00, 0x00, 0x00, 0x00, 0x00, 0x00, 0x00, 0x00, 0x00, 0x00, 0x00, 0x00, 0x78, 0x00, 0x01, 0xC0,
    0xF0, 0x00, 0x01, 0xE0, 0x00, 0x00, 0x00, 0x00, 0x00, 0x1E, 0x00, 0x00, 0x00, 0x07, 0xC0, 0x00,
    0x00, 0x00, 0x00, 0x00, 0x07, 0x00, 0x00, 0x0E, 0x00, 0x00, 0x03, 0x87, 0x00, 0x00, 0x00, 0x7F,
    0xE0, 0x00, 0x00, 0x00, 0x00, 0x0E, 0x7F, 0xE0, 0x00, 0x00, 0x00, 0x00, 0x00, 0x00, 0x00, 0x00,
    0x00, 0x00, 0x00, 0x00, 0x0F, 0xFB, 0xFF, 0xFF, 0xE0, 0x00, 0xE0, 0x00, 0x00, 0x00, 0x00, 0x00,
    0x00, 0x00, 0x00, 0x00, 0x1C, 0x00, 0xF0, 0x00, 0x00, 0x00, 0x00, 0x00, 0x00, 0x00, 0x00, 0x00,
    0x00, 0x00, 0x00, 0x00, 0x00, 0x00, 0x00, 0x00, 0x00, 0x00, 0x00, 0x00, 0x00, 0x00, 0x00, 0x00,
    0x3C, 0x00, 0x01, 0xC0, 0x78, 0x00, 0x00, 0xE0, 0x00, 0x00, 0x00, 0x00, 0x00, 0x0F, 0x80, 0x00,
    0x00, 0x0F, 0x80, 0x00, 0x00, 0x00, 0x00, 0x00, 0x07, 0x00, 0x00, 0x0F, 0x00, 0x00, 0x07, 0x83,
    0x80, 0x00, 0x00, 0xFD, 0xC0, 0x00, 0x00, 0x00, 0x00, 0x07, 0xFF, 0xE0, 0x00, 0x00, 0x00, 0x00,
    0x00, 0x00, 0x00, 0x00, 0x00, 0x00, 0x00, 0x00, 0x07, 0xFB, 0xFF, 0xFF, 0x00, 0x00, 0x70, 0x00,
    0x00, 0x00, 0x00, 0x00, 0x00, 0x00, 0x00, 0x00, 0x18, 0x00, 0x78, 0x00, 0x00, 0x00, 0x00, 0x00,
    0x00, 0x00, 0x00, 0x00, 0x00, 0x00, 0x00, 0x00, 0x00, 0x00, 0x00, 0x00, 0x00, 0x00, 0x00, 0x00,
    0x00, 0x00, 0x00, 0x00, 0x1E, 0x00, 0x00, 0xE0, 0x3C, 0x00, 0x00, 0x70, 0x00, 0x00, 0x00, 0x00,
    0x00, 0x07, 0xF8, 0x00, 0x00, 0x1E, 0x00, 0x00, 0x00, 0x00, 0x00, 0x00, 0x07, 0x80, 0x00, 0x07,
    0x00, 0x00, 0x0F, 0x03, 0xC0, 0x00, 0x00, 0xFC, 0x00, 0x00, 0x00, 0x00, 0x00, 0x07, 0xF8, 0xF0,
    0x00, 0x00, 0x00, 0x00, 0x00, 0x00, 0x00, 0x00, 0x00, 0x00, 0x00, 0x00, 0x07, 0xFF, 0xFF, 0xF0,
    0x00, 0x00, 0x70, 0x00, 0x00, 0x00, 0x00, 0x00, 0x00, 0x00, 0x00, 0x00, 0x38, 0x00, 0x3C, 0x00,
    0x00, 0x00, 0x00, 0x00, 0x00, 0x00, 0x00, 0x00, 0x00, 0x00, 0x00, 0x00, 0x00, 0x00, 0x00, 0x00,
    0x00, 0x00, 0x00, 0x00, 0x00, 0x00, 0x00, 0x00, 0x0F, 0x00, 0x00, 0xE0, 0x3C, 0x00, 0x00, 0x78,
    0x00, 0x00, 0x00, 0x00, 0x00, 0x01, 0xFF, 0xC0, 0x00, 0x3C, 0x00, 0x00, 0x00, 0x00, 0x00, 0x00,
    0x03, 0x80, 0x00, 0x03, 0x80, 0x00, 0x1E, 0x01, 0xC0, 0x00, 0x00, 0xF8, 0x00, 0x00, 0x00, 0x00,
    0x00, 0x0F, 0xE0, 0xF0, 0x00, 0x00, 0x00, 0x00, 0x00, 0x00, 0x00, 0x00, 0x00, 0x00, 0x00, 0x00,
    0x07, 0xFD, 0xC0, 0xE0, 0x00, 0x00, 0x70, 0x00, 0x00, 0x00, 0x00, 0x00, 0x00, 0x00, 0x00, 0x00,
    0x38, 0x00, 0x1E, 0x00, 0x00, 0x00, 0x00, 0x00, 0x00, 0x00, 0x00, 0x00, 0x00, 0x00, 0x00, 0x00,
    0x00, 0x00, 0x00, 0x00, 0x00, 0x00, 0x00, 0x00, 0x00, 0x00, 0x00, 0x00, 0x07, 0x00, 0x00, 0xF0,
    0x1E, 0x00, 0x00, 0x3C, 0x00, 0x00, 0x00, 0x00, 0x00, 0x00, 0x7F, 0xF8, 0x00, 0x78, 0x00, 0x00,
    0x00, 0x00, 0x00, 0x00, 0x03, 0x80, 0x00, 0x03, 0xC0, 0x00, 0x3C, 0x03, 0x80, 0x00, 0x00, 0xF8,
    0x00, 0x00, 0x00, 0x00, 0x00, 0x1F, 0x00, 0x78, 0x00, 0x00, 0x00, 0x00, 0x00, 0x00, 0x00, 0x00,
    0x00, 0x00, 0x00, 0x00, 0x07, 0xFC, 0xE0, 0x00, 0x00, 0x00, 0x38, 0x00, 0x00, 0x00, 0x00, 0x00,
    0x00, 0x00, 0x00, 0x00, 0x38, 0x00, 0x0F, 0x00, 0x00, 0x00, 0x00, 0x00, 0x00, 0x00, 0x00, 0x00,
    0x00, 0x00, 0x00, 0x00, 0x00, 0x00, 0x00, 0x00, 0x00, 0x00, 0x00, 0x00, 0x00, 0x00, 0x00, 0x00,
    0x07, 0x00, 0x00, 0x70, 0x0E, 0x00, 0x00, 0x1E, 0x00, 0x00, 0x00, 0x00, 0x00, 0x00, 0x0F, 0xFC,
    0x00, 0xF0, 0x00, 0x00, 0x00, 0x00, 0x00, 0x00, 0x01, 0xC0, 0x00, 0x01, 0xE0, 0x00, 0x78, 0x07,
    0x80, 0x00, 0x01, 0xF8, 0x00, 0x00, 0x00, 0x00, 0x00, 0x7C, 0x00, 0x3C, 0x00, 0x00, 0x00, 0x00,
    0x00, 0x00, 0x00, 0x00, 0x00, 0x00, 0x00, 0x00, 0x07, 0xFC, 0xE0, 0x00, 0x00, 0x00, 0x38, 0x00,
    0x00, 0x00, 0x00, 0x00, 0x00, 0x00, 0x00, 0x00, 0x38, 0x00, 0x07, 0x80, 0x00, 0x00, 0x00, 0x00,
    0x00, 0x00, 0x00, 0x00, 0x00, 0x00, 0x00, 0x00, 0x00, 0x00, 0x00, 0x00, 0x00, 0x00, 0x00, 0x00,
    0x00, 0x00, 0x00, 0x00, 0x07, 0x00, 0x00, 0x38, 0x07, 0x00, 0x00, 0x1E, 0x00, 0x00, 0x00, 0x00,
    0x00, 0x00, 0x00, 0x3E, 0x01, 0xE0, 0x00, 0x00, 0x00, 0x00, 0x00, 0x00, 0x01, 0xC0, 0x00, 0x00,
    0xF0, 0x00, 0xF0, 0x07, 0x00, 0x00, 0x01, 0xF8, 0x00, 0x00, 0x00, 0x00, 0x00, 0x78, 0x00, 0x1E,
    0x00, 0x00, 0x00, 0x00, 0x00, 0x00, 0x00, 0x00, 0x00, 0x00, 0x00, 0x00, 0x03, 0xFC, 0xE0, 0x00,
    0x00, 0x00, 0x38, 0x00, 0x00, 0x00, 0x00, 0x00, 0x00, 0x00, 0x00, 0x00, 0x70, 0x00, 0x03, 0x80,
    0x00, 0x00, 0x00, 0x00, 0x00, 0x00, 0x00, 0x00, 0x00, 0x00, 0x00, 0x00, 0x00, 0x00, 0x00, 0x00,
    0x00, 0x00, 0x00, 0x00, 0x00, 0x00, 0x00, 0x00, 0x07, 0x00, 0x00, 0x38, 0x07, 0x00, 0x00, 0x0F,
    0x80, 0x00, 0x00, 0x00, 0x00, 0x00, 0x00, 0x0F, 0x03, 0xC0, 0x00, 0x00, 0x00, 0x00, 0x00, 0x00,
    0x00, 0xE0, 0x00, 0x00, 0x78, 0x01, 0xE0, 0x0F, 0x00, 0x00, 0x01, 0xF8, 0x00, 0x00, 0x00, 0x00,
    0x00, 0xF0, 0x00, 0x0F, 0x00, 0x00, 0x00, 0x00, 0x00, 0x00, 0x00, 0x00, 0x00, 0x00, 0x00, 0x00,
    0x03, 0xFF, 0xE0, 0x00, 0x00, 0x00, 0x38, 0x00, 0x00, 0x00, 0x00, 0x00, 0x00, 0x00, 0x00, 0x00,
    0x70, 0x00, 0x03, 0xC0, 0x00, 0x00, 0x00, 0x00, 0x00, 0x00, 0x00, 0x00, 0x00, 0x00, 0x00, 0x00,
    0x00, 0x00, 0x00, 0x00, 0x00, 0x00, 0x00, 0x00, 0x00, 0x00, 0x00, 0x00, 0x0E, 0x00, 0x00, 0x1F,
    0x07, 0x00, 0x00, 0x07, 0xE0, 0x00, 0x00, 0x00, 0x00, 0x00, 0x00, 0x07, 0xC7, 0x80, 0x00, 0x00,
    0x00, 0x00, 0x00, 0x00, 0x00, 0xE0, 0x00, 0x00, 0x3C, 0x03, 0xC0, 0x0E, 0x00, 0x00, 0x01, 0xF8,
    0x00, 0x00, 0x00, 0x00, 0x00, 0xE0, 0x00, 0x0F, 0x80, 0x00, 0x00, 0x00, 0x00, 0x00, 0x00, 0x00,
    0x00, 0x00, 0x00, 0x00, 0x03, 0xFE, 0x60, 0x00, 0x00, 0x00, 0x1C, 0x00, 0x00, 0x00, 0x00, 0x00,
    0x00, 0x00, 0x00, 0x00, 0x70, 0x00, 0x01, 0xC0, 0x00, 0x00, 0x00, 0x00, 0x00, 0x00, 0x00, 0x00,
    0x00, 0x00, 0x00, 0x00, 0x00, 0x00, 0x00, 0x00, 0x00, 0x00, 0x00, 0x00, 0x00, 0x00, 0x00, 0x00,
    0x1E, 0x00, 0x00, 0x1F, 0xC7, 0xC0, 0x00, 0x01, 0xFE, 0x00, 0x00, 0x00, 0x00, 0x00, 0x00, 0x03,
    0xEF, 0x00, 0x00, 0x00, 0x00, 0x00, 0x00, 0x00, 0x00, 0x70, 0x00, 0x00, 0x1E, 0x03, 0x80, 0x0E,
    0x00, 0x00, 0x01, 0xF0, 0x00, 0x00, 0x00, 0x00, 0x01, 0xC0, 0x00, 0x07, 0x80, 0x00, 0x00, 0x00,
    0x00, 0x00, 0x00, 0x00, 0x00, 0x00, 0x00, 0x00, 0x03, 0xFE, 0x70, 0x00, 0x00, 0x00, 0x1C, 0x00,
    0x00, 0x00, 0x00, 0x00, 0x00, 0x00, 0x00, 0x00, 0x70, 0x00, 0x01, 0xE0, 0x00, 0x00, 0x00, 0x00,
    0x00, 0x00, 0x00, 0x00, 0x00, 0x00, 0x00, 0x00, 0x00, 0x00, 0x00, 0x00, 0x00, 0x00, 0x00, 0x00,
    0x00, 0x00, 0x00, 0x00, 0x3C, 0x00, 0x00, 0x07, 0xC7, 0xF0, 0x00, 0x00, 0xFF, 0x80, 0x00, 0x00,
    0x00, 0x00, 0x00, 0x00, 0xFE, 0x00, 0x00, 0x00, 0x00, 0x00, 0x00, 0x00, 0x00, 0x7E, 0x00, 0x00,
    0x0F, 0x87, 0x00, 0x0E, 0x00, 0x00, 0x01, 0xF0, 0x00, 0x00, 0x00, 0x00, 0x01, 0xC0, 0x00, 0x07,
    0x80, 0x00, 0x00, 0x00, 0x00, 0x00, 0x00, 0x00, 0x00, 0x00, 0x00, 0x00, 0x03, 0xFE, 0x70, 0x00,
    0x00, 0x00, 0x1C, 0x00, 0x00, 0x00, 0x00, 0x00, 0x00, 0x00, 0x00, 0x00, 0x70, 0x00, 0x00, 0xE0,
    0x00, 0x00, 0x00, 0x00, 0x00, 0x00, 0x00, 0x00, 0x00, 0x00, 0x00, 0x00, 0x00, 0x00, 0x00, 0x00,
    0x00, 0x00, 0x00, 0x00, 0x00, 0x00, 0x00, 0x00, 0x38, 0x00, 0x00, 0x00, 0xF7, 0xF8, 0x00, 0x00,
    0x0F, 0xC0, 0x00, 0x00, 0x00, 0x00, 0x00, 0x00, 0x7C, 0x00, 0x00, 0x00, 0x00, 0x00, 0x00, 0x00,
    0x00, 0x7F, 0x80, 0x00, 0x07, 0xEF, 0x00, 0x0E, 0x00, 0x00, 0x01, 0xF0, 0x00, 0x00, 0x00, 0x00,
    0x03, 0x80, 0x00, 0x03, 0xC0, 0x00, 0x00, 0x00, 0x00, 0x00, 0x00, 0x00, 0x00, 0x00, 0x00, 0x00,
    0x01, 0xFF, 0x70, 0x00, 0x00, 0x00, 0x1C, 0x00, 0x00, 0x00, 0x00, 0x00, 0x00, 0x00, 0x00, 0x00,
    0x7F, 0x18, 0x00, 0xE0, 0x00, 0x00, 0x00, 0x00, 0x00, 0x00, 0x00, 0x00, 0x00, 0x00, 0x00, 0x00,
    0x00, 0x00, 0x00, 0x00, 0x00, 0x00, 0x00, 0x00, 0x00, 0x00, 0x00, 0x00, 0x78, 0x00, 0x00, 0x00,
    0x7F, 0x3C, 0x00, 0x00, 0x03, 0xC0, 0x00, 0x00, 0x00, 0x00, 0x00, 0x00, 0x3E, 0x00, 0x00, 0x00,
    0x00, 0x00, 0x00, 0x00, 0x00, 0x3F, 0xC0, 0x00, 0x01, 0xFE, 0x00, 0x0E, 0x00, 0x00, 0x03, 0xF0,
    0x00, 0x00, 0x00, 0x00, 0x03, 0x80, 0x00, 0x01, 0xC0, 0x00, 0x00, 0x00, 0x00, 0x00, 0x00, 0x00,
    0x00, 0x00, 0x00, 0x00, 0x01, 0xFF, 0x70, 0x00, 0x00, 0x00, 0x1C, 0x00, 0x00, 0x00, 0x00, 0x00,
    0x00, 0x00, 0x00, 0x00, 0xFF, 0xF8, 0x00, 0x70, 0x00, 0x00, 0x00, 0x70, 0x00, 0x00, 0x00, 0x00,
    0x00, 0x00, 0x00, 0x00, 0x00, 0x00, 0x00, 0x00, 0x00, 0x00, 0x00, 0x00, 0x00, 0x00, 0x00, 0x00,
    0x70, 0x00, 0x00, 0x00, 0x3F, 0x1E, 0x00, 0x00, 0x00, 0xE0, 0x00, 0x00, 0x00, 0x00, 0x00, 0x00,
    0x1F, 0x00, 0x00, 0x00, 0x00, 0x00, 0x00, 0x00, 0x00, 0x01, 0xE0, 0x00, 0x00, 0xFC, 0x00, 0x0E,
    0x00, 0x00, 0x03, 0xF0, 0x00, 0x00, 0x00, 0x00, 0x07, 0x00, 0x00, 0x01, 0xE0, 0x00, 0x00, 0x00,
    0x00, 0x00, 0x00, 0x00, 0x00, 0x00, 0x00, 0x00, 0x01, 0xFF, 0x30, 0x00, 0x00, 0x00, 0x0E, 0x00,
    0x00, 0x00, 0x00, 0x00, 0x00, 0x00, 0x00, 0x01, 0xEF, 0xF8, 0x00, 0x70, 0x00, 0x00, 0x0F, 0xFF,
    0x00, 0x00, 0x00, 0x00, 0x00, 0x00, 0x00, 0x00, 0x00, 0x00, 0x00, 0x00, 0x00, 0x00, 0x00, 0x00,
    0x00, 0x00, 0x00, 0x00, 0x70, 0x00, 0x00, 0x00, 0x1E, 0x0F, 0x00, 0x00, 0x00, 0xE0, 0x00, 0x00,
    0x00, 0x00, 0x00, 0x00, 0x07, 0xC0, 0x00, 0x00, 0x00, 0x00, 0x00, 0x00, 0x00, 0x01, 0xF0, 0x00,
    0x00, 0x78, 0x00, 0x07, 0x00, 0x00, 0x03, 0xF0, 0x00, 0x00, 0x00, 0x00, 0x0F, 0x00, 0x00, 0x00,
    0xE0, 0x00, 0x00, 0x00, 0x00, 0x00, 0x00, 0x00, 0x00, 0x00, 0x00, 0x00, 0x01, 0xFF, 0x78, 0x00,
    0x00, 0x00, 0x0E, 0x00, 0x00, 0x00, 0x00, 0x00, 0x00, 0x00, 0x00, 0x03, 0xC0, 0xE0, 0x00, 0x70,
    0x00, 0x00, 0xFF, 0xFF, 0xC0, 0x00, 0x00, 0x00, 0x00, 0x00, 0x00, 0x00, 0x00, 0x00, 0x00, 0x00,
    0x00, 0x00, 0x00, 0x00, 0x00, 0x00, 0x00, 0x00, 0x70, 0x00, 0x00, 0x00, 0x0E, 0x07, 0x80, 0x00,
    0x00, 0x70, 0x00, 0x00, 0x00, 0x00, 0x00, 0x00, 0x03, 0xFC, 0x00, 0x00, 0x00, 0x00, 0x00, 0x00,
    0x00, 0x00, 0x7C, 0x00, 0x00, 0xF0, 0x00, 0x07, 0x00, 0x00, 0x07, 0xFE, 0x00, 0x00, 0x06, 0x00,
    0x7E, 0x00, 0x00, 0x00, 0xF0, 0x00, 0x00, 0x00, 0x00, 0x00, 0x00, 0x00, 0x00, 0x00, 0x00, 0x00,
    0x00, 0xFF, 0x78, 0x00, 0x00, 0x00, 0x0E, 0x00, 0x00, 0x00, 0x00, 0x00, 0x00, 0x00, 0x00, 0x03,
    0xC0, 0x00, 0x00, 0x70, 0x00, 0x03, 0xFF, 0x0F, 0xF0, 0x00, 0x00, 0x00, 0x00, 0x00, 0x00, 0x00,
    0x00, 0x00, 0x00, 0x00, 0x00, 0x00, 0x00, 0x00, 0x00, 0x00, 0x00, 0x00, 0x70, 0x00, 0x00, 0x00,
    0x0E, 0x03, 0x80, 0x00, 0x00, 0x70, 0x00, 0x00, 0x00, 0x00, 0x00, 0x00, 0x01, 0xFC, 0x00, 0x00,
    0x00, 0x00, 0x00, 0x00, 0x00, 0x00, 0x3E, 0x00, 0x01, 0xE0, 0x00, 0x03, 0x80, 0x00, 0x07, 0xFF,
    0xF0, 0x03, 0xFF, 0xFF, 0xFC, 0x00, 0x00, 0x00, 0x78, 0x00, 0x00, 0x00, 0x00, 0x00, 0x00, 0xE0,
    0x00, 0x00, 0x00, 0x00, 0x00, 0xFF, 0xF8, 0x00, 0x00, 0x00, 0x0E, 0x00, 0x00, 0x00, 0x00, 0x00,
    0x00, 0x00, 0x00, 0x03, 0x80, 0x00, 0x00, 0x78, 0x00, 0x07, 0xE0, 0x00, 0xFC, 0x00, 0x00, 0x00,
    0x00, 0x00, 0x00, 0x00, 0x00, 0x00, 0x00, 0x00, 0x00, 0x00, 0x00, 0x00, 0x00, 0x00, 0x00, 0x00,
    0x38, 0x00, 0x00, 0x00, 0x0E, 0x01, 0xC0, 0x00, 0x00, 0x70, 0x00, 0x00, 0x00, 0x00, 0x00, 0x00,
    0x00, 0x7E, 0x00, 0x00, 0x00, 0x00, 0x00, 0x00, 0x00, 0x00, 0x0F, 0xC0, 0x03, 0xC0, 0x00, 0x03,
    0x80, 0x00, 0x07, 0xFF, 0xFF, 0xFF, 0xFF, 0xFF, 0xF8, 0x00, 0x00, 0x00, 0x7C, 0x00, 0x00, 0x00,
    0x00, 0x3C, 0x03, 0xF0, 0x00, 0x00, 0x00, 0x00, 0x00, 0xFF, 0xB8, 0x00, 0x00, 0x00, 0x07, 0x00,
    0x00, 0x00, 0x00, 0x00, 0x00, 0x00, 0x00, 0x07, 0x00, 0x00, 0x00, 0x38, 0x00, 0x1F, 0x00, 0x00,
    0x3E, 0x00, 0x00, 0x00, 0x00, 0x00, 0x00, 0x00, 0x00, 0x00, 0x00, 0x00, 0x00, 0x00, 0x00, 0x00,
    0x00, 0x00, 0x00, 0x00, 0x3C, 0x00, 0x00, 0x00, 0x1C, 0x01, 0xC0, 0x00, 0x00, 0x70, 0x00, 0x00,
    0x00, 0x00, 0x00, 0x00, 0x00, 0x3F, 0x80, 0x00, 0x00, 0x00, 0x00, 0x00, 0x00, 0x00, 0x07, 0xE0,
    0x07, 0x80, 0x00, 0x03, 0x80, 0x00, 0x0F, 0x01, 0xFF, 0xFF, 0xFF, 0xFF, 0xF8, 0x00, 0x00, 0x00,
    0x3E, 0x00, 0x00, 0x00, 0x0E, 0x3F, 0xFF, 0xD8, 0x00, 0x00, 0x00, 0x00, 0x00, 0xFF, 0xB8, 0x00,
    0x00, 0x00, 0x07, 0x00, 0x00, 0x00, 0x00, 0x00, 0x00, 0x00, 0x00, 0x07, 0x00, 0x00, 0x00, 0x3C,
    0x00, 0x3E, 0x00, 0x00, 0x1F, 0x00, 0x00, 0x00, 0x00, 0x00, 0x00, 0x00, 0x00, 0x00, 0x00, 0x00,
    0x00, 0x00, 0x00, 0x00, 0x00, 0x00, 0x00, 0x00, 0x1E, 0x00, 0x00, 0x00, 0x1C, 0x01, 0xC0, 0x00,
    0x00, 0x38, 0x00, 0x00, 0x00, 0x00, 0x00, 0x00, 0x00, 0x1F, 0xC0, 0x00, 0x00, 0x00, 0x00, 0x00,
    0x00, 0x00, 0x03, 0xF8, 0x07, 0x00, 0x00, 0x03, 0x80, 0x00, 0x1E, 0x00, 0xFF, 0xFF, 0x0F, 0x00,
    0x38, 0x00, 0x00, 0x00, 0x0F, 0x00, 0x00, 0x00, 0x3E, 0x63, 0xFE, 0x98, 0x00, 0x00, 0x00, 0x00,
    0x00, 0xFF, 0xFC, 0x00, 0x00, 0x00, 0x07, 0x00, 0x00, 0x00, 0x00, 0x00, 0x00, 0x00, 0x00, 0x07,
    0x00, 0x00, 0x00, 0x1E, 0x00, 0xF8, 0x00, 0x00, 0x07, 0x80, 0x00, 0x00, 0x00, 0x00, 0x00, 0x00,
    0x00, 0x00, 0x00, 0x00, 0x00, 0x00, 0x00, 0x00, 0x00, 0x00, 0x00, 0x00, 0x0F, 0x00, 0x00, 0x00,
    0x1C, 0x01, 0xE0, 0x00, 0x00, 0x38, 0x00, 0x00, 0x00, 0x00, 0x00, 0x00, 0x00, 0x03, 0xF0, 0x00,
    0x00, 0x00, 0x00, 0x00, 0x00, 0x00, 0x07, 0xFE, 0x0F, 0x00, 0x00, 0x01, 0x80, 0x00, 0x1C, 0x00,
    0xE0, 0x00, 0x00, 0x00, 0x38, 0x00, 0x00, 0x00, 0x07, 0x80, 0x00, 0x01, 0xFE, 0x35, 0x11, 0x18,
    0x00, 0x00, 0x00, 0x00, 0x00, 0x7F, 0xFC, 0x00, 0x00, 0x00, 0x03, 0x80, 0x00, 0x00, 0x00, 0x00,
    0x00, 0x00, 0x00, 0x07, 0x00, 0x00, 0x00, 0x3F, 0xC7, 0xF0, 0x00, 0x00, 0x03, 0xC0, 0x00, 0x00,
    0x00, 0x00, 0x00, 0x00, 0x00, 0x00, 0x00, 0x00, 0x00, 0x00, 0x00, 0x00, 0x00, 0x00, 0x00, 0x00,
    0x07, 0x80, 0x00, 0x00, 0x1C, 0x00, 0xF0, 0x00, 0x00, 0x1C, 0x00, 0x00, 0x00, 0x00, 0x00, 0x00,
    0x00, 0x00, 0xF8, 0x00, 0x00, 0x00, 0x00, 0x00, 0x00, 0x00, 0x0F, 0x1F, 0x9E, 0x00, 0x00, 0x01,
    0xC0, 0x00, 0x38, 0x01, 0xE0, 0x00, 0x00, 0x00, 0x38, 0x00, 0x00, 0x00, 0x03, 0xC0, 0x00, 0x03,
    0xEE, 0x78, 0xA2, 0xB8, 0x00, 0x00, 0x00, 0x00, 0x00, 0x7F, 0xD8, 0x00, 0x00, 0x00, 0x03, 0x80,
    0x00, 0x00, 0x00, 0x00, 0x00, 0x00, 0x00, 0x06, 0x00, 0x00, 0x00, 0x7F, 0xFF, 0xC0, 0x00, 0x00,
    0x01, 0xC0, 0x00, 0x00, 0x00, 0x00, 0x00, 0x00, 0x00, 0x00, 0x00, 0x00, 0x00, 0x00, 0x00, 0x00,
    0x00, 0x00, 0x00, 0x00, 0x03, 0xC0, 0x00, 0x00, 0x3C, 0x00, 0x78, 0x00, 0x00, 0x1C, 0x00, 0x00,
    0x00, 0x00, 0x00, 0x00, 0x00, 0x00, 0x7F, 0x00, 0x00, 0x00, 0x00, 0x00, 0x00, 0x00, 0x1E, 0x07,
    0xFC, 0x00, 0x00, 0x01, 0xC0, 0x00, 0x38, 0x03, 0xC0, 0x00, 0x00, 0x00, 0x38, 0x00, 0x00, 0x00,
    0x01, 0xC0, 0x00, 0x03, 0xD7, 0xF3, 0x44, 0x70, 0x00, 0x00, 0x00, 0x00, 0x00, 0x7F, 0xD8, 0x00,
    0x00, 0x00, 0x03, 0x80, 0x00, 0x03, 0xC0, 0x00, 0x00, 0x38, 0x00, 0x0E, 0x00, 0x00, 0x00, 0xF1,
    0xFF, 0x00, 0x00, 0x00, 0x00, 0xE0, 0x00, 0x00, 0x00, 0x00, 0x00, 0x00, 0x00, 0x00, 0x00, 0x00,
    0x00, 0x00, 0x00, 0x00, 0x00, 0x00, 0x00, 0x00, 0x01, 0xE0, 0x00, 0x00, 0x7C, 0x00, 0x3E, 0x00,
    0x00, 0x0E, 0x00, 0x00, 0x00, 0x00, 0x00, 0x00, 0x00, 0x00, 0x1F, 0x00, 0x00, 0x00, 0x00, 0x00,
    0x00, 0x00, 0x3C, 0x01, 0xF8, 0x00, 0x00, 0x01, 0xC0, 0x00, 0x38, 0x03, 0x80, 0x00, 0x00, 0x00,
    0x38, 0x00, 0x00, 0x00, 0x00, 0xE0, 0x00, 0x03, 0x2B, 0xE8, 0xA8, 0x70, 0x00, 0x00, 0x00, 0x00,
    0x00, 0x7F, 0xDC, 0x00, 0x00, 0x00, 0x01, 0xC0, 0x00, 0x1F, 0xFF, 0xFF, 0xFF, 0xFF, 0xFF, 0xFE,
    0x00, 0x00, 0x01, 0xE0, 0x18, 0x00, 0x00, 0x00, 0x00, 0xE0, 0x00, 0x00, 0x00, 0x00, 0x00, 0x00,
    0x00, 0x00, 0x00, 0x00, 0x00, 0x00, 0x00, 0x00, 0x00, 0x00, 0x00, 0x00, 0x00, 0xF8, 0x00, 0x00,
    0x7C, 0x00, 0x1F, 0x80, 0x00, 0x0E, 0x00, 0x00, 0x00, 0x00, 0x00, 0x00, 0x00, 0x00, 0x0F, 0xC0,
    0x00, 0x00, 0x00, 0x00, 0x00, 0x00, 0x78, 0x00, 0xF0, 0x00, 0x00, 0x01, 0xC0, 0x00, 0x70, 0x07,
    0x80, 0x00, 0x00, 0x00, 0x38, 0x00, 0x00, 0x00, 0x00, 0x78, 0x00, 0x0F, 0x44, 0x45, 0x11, 0xE0,
    0x00, 0x00, 0x00, 0x00, 0x00, 0xBF, 0xFE, 0x00, 0x00, 0x00, 0x01, 0xC0, 0x00, 0x1F, 0xFF, 0xFF,
    0xFF, 0xFF, 0xFF, 0xFF, 0xFF, 0xFF, 0xFF, 0xC0, 0x00, 0x00, 0x00, 0x00, 0x00, 0xE0, 0x00, 0x00,
    0x00, 0x00, 0x00, 0x00, 0x00, 0x00, 0x00, 0x00, 0x00, 0x00, 0x00, 0x00, 0x00, 0x00, 0x00, 0x00,
    0x00, 0x7C, 0x00, 0x00, 0x7C, 0x00, 0x07, 0xC0, 0x00, 0x0E, 0x00, 0x00, 0x00, 0x00, 0x00, 0x00,
    0x00, 0x00, 0x0F, 0xE0, 0x00, 0x00, 0x00, 0x00, 0x00, 0x00, 0xF0, 0x00, 0x00, 0x00, 0x00, 0x01,
    0x80, 0x00, 0x70, 0x07, 0x80, 0x00, 0x00, 0x00, 0x38, 0x00, 0x00, 0x00, 0x00, 0x7C, 0x00, 0x1E,
    0x9A, 0x82, 0x28, 0xC0, 0x00, 0x00, 0x00, 0x00, 0x07, 0xBF, 0xEE, 0x00, 0x00, 0x00, 0x01, 0xE0,
    0x0F, 0xF0, 0x0F, 0xFF, 0xFF, 0x83, 0xFF, 0xFF, 0xFF, 0xFF, 0xFF, 0x80, 0x00, 0x00, 0x00, 0x00,
    0x00, 0x70, 0x00, 0x00, 0x00, 0x00, 0x00, 0x00, 0x00, 0x00, 0x00, 0x00, 0x00, 0x00, 0x00, 0x00,
    0x00, 0x00, 0x00, 0x00, 0x00, 0x1E, 0x00, 0x00, 0x38, 0x00, 0x01, 0xE0, 0x00, 0x0E, 0x00, 0x00,
    0x00, 0x00, 0x00, 0x00, 0x00, 0x00, 0x01, 0xF8, 0x00, 0x00, 0x00, 0x00, 0x00, 0x01, 0xE0, 0x00,
    0x00, 0x00, 0x00, 0x01, 0x80, 0x00, 0x70, 0x1F, 0xC0, 0x00, 0x00, 0x00, 0x38, 0x00, 0x00, 0x00,
    0x00, 0x1E, 0x00, 0x1D, 0x41, 0x35, 0x44, 0xC0, 0x00, 0x00, 0x00, 0x00, 0x1F, 0xFF, 0xEF, 0x00,
    0x00, 0x00, 0x00, 0xE0, 0x3F, 0xF8, 0x03, 0x80, 0x00, 0x03, 0x80, 0x1F, 0xFF, 0xFF, 0xFF, 0x00,
    0x00, 0x00, 0x00, 0x00, 0x00, 0x70, 0x00, 0x00, 0x00, 0x00, 0x00, 0x00, 0x00, 0x00, 0x00, 0x00,
    0x00, 0x00, 0x00, 0x00, 0x00, 0x00, 0x00, 0x00, 0x00, 0x0F, 0x00, 0x00, 0x78, 0x00, 0x00, 0xF1,
    0xE0, 0x1C, 0x00, 0x00, 0x00, 0x00, 0x00, 0x00, 0x00, 0x00, 0x00, 0x78, 0x00, 0x00, 0x00, 0x00,
    0x00, 0x03, 0xC0, 0x00, 0x00, 0x00, 0x00, 0x03, 0x80, 0x00, 0xE3, 0xFF, 0xF0, 0x00, 0x00, 0x00,
    0x78, 0x00, 0x00, 0x00, 0x00, 0x0F, 0x00, 0x1A, 0x22, 0x88, 0x8A, 0xC0, 0x00, 0x00, 0x00, 0x00,
    0x3F, 0x1F, 0xFF, 0x00, 0x00, 0x00, 0x00, 0xF1, 0xFF, 0xFC, 0x03, 0x80, 0x00, 0x03, 0x00, 0x1C,
    0x00, 0x00, 0x00, 0x00, 0x00, 0x00, 0x00, 0x00, 0x00, 0x70, 0x00, 0x00, 0x00, 0x00, 0x00, 0x00,
    0x00, 0x00, 0x00, 0x00, 0x00, 0x00, 0x00, 0x00, 0x00, 0x00, 0x00, 0x00, 0x00, 0x07, 0x80, 0x00,
    0x78, 0x00, 0x00, 0x7F, 0xF8, 0x3C, 0x00, 0x00, 0x00, 0x00, 0x00, 0x00, 0x00, 0x00, 0x00, 0x78,
    0x00, 0x00, 0x00, 0x00, 0x00, 0x07, 0xC0, 0x00, 0x00, 0x00, 0x00, 0x03, 0x80, 0x00, 0xEF, 0xFF,
    0xFE, 0x00, 0x00, 0x00, 0xF0, 0x00, 0x00, 0x00, 0x00, 0x07, 0x80, 0x34, 0x16, 0x51, 0x41, 0x40,
    0x00, 0x00, 0x00, 0x00, 0xFE, 0x1F, 0xF7, 0x80, 0x00, 0x00, 0x00, 0xEF, 0xFF, 0xFE, 0x03, 0x80,
    0x00, 0x03, 0x00, 0x1C, 0x00, 0x00, 0x00, 0x00, 0x00, 0x00, 0x00, 0x00, 0x00, 0x38, 0x00, 0x00,
    0x00, 0x00, 0x00, 0x00, 0x00, 0x00, 0x00, 0x00, 0x00, 0x00, 0x00, 0x00, 0x00, 0x00, 0x00, 0x00,
    0x00, 0x03, 0x80, 0x00, 0x78, 0x00, 0x00, 0x3F, 0xFC, 0x78, 0x00, 0x00, 0x00, 0x00, 0x00, 0x00,
    0x00, 0x00, 0x00, 0xF0, 0x00, 0x00, 0x00, 0x00, 0x00, 0x1F, 0x00, 0x00, 0x00, 0x00, 0x00, 0x03,
    0x80, 0x01, 0xFF, 0xFF, 0xFF, 0x80, 0x00, 0x01, 0xE0, 0x00, 0x00, 0x00, 0x00, 0x03, 0xC0, 0x78,
    0x89, 0xA6, 0x22, 0xE0, 0x00, 0x00, 0x00, 0x07, 0xF0, 0x1F, 0xF3, 0x80, 0x00, 0x00, 0x00, 0x5F,
    0xFF, 0xFE, 0x03, 0x80, 0x00, 0x07, 0x00, 0x1C, 0x00, 0x00, 0x00, 0x00, 0x00, 0x00, 0x00, 0x00,
    0x00, 0x38, 0x00, 0x00, 0x00, 0x00, 0x00, 0x00, 0x00, 0x00, 0x00, 0x00, 0x00, 0x00, 0x00, 0x00,
    0x00, 0x00, 0x00, 0x00, 0x00, 0x03, 0x80, 0x00, 0x70, 0x00, 0x00, 0x1C, 0x3F, 0xF0, 0x00, 0x00,
    0x00, 0x00, 0x00, 0x00, 0x00, 0x00, 0x00, 0xE0, 0x00, 0x00, 0x00, 0x00, 0x00, 0xFE, 0x00, 0x00,
    0x00, 0x00, 0x00, 0x03, 0x80, 0x03, 0xFE, 0x00, 0x1F, 0xF0, 0x00, 0xBF, 0xE0, 0x00, 0x00, 0x00,
    0x00, 0x01, 0xE0, 0xF0, 0x14, 0x54, 0x17, 0xC0, 0x00, 0x00, 0x00, 0x1F, 0xC0, 0x0F, 0xFB, 0xC0,
    0x00, 0x00, 0x00, 0x3F, 0xFF, 0xFE, 0x03, 0x80, 0x00, 0x07, 0x00, 0x1C, 0x00, 0x00, 0x00, 0x00,
    0x00, 0x00, 0x00, 0x00, 0x00, 0x1C, 0x00, 0x00, 0x00, 0x00, 0x00, 0x00, 0x00, 0x00, 0x00, 0x00,
    0x00, 0x00, 0x00, 0x00, 0x00, 0x00, 0x00, 0x00, 0x00, 0x01, 0xC0, 0x00, 0x70, 0x00, 0x00, 0x00,
    0x0F, 0xF0, 0x00, 0x00, 0x00, 0x00, 0x00, 0x00, 0x00, 0x00, 0x01, 0xC0, 0x00, 0x00, 0x00, 0x00,
    0x07, 0xF8, 0x00, 0x00, 0x00, 0x00, 0x00, 0x03, 0x80, 0x07, 0xF8, 0x00, 0x03, 0xFF, 0xC3, 0xFF,
    0x80, 0x00, 0x00, 0x00, 0x00, 0x00, 0xF1, 0xE2, 0x22, 0xC8, 0xFF, 0xC0, 0x00, 0x00, 0x00, 0x7F,
    0x00, 0x0F, 0xFB, 0xC0, 0x00, 0x00, 0x00, 0x3F, 0xFF, 0xFE, 0x03, 0x80, 0x00, 0x07, 0x00, 0x38,
    0x00, 0x00, 0x00, 0x00, 0x00, 0x00, 0x00, 0x00, 0x00, 0x1C, 0x00, 0x00, 0x00, 0x00, 0x00, 0x00,
    0x00, 0x00, 0x00, 0x00, 0x00, 0x00, 0x00, 0x00, 0x00, 0x00, 0x00, 0x00, 0x00, 0x01, 0xC0, 0x00,
    0x70, 0x00, 0x00, 0x00, 0x03, 0xC0, 0x00, 0x00, 0x00, 0x00, 0x00, 0x00, 0x00, 0x00, 0x03, 0xC0,
    0x00, 0x00, 0x00, 0x00, 0x1F, 0xE0, 0x00, 0x00, 0x00, 0x00, 0x00, 0x03, 0x80, 0x0F, 0xF0, 0x00,
    0x00, 0xFF, 0xFF, 0xFE, 0x00, 0x00, 0x00, 0x00, 0x00, 0x00, 0x79, 0xD0, 0x41, 0x35, 0xF8, 0x00,
    0x00, 0x00, 0x01, 0xFC, 0x00, 0x0F, 0xFD, 0xE0, 0x00, 0x00, 0x00, 0x7F, 0xFF, 0xFE, 0x03, 0x80,
    0x00, 0x07, 0x00, 0x38, 0x00, 0x00, 0x00, 0x00, 0x00, 0x00, 0x00, 0x00, 0x00, 0x1C, 0x00, 0x00,
    0x00, 0x00, 0x00, 0x00, 0x00, 0x00, 0x00, 0x00, 0x00, 0x00, 0x00, 0x00, 0x00, 0x00, 0x00, 0x00,
    0x00, 0x01, 0xE0, 0x00, 0x70, 0x00, 0x00, 0x00, 0x00, 0x00, 0x00, 0x00, 0x00, 0x00, 0x00, 0x00,
    0x00, 0x00, 0x07, 0x80, 0x00, 0x00, 0x00, 0x00, 0x7F, 0x80, 0x00, 0x00, 0x00, 0x00, 0x00, 0x03,
    0x80, 0x0F, 0xE0, 0x00, 0x00, 0x1F, 0xFF, 0xF0, 0x00, 0x00, 0x00, 0x00, 0x00, 0x00, 0x3D, 0x88,
    0x8A, 0xA3, 0x80, 0x00, 0x00, 0x00, 0x07, 0xF0, 0x00, 0x07, 0xFD, 0xE0, 0x00, 0x00, 0x00, 0x7F,
    0xFF, 0xFC, 0x03, 0x80, 0x00, 0x07, 0x00, 0x38, 0x00, 0x00, 0x00, 0x00, 0x00, 0x00, 0x00, 0x00,
    0x00, 0x0E, 0x00, 0x00, 0x00, 0x00, 0x00, 0x00, 0x00, 0x00, 0x00, 0x00, 0x00, 0x00, 0x00, 0x00,
    0x00, 0x00, 0x00, 0x00, 0x00, 0x00, 0xE0, 0x00, 0x70, 0x00, 0x00, 0x00, 0x00, 0x00, 0x00, 0x00,
    0x00, 0x00, 0x00, 0x00, 0x00, 0x00, 0x0F, 0x00, 0x00, 0x00, 0x00, 0x00, 0xFC, 0x00, 0x00, 0x00,
    0x00, 0x00, 0x00, 0x03, 0x80, 0x1F, 0xC0, 0x00, 0x00, 0x07, 0xFF, 0xC0, 0x00, 0x00, 0x00, 0x00,
    0x00, 0x00, 0x1D, 0x95, 0x04, 0x47, 0x00, 0x00, 0x00, 0x00, 0x1F, 0xC0, 0x00, 0x07, 0xFE, 0xF0,
    0x00, 0x00, 0x00, 0x7F, 0xFF, 0xFC, 0x03, 0x80, 0x00, 0x07, 0x00, 0x38, 0x00, 0x00, 0x00, 0x00,
    0x00, 0x00, 0x00, 0x00, 0x00, 0x0E, 0x00, 0x00, 0x00, 0x00, 0x00, 0x00, 0x00, 0x00, 0x00, 0x00,
    0x00, 0x00, 0x00, 0x00, 0x00, 0x1F, 0xFF, 0xFF, 0x00, 0x00, 0xF0, 0x00, 0x70, 0x00, 0x00, 0x00,
    0x00, 0x00, 0x00, 0x00, 0x00, 0x00, 0x00, 0x00, 0x00, 0x00, 0x1E, 0x00, 0x00, 0x00, 0x00, 0x00,
    0x60, 0x00, 0x00, 0x00, 0x00, 0x00, 0x00, 0x03, 0x80, 0x1F, 0xC0, 0x00, 0x00, 0x01, 0x80, 0x00,
    0x00, 0x00, 0x00, 0x00, 0x00, 0x00, 0x1F, 0x82, 0x28, 0xA6, 0x00, 0x00, 0x00, 0x00, 0x7F, 0x00,
    0x00, 0x03, 0xFE, 0xF0, 0x00, 0x00, 0x00, 0x7F, 0xFF, 0xF8, 0x03, 0x80, 0x00, 0x07, 0x00, 0x38,
    0x00, 0x00, 0x00, 0x00, 0x00, 0x00, 0x00, 0x00, 0x00, 0x07, 0x00, 0x00, 0x00, 0x00, 0x00, 0x00,
    0x00, 0x00, 0x00, 0x00, 0x00, 0x00, 0x00, 0x00, 0x00, 0xFF, 0xFF, 0xFF, 0x00, 0x00, 0x78, 0x00,
    0x70, 0x00, 0x00, 0x00, 0x00, 0x00, 0x00, 0x00, 0x00, 0x00, 0x00, 0x00, 0x00, 0x00, 0x7C, 0x00,
    0x00, 0x00, 0x00, 0x00, 0x00, 0x00, 0x00, 0x00, 0x00, 0x00, 0x00, 0x01, 0xC0, 0x1F, 0x80, 0x00,
    0x00, 0x00, 0x00, 0x00, 0x00, 0x00, 0x00, 0x00, 0x00, 0x00, 0x0F, 0xC5, 0x11, 0x1C, 0x00, 0x00,
    0x00, 0x01, 0xFC, 0x00, 0x00, 0x03, 0xFF, 0x78, 0x00, 0x00, 0x03, 0xFF, 0xFF, 0xF0, 0x03, 0x80,
    0x00, 0x07, 0x00, 0x70, 0x00, 0x00, 0x00, 0x00, 0x00, 0x00, 0x00, 0x00, 0x00, 0x07, 0x00, 0x00,
    0x00, 0x00, 0x00, 0x00, 0x00, 0x00, 0x00, 0x00, 0x00, 0x00, 0x00, 0x00, 0x01, 0xFF, 0xFF, 0xFF,
    0x00, 0x00, 0x3C, 0x00, 0xF0, 0x00, 0x00, 0x00, 0x00, 0x00, 0x00, 0x00, 0x00, 0x00, 0x00, 0x00,
    0x00, 0x00, 0xF8, 0x00, 0x00, 0x00, 0x00, 0x00, 0x00, 0x00, 0x00, 0x00, 0x00, 0x00, 0x00, 0x01,
    0xC0, 0x3F, 0x00, 0x00, 0x00, 0x00, 0x00, 0x00, 0x00, 0x00, 0x00, 0x00, 0x00, 0x00, 0x3F, 0x28,
    0xA2, 0xFC, 0x00, 0x00, 0x00, 0x07, 0xE0, 0x00, 0x00, 0x01, 0xFF, 0x78, 0x00, 0x00, 0x0F, 0xFF,
    0xFF, 0xC0, 0x03, 0x80, 0x00, 0x07, 0xFE, 0x70, 0x00, 0x00, 0x00, 0x00, 0x00, 0x00, 0x00, 0x00,
    0x00, 0x07, 0x00, 0x00, 0x00, 0x00, 0x00, 0x00, 0x00, 0x00, 0x00, 0x00, 0x00, 0x00, 0x00, 0x00,
    0x07, 0xE0, 0x00, 0x00, 0x00, 0x00, 0x1E, 0x00, 0xF0, 0x00, 0x00, 0x00, 0x00, 0x00, 0x00, 0x00,
    0x00, 0x00, 0x00, 0x00, 0x00, 0x01, 0xE0, 0x00, 0x00, 0x00, 0x00, 0x00, 0x00, 0x00, 0x00, 0x00,
    0x00, 0x00, 0x00, 0x01, 0xC0, 0x3F, 0x00, 0x00, 0x00, 0x00, 0x00, 0x00, 0x00, 0x00, 0x00, 0x00,
    0x00, 0x01, 0xFF, 0x11, 0x44, 0xF0, 0x00, 0x00, 0x00, 0x1F, 0xC0, 0x00, 0x00, 0x01, 0xFF, 0xB8,
    0x00, 0x00, 0x3F, 0xFF, 0xFF, 0x00, 0x03, 0x00, 0x00, 0x07, 0xFF, 0xF0, 0x00, 0x00, 0x00, 0x00,
    0x00, 0x00, 0x00, 0x00, 0x00, 0x03, 0x80, 0x00, 0x00, 0x00, 0x00, 0x00, 0x00, 0x00, 0x00, 0x00,
    0x00, 0x00, 0x00, 0x00, 0x0F, 0x80, 0x00, 0x00, 0x00, 0x00, 0x0F, 0x00, 0xF0, 0x00, 0x00, 0x00,
    0x00, 0x00, 0x00, 0x00, 0x00, 0x00, 0x00, 0x00, 0x00, 0x07, 0xC0, 0x00, 0x00, 0x00, 0x00, 0x00,
    0x00, 0x00, 0x00, 0x00, 0x00, 0x00, 0x00, 0x01, 0xC0, 0x3E, 0x00, 0x00, 0x00, 0x00, 0x00, 0x00,
    0x00, 0x00, 0x00, 0x00, 0x00, 0x0F, 0xEB, 0xA8, 0xA8, 0xC0, 0x00, 0x00, 0x00, 0x1F, 0x00, 0x00,
    0x00, 0x01, 0xFF, 0xBC, 0x00, 0x00, 0xFF, 0xFF, 0xF8, 0x00, 0x03, 0x00, 0x00, 0x03, 0xFF, 0xF0,
    0x00, 0x00, 0x00, 0x00, 0x00, 0x00, 0x00, 0x00, 0x00, 0x03, 0x80, 0x00, 0x00, 0x00, 0x00, 0x00,
    0x00, 0x00, 0x00, 0x00, 0x00, 0x00, 0x00, 0x00, 0x1E, 0x00, 0x00, 0x00, 0x00, 0x00, 0x07, 0x80,
    0xE0, 0x00, 0x00, 0x00, 0x00, 0x00, 0x00, 0x00, 0x00, 0x00, 0x00, 0x00, 0x00, 0x1F, 0x80, 0x00,
    0x00, 0x00, 0x00, 0x00, 0x00, 0x00, 0x00, 0x00, 0x00, 0x00, 0x00, 0x01, 0xC0, 0x3E, 0x00, 0x00,
    0x00, 0x00, 0x00, 0x00, 0x00, 0x00, 0x00, 0x00, 0x00, 0x7F, 0x47, 0xC5, 0x11, 0xC0, 0x00, 0x00,
    0x00, 0x0F, 0x80, 0x00, 0x00, 0x00, 0xFF, 0xFC, 0x00, 0x03, 0xFF, 0xFF, 0xE0, 0x00, 0x07, 0x00,
    0x00, 0x00, 0x00, 0xE0, 0x00, 0x00, 0x00, 0x00, 0x00, 0x00, 0x00, 0x00, 0x00, 0x03, 0xC0, 0x00,
    0x00, 0x00, 0x00, 0x00, 0x00, 0x00, 0x00, 0x00, 0x00, 0x00, 0x00, 0x00, 0x3C, 0x00, 0x00, 0x00,
    0x00, 0x00, 0x03, 0xC1, 0xE0, 0x00, 0x00, 0x00, 0x00, 0x00, 0x00, 0x00, 0x00, 0x00, 0x00, 0x00,
    0x00, 0xFE, 0x00, 0x00, 0x00, 0x00, 0x00, 0x00, 0x00, 0x00, 0x00, 0x00, 0x00, 0x00, 0x00, 0x01,
    0xC0, 0x3F, 0x00, 0x00, 0x00, 0x00, 0x00, 0x00, 0x00, 0x00, 0x00, 0x00, 0x00, 0xF0, 0x93, 0xC2,
    0x28, 0xC0, 0x00, 0x00, 0x00, 0x07, 0xC0, 0x00, 0x00, 0x00, 0x7F, 0xDC, 0x00, 0x0F, 0xFF, 0xFE,
    0x40, 0x00, 0x07, 0x00, 0x00, 0x00, 0x00, 0xE0, 0x00, 0x00, 0x00, 0x00, 0x00, 0x00, 0x00, 0x00,
    0x00, 0x01, 0xC0, 0x00, 0x00, 0x00, 0x00, 0x00, 0x00, 0x00, 0x00, 0x00, 0x00, 0x00, 0x00, 0x00,
    0x78, 0x00, 0x00, 0x00, 0x00, 0x00, 0x01, 0xF1, 0xE0, 0x00, 0x00, 0x00, 0x00, 0x00, 0x00, 0x00,
    0x00, 0x00, 0x00, 0x00, 0x07, 0xFC, 0x00, 0x00, 0x00, 0x00, 0x00, 0x00, 0x00, 0x00, 0x00, 0x00,
    0x00, 0x00, 0x00, 0x00, 0xE0, 0x3F, 0x00, 0x00, 0x00, 0x00, 0x00, 0x00, 0x00, 0x00, 0x00, 0x00,
    0x03, 0xCD, 0x51, 0xD5, 0x44, 0x60, 0x00, 0x00, 0x00, 0x01, 0xE0, 0x00, 0x00, 0x00, 0x7F, 0xFC,
    0x00, 0x3F, 0xFF, 0xF9, 0xC0, 0x00, 0x07, 0x00, 0x00, 0x00, 0x00, 0xE0, 0x00, 0x00, 0x00, 0x00,
    0x00, 0x00, 0x00, 0x00, 0x00, 0x01, 0xE0, 0x00, 0x00, 0x00, 0x00, 0x00, 0x00, 0x00, 0x00, 0x00,
    0x00, 0x00, 0x00, 0x00, 0xF0, 0x00, 0x00, 0x00, 0x00, 0x00, 0x00, 0xF9, 0xC0, 0x00, 0x00, 0x00,
    0x00, 0x00, 0x00, 0x00, 0x00, 0x00, 0x00, 0x00, 0x7F, 0xE0, 0x00, 0x00, 0x00, 0x00, 0x00, 0x00,
    0x00, 0x00, 0x00, 0x00, 0x00, 0x00, 0x00, 0x00, 0xF0, 0x73, 0x80, 0x00, 0x00, 0x00, 0x00, 0x00,
    0x00, 0x00, 0x00, 0x00, 0x07, 0xA2, 0x23, 0xE8, 0xBE, 0xE0, 0x00, 0x00, 0x00, 0x00, 0xF0, 0x00,
    0x00, 0x00, 0x3F, 0xEC, 0x00, 0xFF, 0xFF, 0xE0, 0xE0, 0x00, 0x07, 0x00, 0x00, 0x00, 0x00, 0xE0,
    0x00, 0x00, 0x00, 0x00, 0x00, 0x00, 0x00, 0x00, 0x00, 0x00, 0xF8, 0x00, 0x00, 0x00, 0x00, 0x00,
    0x00, 0x00, 0x00, 0x00, 0x00, 0x00, 0x00, 0x01, 0xE0, 0x00, 0x00, 0x00, 0x00, 0x00, 0x00, 0x7F,
    0xC0, 0x00, 0x00, 0x00, 0x00, 0x00, 0x00, 0x00, 0x00, 0x00, 0x00, 0x01, 0xFF, 0x80, 0x00, 0x00,
    0x00, 0x00, 0x00, 0x00, 0x00, 0x00, 0x00, 0x00, 0x00, 0x00, 0x00, 0x00, 0x78, 0xF3, 0x80, 0x00,
    0x00, 0x00, 0x00, 0x00, 0x00, 0x00, 0x00, 0x00, 0x0D, 0x14, 0x17, 0xF9, 0x7F, 0xE0, 0x00, 0x00,
    0x00, 0x00, 0x78, 0x00, 0x00, 0x00, 0x3F, 0xFC, 0x03, 0xFF, 0xFF, 0x80, 0xF0, 0x00, 0x07, 0x00,
    0x00, 0x00, 0x00, 0xE0, 0x00, 0x00, 0x00, 0x00, 0x00, 0x00, 0x00, 0x00, 0x00, 0x00, 0x7F, 0x80,
    0x00, 0x00, 0x00, 0x00, 0x00, 0x00, 0x00, 0x00, 0x00, 0x00, 0x00, 0x03, 0xC0, 0x00, 0x00, 0x00,
    0x00, 0x00, 0x00, 0x1F, 0xC0, 0x00, 0x00, 0x00, 0x00, 0x00, 0x00, 0x00, 0x00, 0x00, 0x00, 0x07,
    0xF0, 0x00, 0x00, 0x00, 0x00, 0x00, 0x00, 0x00, 0x00, 0x00, 0x00, 0x00, 0x00, 0x00, 0x00, 0x00,
    0x38, 0xE3, 0x80, 0x00, 0x00, 0x00, 0x00, 0x00, 0x00, 0x00, 0x00, 0x00, 0x7A, 0x69, 0x8B, 0xFE,
    0x33, 0xC0, 0x00, 0x00, 0x00, 0x00, 0x38, 0x00, 0x00, 0x00, 0x1F, 0xF4, 0x0F, 0xFF, 0xFE, 0x00,
    0x70, 0x00, 0x07, 0x00, 0x00, 0x00, 0x01, 0xC0, 0x00, 0x00, 0x00, 0x00, 0x00, 0x00, 0x00, 0x00,
    0x00, 0x00, 0x1F, 0xF8, 0x00, 0x00, 0x00, 0x00, 0x00, 0x00, 0x00, 0x00, 0x00, 0x00, 0x00, 0x07,
    0x80, 0x00, 0x00, 0x00, 0x00, 0x00, 0x00, 0x0F, 0xFF, 0xE0, 0x00, 0x00, 0x00, 0x00, 0x00, 0x00,
    0x00, 0x00, 0x00, 0x1F, 0xC0, 0x00, 0x00, 0x00, 0x00, 0x00, 0x00, 0x00, 0x00, 0x00, 0x00, 0x00,
    0x00, 0x00, 0x00, 0x00, 0x1D, 0xC1, 0x00, 0x00, 0x00, 0x00, 0x00, 0x00, 0x00, 0x00, 0x00, 0x01,
    0xF5, 0x14, 0x17, 0xEE, 0x19, 0xC0, 0x00, 0x00, 0x00, 0x00, 0x3C, 0x00, 0x00, 0x00, 0x1F, 0xFE,
    0x7F, 0xFF, 0xF8, 0x00, 0x78, 0x00, 0x03, 0x00, 0x00, 0x00, 0x01, 0xC0, 0x00, 0x00, 0x00, 0x00,
    0x00, 0x00, 0x00, 0x00, 0x00, 0x00, 0x07, 0xFF, 0x80, 0x00, 0x00, 0x00, 0x00, 0x00, 0x00, 0x00,
    0x00, 0x00, 0x00, 0x0F, 0x00, 0x00, 0x00, 0x00, 0x30, 0x00, 0x00, 0x07, 0xFF, 0xF8, 0x00, 0x00,
    0x00, 0x00, 0x00, 0x00, 0x00, 0x00, 0x00, 0x7E, 0x00, 0x00, 0x00, 0x00, 0x00, 0x00, 0x00, 0x00,
    0x00, 0x00, 0x00, 0x00, 0x00, 0x00, 0x00, 0x00, 0x1F, 0xC0, 0x00, 0x00, 0x00, 0x00, 0x00, 0x00,
    0x00, 0x00, 0x00, 0x1F, 0x88, 0xA2, 0x23, 0xE6, 0xB8, 0x00, 0x00, 0x00, 0x00, 0x00, 0x1C, 0x00,
    0x00, 0x00, 0x0F, 0xF9, 0xFF, 0xFF, 0xE0, 0x00, 0x38, 0x00, 0x00, 0x00, 0x00, 0x00, 0x01, 0xC0,
    0x00, 0x00, 0x00, 0x00, 0x00, 0x00, 0x00, 0x00, 0x00, 0x00, 0x00, 0x7F, 0xE0, 0x00, 0x00, 0x00,
    0x00, 0x00, 0x00, 0x00, 0x00, 0x00, 0x00, 0x1E, 0x00, 0x00, 0x00, 0x00, 0xFE, 0x01, 0x80, 0x0F,
    0xFF, 0xFF, 0x00, 0x00, 0x00, 0x00, 0x00, 0x00, 0x00, 0x00, 0x01, 0xF8, 0x00, 0x00, 0x00, 0x00,
    0x00, 0x00, 0x00, 0x00, 0x00, 0x00, 0x00, 0x00, 0x00, 0x00, 0x00, 0x00, 0x1F, 0x80, 0x00, 0xF0,
    0x00, 0x00, 0x00, 0x00, 0x00, 0x00, 0x00, 0x3F, 0x50, 0x4D, 0x43, 0xF3, 0x70, 0x00, 0x00, 0x00,
    0x00, 0x00, 0x1E, 0x00, 0x00, 0x00, 0x0F, 0xFF, 0xFF, 0xFF, 0x80, 0x00, 0x1C, 0x00, 0x00, 0x00,
    0x00, 0x00, 0x01, 0xC0, 0x00, 0x00, 0x00, 0x00, 0x00, 0x00, 0x00, 0x00, 0x00, 0x00, 0x00, 0x07,
    0xF8, 0x00, 0x00, 0x00, 0x00, 0x00, 0x00, 0x00, 0x00, 0x00, 0x00, 0x7C, 0x00, 0x00, 0x00, 0x00,
    0xFF, 0xC7, 0xC0, 0x1E, 0x00, 0x1F, 0xE0, 0x00, 0x00, 0x00, 0x00, 0x00, 0x00, 0x00, 0x07, 0xE0,
    0x00, 0x00, 0x00, 0x00, 0x00, 0x00, 0x00, 0x00, 0x00, 0x00, 0x00, 0x00, 0x00, 0x00, 0x00, 0x00,
    0x0F, 0x80, 0x01, 0xF0, 0x00, 0x00, 0x00, 0x00, 0x00, 0x00, 0x3F, 0xF2, 0x26, 0xA0, 0x9F, 0xF3,
    0x60, 0x00, 0x00, 0x00, 0x00, 0x00, 0x0E, 0x00, 0x00, 0x00, 0xF7, 0xFF, 0xFF, 0xFE, 0x00, 0x00,
    0x1E, 0x00, 0x00, 0x00, 0x00, 0x00, 0x01, 0xC0, 0x00, 0x00, 0x00, 0x00, 0x00, 0x00, 0x00, 0x00,
    0x00, 0x00, 0x00, 0x00, 0x7C, 0x00, 0x00, 0x00, 0x00, 0x00, 0x00, 0x00, 0x00, 0x00, 0x00, 0xF8,
    0x00, 0x00, 0x00, 0x00, 0x8F, 0xFF, 0xE0, 0x3C, 0x00, 0x07, 0xF8, 0x00, 0x00, 0x00, 0x00, 0x00,
    0x00, 0x00, 0x0F, 0x80, 0x00, 0x00, 0x00, 0x00, 0x00, 0x00, 0x00, 0x00, 0x00, 0x00, 0x00, 0x00,
    0x00, 0x00, 0x00, 0x00, 0x0F, 0x00, 0x01, 0xE0, 0x00, 0x00, 0x00, 0x00, 0x00, 0x00, 0x7F, 0xE5,
    0x51, 0x11, 0x5E, 0x71, 0xC0, 0x00, 0x00, 0x00, 0x00, 0x00, 0x0F, 0x00, 0x00, 0x01, 0xF7, 0xFF,
    0xFF, 0xF8, 0x00, 0x00, 0x0E, 0x00, 0x00, 0x00, 0x00, 0x00, 0x03, 0x80, 0x00, 0x00, 0x00, 0x00,
    0x00, 0x00, 0x00, 0x00, 0x00, 0x00, 0x00, 0x00, 0x1E, 0x00, 0x00, 0x00, 0x00, 0x00, 0x00, 0x00,
    0x00, 0x00, 0x01, 0xE0, 0x00, 0x00, 0x00, 0x00, 0x01, 0xFE, 0xE0, 0x3C, 0x00, 0x00, 0xFF, 0x00,
    0x00, 0x00, 0x00, 0x00, 0x00, 0x00, 0x3E, 0x00, 0x00, 0x00, 0x00, 0x00, 0x00, 0x00, 0x00, 0x00,
    0x00, 0x00, 0x00, 0x00, 0x00, 0x00, 0x00, 0x00, 0x1F, 0x80, 0x01, 0xC0, 0x00, 0x00, 0x00, 0x00,
    0x00, 0x00, 0xE6, 0xA0, 0x8B, 0x0A, 0x38, 0x70, 0x00, 0x00, 0x00, 0x00, 0x00, 0x00, 0x07, 0x00,
    0x00, 0x0F, 0xE3, 0xFF, 0xFF, 0xE0, 0x00, 0x00, 0x07, 0x00, 0x00, 0x00, 0x00, 0x00, 0x03, 0x80,
    0x00, 0x00, 0x00, 0x00, 0x00, 0x00, 0x00, 0x00, 0x00, 0x00, 0x00, 0x00, 0x0F, 0x00, 0x00, 0x00,
    0x00, 0x00, 0x00, 0x00, 0x00, 0x00, 0x03, 0xC0, 0x00, 0x00, 0x00, 0x00, 0x00, 0x38, 0xF0, 0x78,
    0x00, 0x00, 0x1F, 0xE0, 0x00, 0x00, 0x00, 0x00, 0x00, 0x00, 0xFC, 0x00, 0x00, 0x00, 0x00, 0x00,
    0x00, 0x00, 0x00, 0x00, 0x00, 0x00, 0x00, 0x00, 0x00, 0x00, 0x00, 0x00, 0x3F, 0x80, 0x03, 0x80,
    0x00, 0x00, 0x00, 0x00, 0x00, 0x00, 0xD1, 0x11, 0x44, 0xC4, 0xD0, 0x70, 0x00, 0x00, 0x00, 0x00,
    0x00, 0x00, 0x07, 0x80, 0x00, 0x3F, 0x83, 0xFF, 0xFF, 0x80, 0x00, 0x00, 0x07, 0x80, 0x00, 0x00,
    0x00, 0x00, 0x03, 0x80, 0x00, 0x00, 0x00, 0x00, 0x00, 0x00, 0x00, 0x00, 0x00, 0x00, 0x00, 0x00,
    0x07, 0x00, 0x00, 0x00, 0x00, 0x00, 0x00, 0x00, 0x00, 0x00, 0x07, 0x80, 0x00, 0x00, 0x00, 0x00,
    0x00, 0x00, 0x70, 0xF0, 0x00, 0x00, 0x07, 0xF8, 0x00, 0x00, 0x00, 0x00, 0x00, 0x03, 0xF0, 0x00,
    0x00, 0x00, 0x00, 0x00, 0x00, 0x00, 0x00, 0x00, 0x00, 0x00, 0x00, 0x00, 0x00, 0x00, 0x00, 0x00,
    0x3D, 0xC0, 0x03, 0x80, 0x00, 0x00, 0x00, 0x00, 0x00, 0x03, 0x8A, 0x0A, 0x2A, 0x0A, 0x30, 0x70,
    0x00, 0x00, 0x00, 0x00, 0x00, 0x00, 0x03, 0x80, 0x00, 0xFE, 0x01, 0xFF, 0xFE, 0x00, 0x00, 0x00,
    0x03, 0x80, 0x00, 0x00, 0x00, 0x00, 0x03, 0x80, 0x00, 0x00, 0x00, 0x00, 0x00, 0x00, 0x00, 0x00,
    0x00, 0x00, 0x00, 0x00, 0x07, 0x80, 0x00, 0x00, 0x00, 0x00, 0x00, 0x00, 0x00, 0x00, 0x0F, 0x00,
    0x00, 0x00, 0x00, 0x00, 0x00, 0x00, 0x38, 0xE0, 0x00, 0x00, 0x00, 0xFF, 0x00, 0x00, 0x00, 0x00,
    0x00, 0x3F, 0xE0, 0x00, 0x00, 0x00, 0x00, 0x00, 0x00, 0x00, 0x00, 0x00, 0x00, 0x00, 0x00, 0x00,
    0x00, 0x00, 0x00, 0x00, 0x79, 0xE0, 0x03, 0x80, 0x00, 0x00, 0x00, 0x00, 0x00, 0x0F, 0x34, 0x44,
    0x51, 0x11, 0xF0, 0xF0, 0x00, 0x00, 0x00, 0x00, 0x00, 0x00, 0x03, 0x80, 0x03, 0xF8, 0x01, 0xFF,
    0xF8, 0x00, 0x00, 0x00, 0x03, 0x80, 0x00, 0x00, 0x00, 0x00, 0x07, 0x00, 0x00, 0x00, 0x00, 0x00,
    0x00, 0x00, 0x00, 0x00, 0x00, 0x00, 0x00, 0x00, 0x03, 0x80, 0x00, 0x00, 0x00, 0x00, 0x00, 0x00,
    0x00, 0x00, 0x3E, 0x00, 0x00, 0x00, 0x00, 0x00, 0x00, 0x00, 0x3D, 0xE0, 0x00, 0x00, 0x00, 0x1F,
    0xE0, 0x00, 0x00, 0x00, 0x03, 0xFF, 0x80, 0x00, 0x00, 0x00, 0x00, 0x00, 0x00, 0x00, 0x00, 0x00,
    0x00, 0x00, 0x00, 0x00, 0x00, 0x00, 0x00, 0x00, 0xF0, 0xF0, 0x07, 0x80, 0x00, 0x00, 0x00, 0x00,
    0x00, 0x1E, 0x8A, 0x4A, 0x28, 0xB1, 0xE0, 0xF0, 0x00, 0x00, 0x00, 0x00, 0x00, 0x00, 0x01, 0xC0,
    0x0F, 0xE0, 0x00, 0xFF, 0xE0, 0x00, 0x00, 0x00, 0x01, 0xC0, 0x00, 0x00, 0x00, 0x00, 0x07, 0x00,
    0x00, 0x00, 0x00, 0x00, 0x00, 0x00, 0x00, 0x00, 0x00, 0x00, 0x00, 0x00, 0x01, 0xC0, 0x00, 0x00,
    0x00, 0x00, 0x00, 0x00, 0x00, 0x07, 0xFC, 0x00, 0x00, 0x00, 0x00, 0x00, 0x00, 0x00, 0x1F, 0xC0,
    0x00, 0x00, 0x00, 0x07, 0xF8, 0x03, 0xFC, 0x00, 0x1F, 0xFC, 0x00, 0x00, 0x00, 0x00, 0x00, 0x00,
    0x00, 0x00, 0x00, 0x00, 0x00, 0x00, 0x00, 0x00, 0x00, 0x00, 0x00, 0x00, 0xE0, 0x7C, 0x0F, 0x00,
    0x00, 0x00, 0x00, 0x00, 0x00, 0x0C, 0x51, 0x11, 0x44, 0x4D, 0x80, 0xE0, 0x00, 0x00, 0x00, 0x00,
    0x00, 0x00, 0x01, 0xC0, 0x3F, 0x80, 0x00, 0xFF, 0xE0, 0x00, 0x00, 0x00, 0x01, 0xC0, 0x00, 0x00,
    0x00, 0x00, 0x0F, 0x00, 0x00, 0x00, 0x00, 0x00, 0x00, 0x00, 0x00, 0x00, 0x00, 0x00, 0x00, 0x00,
    0x01, 0xE0, 0x00, 0x00, 0x00, 0x00, 0x00, 0x00, 0x00, 0x7F, 0xF0, 0x00, 0x00, 0x00, 0x00, 0x00,
    0x00, 0x00, 0x0F, 0x80, 0x00, 0x00, 0x00, 0x01, 0xFF, 0xFF, 0xFF, 0xFF, 0xFF, 0xC0, 0x00, 0x00,
    0x00, 0x00, 0x00, 0x00, 0x00, 0x00, 0x00, 0x00, 0x00, 0x00, 0x00, 0x00, 0x00, 0x00, 0x00, 0x01,
    0xE0, 0x3F, 0xFE, 0x00, 0x00, 0x00, 0x00, 0x00, 0x00, 0x19, 0x22, 0xA0, 0x8A, 0xFF, 0x80, 0xE0,
    0x00, 0x00, 0x00, 0x00, 0x00, 0x00, 0x00, 0xE0, 0xFE, 0x00, 0x00, 0x7F, 0xE0, 0x00, 0x00, 0x00,
    0x01, 0xC0, 0x00, 0x00, 0x00, 0x00, 0x1E, 0x00, 0x00, 0x00, 0x00, 0x00, 0x00, 0x00, 0x00, 0x00,
    0x00, 0x00, 0x00, 0x00, 0x00, 0xF0, 0x00, 0x00, 0x00, 0x00, 0x00, 0x00, 0x0F, 0xFF, 0x80, 0x00,
    0x00, 0x00, 0x00, 0x00, 0x00, 0x00, 0x07, 0x80, 0x00, 0x00, 0x00, 0x00, 0x3F, 0xFF, 0xFF, 0xFF,
    0xFE, 0x00, 0x00, 0x00, 0x00, 0x00, 0x00, 0x00, 0x00, 0x00, 0x00, 0x00, 0x00, 0x00, 0x00, 0x00,
    0x00, 0x00, 0x00, 0x01, 0xC0, 0x0F, 0xFC, 0x00, 0x00, 0x00, 0x00, 0x00, 0x00, 0x71, 0x52, 0x45,
    0xFF, 0xFF, 0x00, 0xE0, 0x00, 0x00, 0x00, 0x00, 0x00, 0x00, 0x00, 0xE3, 0xF8, 0x00, 0x00, 0x3F,
    0xF8, 0x00, 0x00, 0x00, 0x01, 0xC0, 0x00, 0x00, 0x00, 0x00, 0x3C, 0x00, 0x00, 0x00, 0x00, 0x00,
    0x00, 0x00, 0x00, 0x00, 0x00, 0x00, 0x00, 0x00, 0x00, 0x78, 0x00, 0x00, 0x00, 0x00, 0x00, 0x00,
    0x7F, 0xF8, 0x00, 0x00, 0x00, 0x00, 0x00, 0x00, 0x00, 0x00, 0x07, 0x00, 0x00, 0x00, 0x00, 0x00,
    0x07, 0xFC, 0x01, 0xFF, 0xE0, 0x00, 0x00, 0x00, 0x00, 0x00, 0x00, 0x00, 0x00, 0x00, 0x00, 0x00,
    0x00, 0x00, 0x00, 0x00, 0x00, 0x00, 0x00, 0x01, 0xC0, 0x03, 0xF8, 0x00, 0x00, 0x00, 0x00, 0x00,
    0x00, 0xE8, 0x88, 0xA3, 0xFF, 0xC0, 0x00, 0xE0, 0x00, 0x00, 0x00, 0x00, 0x00, 0x00, 0x00, 0x7F,
    0xE0, 0x00, 0x00, 0x3F, 0xF4, 0x00, 0x00, 0x00, 0x03, 0x80, 0x00, 0x00, 0x00, 0x00, 0xF8, 0x00,
    0x00, 0x00, 0x00, 0x00, 0x00, 0x00, 0x00, 0x00, 0x00, 0x00, 0x00, 0x00, 0x00, 0x3C, 0x00, 0x00,
    0x00, 0x00, 0x00, 0x03, 0xFF, 0x00, 0x00, 0x00, 0x00, 0x00, 0x00, 0x00, 0x00, 0x00, 0x0F, 0x00,
    0x00, 0x00, 0x00, 0x00, 0x00, 0x00, 0x00, 0x00, 0x00, 0x00, 0x00, 0x00, 0x00, 0x00, 0x00, 0x00,
    0x00, 0x00, 0x00, 0x00, 0x00, 0x00, 0x00, 0x00, 0x00, 0x00, 0x00, 0x01, 0xC0, 0x00, 0x00, 0x00,
    0x00, 0x00, 0x00, 0x00, 0x03, 0xC5, 0x05, 0x17, 0x01, 0x80, 0x00, 0xC0, 0x00, 0x00, 0x00, 0x00,
    0x00, 0x00, 0x00, 0x7F, 0x00, 0x00, 0x00, 0x1F, 0xF8, 0x00, 0x00, 0x00, 0x03, 0x80, 0x00, 0x00,
    0x00, 0x03, 0xF0, 0x00, 0x00, 0x00, 0x00, 0x00, 0x00, 0x00, 0x00, 0x00, 0x00, 0x00, 0x00, 0x00,
    0x00, 0x1E, 0x00, 0x00, 0x00, 0x00, 0x00, 0x1F, 0xF0, 0x00, 0x00, 0x00, 0x00, 0x00, 0x00, 0x00,
    0x00, 0x00, 0x0E, 0x00, 0x00, 0x00, 0x00, 0x00, 0x00, 0x00, 0x00, 0x00, 0x00, 0x00, 0x00, 0x00,
    0x00, 0x00, 0x00, 0x00, 0x00, 0x00, 0x00, 0x00, 0x00, 0x00, 0x00, 0x00, 0x00, 0x00, 0x00, 0x01,
    0xC0, 0x00, 0x00, 0x00, 0x00, 0x00, 0x00, 0x00, 0x07, 0x92, 0x32, 0x6B, 0x00, 0x00, 0x01, 0xE0,
    0x00, 0x00, 0x00, 0x00, 0x00, 0x00, 0x00, 0x3C, 0x00, 0x00, 0x00, 0x0F, 0xF8, 0x00, 0x00, 0x00,
    0x23, 0x80, 0x00, 0x00, 0x00, 0x0F, 0xC0, 0x00, 0x00, 0x00, 0x00, 0x00, 0x00, 0x00, 0x00, 0x00,
    0x00, 0x00, 0x00, 0x00, 0x00, 0x0F, 0x80, 0x00, 0x00, 0x00, 0x00, 0x7F, 0x80, 0x00, 0x00, 0x00,
    0x00, 0x00, 0x00, 0x00, 0x00, 0x00, 0x0E, 0x00, 0x00, 0x00, 0x00, 0x00, 0x00, 0x00, 0x00, 0x00,
    0x00, 0x00, 0x00, 0x00, 0x00, 0x00, 0x00, 0x00, 0x00, 0x00, 0x00, 0x00, 0x00, 0x00, 0x00, 0x00,
    0x00, 0x00, 0x00, 0x01, 0x80, 0x00, 0x00, 0x00, 0x00, 0x00, 0x00, 0x00, 0x1D, 0x45, 0x05, 0x15,
    0x80, 0x00, 0x01, 0xE0, 0x00, 0x00, 0x00, 0x00, 0x00, 0x00, 0x00, 0x38, 0x00, 0x00, 0x00, 0x0F,
    0xFC, 0x00, 0x00, 0x00, 0x73, 0x80, 0x00, 0x00, 0x00, 0x1F, 0x00, 0x00, 0x00, 0x00, 0x00, 0x00,
    0x00, 0x00, 0x00, 0x00, 0x00, 0x00, 0x00, 0x00, 0x00, 0x03, 0xC0, 0x00, 0x00, 0x00, 0x03, 0xFC,
    0x00, 0x00, 0x00, 0x00, 0x00, 0x00, 0x00, 0x00, 0x00, 0x00, 0x0E, 0x00, 0x00, 0x00, 0x00, 0x00,
    0x00, 0x00, 0x00, 0x00, 0x00, 0x00, 0x00, 0x00, 0x00, 0x00, 0x00, 0x00, 0x00, 0x00, 0x00, 0x00,
    0x00, 0x00, 0x00, 0x00, 0x00, 0x00, 0x00, 0x03, 0x80, 0x00, 0x00, 0x00, 0x00, 0x00, 0x00, 0x00,
    0x3E, 0x28, 0x88, 0xA3, 0x80, 0x00, 0x00, 0xFC, 0x00, 0x00, 0x00, 0x00, 0x00, 0x00, 0x00, 0x1C,
    0x00, 0x00, 0x00, 0x07, 0xFE, 0x00, 0x00, 0x00, 0x73, 0x80, 0x00, 0x00, 0x00, 0x3C, 0x00, 0x00,
    0x00, 0x00, 0x00, 0x00, 0x00, 0x00, 0x00, 0x00, 0x00, 0x00, 0x00, 0x00, 0x00, 0x01, 0xE0, 0x00,
    0x00, 0x00, 0x1F, 0xE0, 0x00, 0x00, 0x00, 0x00, 0x00, 0x00, 0x00, 0x00, 0x00, 0x00, 0x1C, 0x00,
    0x00, 0x00, 0x00, 0x00, 0x00, 0x00, 0x00, 0x00, 0x00, 0x00, 0x00, 0x00, 0x00, 0x00, 0x00, 0x00,
    0x00, 0x00, 0x00, 0x00, 0x00, 0x00, 0x00, 0x00, 0x00, 0x00, 0x00, 0x03, 0x80, 0x00, 0x00, 0x00,
    0x00, 0x00, 0x00, 0x00, 0x74, 0x11, 0x52, 0x7F, 0xC0, 0x00, 0x00, 0xFE, 0x00, 0x00, 0x00, 0x00,
    0x00, 0x00, 0x00, 0x1E, 0x00, 0x00, 0x00, 0x07, 0xFE, 0x00, 0x00, 0x00, 0x73, 0x80, 0x00, 0x00,
    0x00, 0x78, 0x00, 0x00, 0x00, 0x00, 0x00, 0x00, 0x00, 0x00, 0x00, 0x00, 0x00, 0x00, 0x00, 0x00,
    0x00, 0x00, 0xF0, 0x00, 0x00, 0x00, 0xFF, 0x80, 0x00, 0x00, 0x00, 0x00, 0x00, 0x00, 0x00, 0x00,
    0x00, 0x00, 0x1C, 0x00, 0x00, 0x00, 0x00, 0x00, 0x00, 0x00, 0x00, 0x00, 0x00, 0x00, 0x00, 0x00,
    0x00, 0x00, 0x00, 0x00, 0x00, 0x00, 0x00, 0x00, 0x00, 0x00, 0x00, 0x00, 0x00, 0x00, 0x00, 0x03,
    0x80, 0x00, 0x00, 0x00, 0x00, 0x00, 0x00, 0x00, 0xC9, 0x29, 0xFF, 0xFF, 0x80, 0x00, 0x00, 0xFF,
    0x00, 0x00, 0x00, 0x00, 0x00, 0x00, 0x00, 0x0F, 0x00, 0x00, 0x00, 0x03, 0xFF, 0x80, 0x00, 0x00,
    0x73, 0x80, 0x00, 0x00, 0x00, 0x70, 0x00, 0x00, 0x00, 0x00, 0x00, 0x00, 0x00, 0x00, 0x00, 0x00,
    0x00, 0x00, 0x00, 0x00, 0x00, 0x00, 0x78, 0x00, 0x00, 0x1F, 0xFC, 0x00, 0x00, 0x00, 0x00, 0x00,
    0x00, 0x00, 0x00, 0x00, 0x00, 0x00, 0x1C, 0x00, 0x00, 0x00, 0x00, 0x00, 0x00, 0x00, 0x00, 0x00,
    0x00, 0x00, 0x00, 0x00, 0x00, 0x00, 0x00, 0x00, 0x00, 0x00, 0x00, 0x00, 0x00, 0x00, 0x00, 0x00,
    0x00, 0x00, 0x00, 0x03, 0x80, 0x00, 0x00, 0x00, 0x00, 0x00, 0x00, 0x00, 0xF4, 0x44, 0xFF, 0xC0,
    0x00, 0x00, 0x00, 0x7F, 0x80, 0x00, 0x00, 0x00, 0x00, 0x00, 0x00, 0x07, 0x80, 0x00, 0x00, 0x03,
    0xFF, 0x40, 0x00, 0x00, 0x73, 0x80, 0x00, 0x00, 0x00, 0x70, 0x00, 0x00, 0x00, 0x00, 0x00, 0x00,
    0x00, 0x00, 0x00, 0x00, 0x00, 0x00, 0x00, 0x00, 0x00, 0x00, 0x3C, 0x00, 0x01, 0xFF, 0xE0, 0x00,
    0x00, 0x00, 0x00, 0x00, 0x00, 0x00, 0x00, 0x00, 0x00, 0x00, 0x38, 0x00, 0x00, 0x00, 0x00, 0x00,
    0x00, 0x00, 0x00, 0x00, 0x00, 0x00, 0x00, 0x00, 0x00, 0x00, 0x00, 0x00, 0x00, 0x00, 0x00, 0x00,
    0x00, 0x00, 0x00, 0x00, 0x00, 0x00, 0x00, 0x03, 0x80, 0x00, 0x00, 0x00, 0x00, 0x00, 0x00, 0x01,
    0xA2, 0x83, 0x80, 0x00, 0x00, 0x00, 0x00, 0x7B, 0xC0, 0x00, 0x00, 0x00, 0x00, 0x00, 0x00, 0x03,
    0xC0, 0x00, 0x00, 0x01, 0xFF, 0x80, 0x00, 0x00, 0x73, 0x80, 0x00, 0x00, 0x00, 0x70, 0x00, 0x00,
    0x00, 0x00, 0x00, 0x00, 0x00, 0x00, 0x00, 0x00, 0x00, 0x00, 0x00, 0x00, 0x00, 0x00, 0x1F, 0x00,
    0x07, 0xFF, 0x00, 0x00, 0x00, 0x00, 0x00, 0x00, 0x00, 0x00, 0x00, 0x00, 0x00, 0x00, 0x38, 0x00,
    0x00, 0x00, 0x00, 0x00, 0x00, 0x00, 0x00, 0x00, 0x00, 0x00, 0x00, 0x00, 0x00, 0x00, 0x00, 0x00,
    0x00, 0x00, 0x00, 0x00, 0x00, 0x00, 0x00, 0x00, 0x00, 0x00, 0x00, 0x03, 0x80, 0x00, 0x00, 0x00,
    0x00, 0x00, 0x00, 0x03, 0xC9, 0x13, 0x00, 0x00, 0x00, 0x00, 0x00, 0x39, 0xE0, 0x00, 0x00, 0x00,
    0x00, 0x00, 0x00, 0x01, 0xF0, 0x00, 0x00, 0x00, 0xFF, 0xC7, 0x00, 0x00, 0xE3, 0xC0, 0x00, 0x00,
    0x00, 0x70, 0x00, 0x00, 0x00, 0x00, 0x00, 0x00, 0x00, 0x00, 0x00, 0x00, 0x00, 0x00, 0x00, 0x00,
    0x00, 0x00, 0x0F, 0x80, 0x3F, 0xE0, 0x00, 0x00, 0x00, 0x00, 0x00, 0x00, 0x00, 0x00, 0x00, 0x00,
    0x00, 0x00, 0x38, 0x00, 0x00, 0x00, 0x00, 0x00, 0x00, 0x00, 0x00, 0x00, 0x00, 0x00, 0x00, 0x00,
    0x00, 0x00, 0x00, 0x00, 0x00, 0x00, 0x00, 0x00, 0x00, 0x00, 0x00, 0x00, 0x00, 0x00, 0x00, 0x03,
    0x80, 0x00, 0x00, 0x00, 0x00, 0x00, 0x00, 0x06, 0xA6, 0x96, 0x00, 0x00, 0x00, 0x00, 0x00, 0x3C,
    0xF0, 0x00, 0x00, 0x00, 0x00, 0x00, 0x00, 0x00, 0xF8, 0x00, 0x00, 0x00, 0xFF, 0xF7, 0x80, 0x00,
    0xE1, 0xC0, 0x00, 0x00, 0x0F, 0xF0, 0x00, 0x00, 0x00, 0x00, 0x00, 0x00, 0x00, 0x00, 0x00, 0x00,
    0x00, 0x00, 0x00, 0x00, 0x00, 0x00, 0x03, 0xFF, 0xFE, 0x00, 0x00, 0x00, 0x00, 0x00, 0x00, 0x00,
    0x00, 0x00, 0x00, 0x00, 0x00, 0x00, 0x38, 0x00, 0x00, 0x00, 0x00, 0x00, 0x00, 0x00, 0x00, 0x00,
    0x00, 0x00, 0x00, 0x00, 0x00, 0x00, 0x00, 0x00, 0x00, 0x00, 0x00, 0x00, 0x00, 0x00, 0x00, 0x00,
    0x00, 0x00, 0x00, 0x03, 0x80, 0x00, 0x00, 0x00, 0x00, 0x00, 0x00, 0x1D, 0x34, 0x5E, 0x00, 0x00,
    0x00, 0x00, 0x00, 0x3C, 0x78, 0x00, 0x00, 0x00, 0x00, 0x00, 0x00, 0x00, 0x38, 0x00, 0x00, 0x00,
    0x7F, 0xFB, 0xC0, 0x01, 0xC1, 0xE0, 0x00, 0x03, 0xFF, 0xE0, 0x00, 0x00, 0x00, 0x00, 0x00, 0x00,
    0x00, 0x00, 0x00, 0x00, 0x00, 0x00, 0x00, 0x00, 0x00, 0x00, 0x01, 0xFF, 0xF8, 0x00, 0x00, 0x00,
    0x00, 0x00, 0x00, 0x00, 0x00, 0x00, 0x00, 0x00, 0x00, 0x00, 0x30, 0x00, 0x00, 0x00, 0x00, 0x00,
    0x00, 0x00, 0x00, 0x00, 0x00, 0x00, 0x00, 0x00, 0x00, 0x00, 0x00, 0x00, 0x00, 0x00, 0x00, 0x00,
    0x00, 0x00, 0x00, 0x00, 0x00, 0x00, 0x00, 0x01, 0xC0, 0x00, 0x00, 0x00, 0x00, 0x00, 0x00, 0x3A,
    0x88, 0x78, 0x00, 0x00, 0x00, 0x00, 0x00, 0x1C, 0x38, 0x00, 0x00, 0x00, 0x00, 0x00, 0x00, 0x00,
    0x1C, 0x00, 0x01, 0xF8, 0x7F, 0xFD, 0xE0, 0x03, 0xC0, 0xE0, 0x00, 0x3F, 0xFF, 0xC0, 0x00, 0x00,
    0x00, 0x00, 0x00, 0x00, 0x00, 0x00, 0x00, 0x00, 0x00, 0x00, 0x00, 0x00, 0x00, 0x00, 0x00, 0x7F,
    0xC0, 0x00, 0x00, 0x00, 0x00, 0x00, 0x00, 0x00, 0x00, 0x00, 0x00, 0x00, 0x00, 0x00, 0x70, 0x00,
    0x00, 0x00, 0x00, 0x00, 0x00, 0x00, 0x00, 0x00, 0x00, 0x00, 0x00, 0x00, 0x00, 0x00, 0x00, 0x00,
    0x00, 0x00, 0x00, 0x00, 0x00, 0x00, 0x00, 0x00, 0x00, 0x00, 0x00, 0x01, 0xC0, 0x00, 0x00, 0x00,
    0x00, 0x00, 0x01, 0xF4, 0x54, 0xE0, 0x00, 0x00, 0x00, 0x00, 0x00, 0x3C, 0x1C, 0x00, 0x00, 0x00,
    0x00, 0x00, 0x00, 0x00, 0x1C, 0x00, 0x07, 0xFF, 0xFF, 0xFC, 0xF8, 0x0F, 0x80, 0xF3, 0xFF, 0xFF,
    0xFF, 0x00, 0x00, 0x00, 0x00, 0x00, 0x00, 0x00, 0x00, 0x00, 0x00, 0x00, 0x00, 0x00, 0x00, 0x00,
    0x00, 0x00, 0x00, 0x00, 0x00, 0x00, 0x00, 0x00, 0x00, 0x00, 0x00, 0x00, 0x00, 0x00, 0x00, 0x00,
    0x00, 0x00, 0x70, 0x00, 0x00, 0x00, 0x00, 0x00, 0x00, 0x00, 0x00, 0x00, 0x00, 0x00, 0x00, 0x00,
    0x00, 0x00, 0x00, 0x00, 0x00, 0x00, 0x00, 0x00, 0x00, 0x00, 0x00, 0x00, 0x00, 0x00, 0x00, 0x00,
    0xE0, 0x00, 0x00, 0x00, 0x00, 0x00, 0x07, 0xE8, 0x22, 0xC0, 0x00, 0x00, 0x00, 0x00, 0x00, 0x7C,
    0x1E, 0x00, 0x00, 0x00, 0x00, 0x00, 0x00, 0x00, 0x0E, 0x00, 0x1F, 0xFF, 0xBF, 0xFE, 0x7F, 0xFF,
    0x00, 0xFF, 0xFF, 0xFC, 0x07, 0x00, 0x00, 0x00, 0x00, 0x00, 0x00, 0x00, 0x00, 0x00, 0x00, 0x00,
    0x00, 0x00, 0x00, 0x00, 0x00, 0x00, 0x00, 0x00, 0x00, 0x00, 0x00, 0x00, 0x00, 0x00, 0x00, 0x00,
    0x00, 0x00, 0x00, 0x00, 0x00, 0x00, 0x70, 0x00, 0x00, 0x00, 0x00, 0x00, 0x00, 0x00, 0x00, 0x00,
    0x00, 0x00, 0x00, 0x00, 0x00, 0x00, 0x00, 0x00, 0x00, 0x00, 0x00, 0x00, 0x00, 0x00, 0x00, 0x00,
    0x00, 0x00, 0x00, 0x00, 0xF0, 0x00, 0x00, 0x00, 0x00, 0x00, 0x3F, 0x13, 0x51, 0xC0, 0x00, 0x00,
    0x00, 0x00, 0x00, 0xFC, 0x0E, 0x00, 0x00, 0x00, 0x00, 0x00, 0x00, 0x00, 0x0E, 0x00, 0xFE, 0x03,
    0xDF, 0xFE, 0x1F, 0xFC, 0x01, 0xFF, 0xFF, 0x80, 0x07, 0x00, 0x00, 0x00, 0x00, 0x00, 0x00, 0x00,
    0x00, 0x00, 0x00, 0x00, 0x00, 0x00, 0x00, 0x00, 0x00, 0x00, 0x00, 0x00, 0x00, 0x00, 0x00, 0x00,
    0x00, 0x00, 0x00, 0x00, 0x00, 0x00, 0x00, 0x00, 0x00, 0x00, 0x70, 0x00, 0x00, 0x00, 0x00, 0x00,
    0x00, 0x00, 0x00, 0x00, 0x00, 0x00, 0x00, 0x00, 0x00, 0x00, 0x00, 0x00, 0x00, 0x00, 0x00, 0x00,
    0x00, 0x00, 0x00, 0x00, 0x00, 0x00, 0x00, 0x00, 0x78, 0x00, 0x00, 0x00, 0x00, 0x1F, 0xF2, 0x28,
    0x89, 0x80, 0x00, 0x00, 0x00, 0x00, 0x03, 0xFE, 0x0E, 0x00, 0x00, 0x00, 0x00, 0x00, 0x00, 0x00,
    0x07, 0x03, 0xF8, 0x00, 0x0F, 0xFF, 0x07, 0xF0, 0x07, 0xFF, 0x00, 0x00, 0x07, 0x00, 0x00, 0x00,
    0x00, 0x00, 0x00, 0x00, 0x00, 0x00, 0x00, 0x00, 0x00, 0x00, 0x00, 0x00, 0x00, 0x00, 0x00, 0x00,
    0x00, 0x00, 0x00, 0x00, 0x00, 0x00, 0x00, 0x00, 0x00, 0x00, 0x00, 0x00, 0x00, 0x00, 0x70, 0x00,
    0x00, 0x00, 0x00, 0x00, 0x00, 0x00, 0x00, 0x00, 0x00, 0x00, 0x00, 0x00, 0x00, 0x00, 0x00, 0x00,
    0x00, 0x00, 0x00, 0x00, 0x00, 0x00, 0x00, 0x00, 0x00, 0x00, 0x00, 0x00, 0x38, 0x00, 0x00, 0x00,
    0x00, 0x1F, 0x41, 0x45, 0x05, 0x80, 0x00, 0x00, 0x00, 0x00, 0x0F, 0xCE, 0x1E, 0x00, 0x00, 0x00,
    0x00, 0x00, 0x00, 0x00, 0x07, 0x0F, 0xE0, 0x00, 0x03, 0xFF, 0x00, 0x00, 0x3F, 0xF8, 0x00, 0x00,
    0x0F, 0x00, 0x00, 0x00, 0x00, 0x00, 0x00, 0x00, 0x00, 0x00, 0x00, 0x00, 0x00, 0x00, 0x00, 0x00,
    0x00, 0x00, 0x00, 0x00, 0x00, 0x00, 0x00, 0x00, 0x00, 0x00, 0x00, 0x00, 0x00, 0x00, 0x00, 0x00,
    0x00, 0x00, 0x70, 0x00, 0x00, 0x00, 0x00, 0x00, 0x00, 0x00, 0x00, 0x00, 0x00, 0x00, 0x00, 0x00,
    0x00, 0x00, 0x00, 0x00, 0x00, 0x00, 0x00, 0x00, 0x00, 0x00, 0x00, 0x00, 0x00, 0x00, 0x00, 0x00,
    0x1C, 0x00, 0x00, 0x00, 0x00, 0x3C, 0x88, 0x9A, 0x23, 0x80, 0x00, 0x00, 0x00, 0x0E, 0x7F, 0x0F,
    0x7C, 0x00, 0x00, 0x00, 0x00, 0x00, 0x00, 0x00, 0x03, 0xBF, 0x80, 0x00, 0x01, 0xFF, 0x00, 0x00,
    0xFF, 0x80, 0x00, 0x00, 0x7E, 0x00, 0x00, 0x00, 0x00, 0x00, 0x00, 0x00, 0x00, 0x00, 0x00, 0x00,
    0x00, 0x00, 0x00, 0x00, 0x00, 0x00, 0x00, 0x00, 0x00, 0x00, 0x00, 0x00, 0x00, 0x00, 0x00, 0x00,
    0x00, 0x00, 0x00, 0x00, 0x00, 0x00, 0x60, 0x00, 0x00, 0x00, 0x00, 0x00, 0x00, 0x00, 0x00, 0x00,
    0x00, 0x00, 0x00, 0x00, 0x00, 0x00, 0x00, 0x00, 0x00, 0x00, 0x00, 0x00, 0x00, 0x00, 0x00, 0x00,
    0x00, 0x00, 0x00, 0x00, 0x1E, 0x00, 0x00, 0x00, 0x00, 0x31, 0x41, 0x45, 0x05, 0x00, 0x00, 0x00,
    0x00, 0x0F, 0xFE, 0x07, 0xF8, 0x00, 0x00, 0x00, 0x00, 0x00, 0x00, 0x00, 0x03, 0xFE, 0x00, 0x00,
    0x00, 0xFF, 0x80, 0x03, 0xFC, 0x00, 0x00, 0x00, 0xFC, 0x00, 0x00, 0x00, 0x00, 0x00, 0x00, 0x00,
    0x00, 0x00, 0x00, 0x00, 0x00, 0x00, 0x00, 0x00, 0x00, 0x00, 0x00, 0x00, 0x00, 0x00, 0x00, 0x00,
    0x00, 0x00, 0x00, 0x00, 0x00, 0x00, 0x00, 0x00, 0x00, 0x00, 0xE0, 0x00, 0x00, 0x00, 0x00, 0x00,
    0x00, 0x00, 0x00, 0x00, 0x00, 0x00, 0x00, 0x00, 0x00, 0x00, 0x00, 0x00, 0x00, 0x00, 0x00, 0x00,
    0x00, 0x00, 0x00, 0x00, 0x00, 0x00, 0x00, 0x00, 0x0E, 0x00, 0x00, 0x00, 0x00, 0x6A, 0x22, 0x28,
    0x8F, 0x00, 0x00, 0x00, 0x00, 0x07, 0xF0, 0x07, 0xF0, 0x00, 0x00, 0x00, 0x00, 0x00, 0x00, 0x00,
    0x01, 0xF8, 0x00, 0x00, 0x00, 0xFF, 0x80, 0x1F, 0xE0, 0x00, 0x00, 0x03, 0xF0, 0x00, 0x00, 0x00,
    0x00, 0x00, 0x00, 0x00, 0x00, 0x00, 0x00, 0x00, 0x00, 0x00, 0x00, 0x00, 0x00, 0x00, 0x00, 0x00,
    0x00, 0x00, 0x00, 0x00, 0x00, 0x00, 0x00, 0x00, 0x00, 0x00, 0x00, 0x00, 0x00, 0x00, 0xE0, 0x00,
    0x00, 0x00, 0x00, 0x00, 0x00, 0x00, 0x00, 0x00, 0x00, 0x00, 0x00, 0x00, 0x00, 0x00, 0x00, 0x00,
    0x00, 0x00, 0x00, 0x00, 0x00, 0x00, 0x00, 0x00, 0x00, 0x00, 0x00, 0x00, 0x07, 0x00, 0x00, 0x00,
    0x00, 0x64, 0x54, 0x11, 0x56, 0x00, 0x00, 0x00, 0x00, 0x03, 0xC0, 0x03, 0xC0, 0x00, 0x00, 0x00,
    0x00, 0x00, 0x00, 0x00, 0x01, 0xE0, 0x00, 0x00, 0x00, 0xFF, 0x81, 0xFF, 0x80, 0x00, 0x00, 0x7F,
    0xC0, 0x00, 0x00, 0x00, 0x00, 0x00, 0x00, 0x00, 0x00, 0x00, 0x00, 0x00, 0x00, 0x00, 0x00, 0x00,
    0x00, 0x00, 0x00, 0x00, 0x00, 0x00, 0x00, 0x00, 0x00, 0x00, 0x00, 0x00, 0x00, 0x00, 0x00, 0x00,
    0x00, 0x00, 0xE0, 0x00, 0x00, 0x00, 0x00, 0x00, 0x00, 0x00, 0x00, 0x00, 0x00, 0x00, 0x00, 0x00,
    0x00, 0x00, 0x00, 0x00, 0x00, 0x00, 0x00, 0x00, 0x00, 0x00, 0x00, 0x00, 0x00, 0x00, 0x00, 0x00,
    0x07, 0x00, 0x00, 0x00, 0x00, 0xCA, 0x49, 0xA9, 0x24, 0x00, 0x00, 0x00, 0x00, 0x03, 0xC0, 0x03,
    0xC0, 0x00, 0x00, 0x00, 0x00, 0x00, 0x00, 0x00, 0x00, 0xE0, 0x00, 0x00, 0x00, 0xFF, 0xBF, 0xFC,
    0x00, 0x3F, 0x03, 0xFF, 0x00, 0x00, 0x00, 0x00, 0x00, 0x00, 0x00, 0x00, 0x00, 0x00, 0x00, 0x00,
    0x00, 0x00, 0x00, 0x00, 0x00, 0x00, 0x00, 0x00, 0x00, 0x00, 0x00, 0x00, 0x00, 0x00, 0x00, 0x00,
    0x00, 0x00, 0x00, 0x00, 0x00, 0x00, 0xE0, 0x00, 0x00, 0x00, 0x00, 0x00, 0x00, 0x00, 0x00, 0x00,
    0x00, 0x00, 0x00, 0x00, 0x00, 0x00, 0x00, 0x00, 0x00, 0x00, 0x00, 0x00, 0x00, 0x00, 0x00, 0x00,
    0x00, 0x00, 0x00, 0x00, 0x07, 0x00, 0x00, 0x00, 0x00, 0xF1, 0x14, 0x44, 0x56, 0x00, 0x00, 0x00,
    0x00, 0x01, 0xE0, 0x01, 0xE0, 0x00, 0x00, 0x00, 0x00, 0x00, 0x00, 0x00, 0x00, 0xE0, 0x00, 0x00,
    0x00, 0xFF, 0xBF, 0xE0, 0x01, 0xFF, 0xFF, 0xFC, 0x00, 0x00, 0x00, 0x00, 0x00, 0x00, 0x00, 0x00,
    0x00, 0x00, 0x00, 0x00, 0x00, 0x00, 0x00, 0x00, 0x00, 0x00, 0x00, 0x00, 0x00, 0x00, 0x00, 0x00,
    0x00, 0x00, 0x00, 0x00, 0x00, 0x00, 0x00, 0x00, 0x00, 0x00, 0xE0, 0x00, 0x00, 0x00, 0x00, 0x00,
    0x00, 0x00, 0x00, 0x00, 0x00, 0x00, 0x00, 0x00, 0x00, 0x00, 0x00, 0x00, 0x00, 0x00, 0x00, 0x00,
    0x00, 0x00, 0x00, 0x00, 0x00, 0x00, 0x00, 0x00, 0x07, 0x80, 0x00, 0x00, 0x00, 0xE0, 0xA2, 0x82,
    0xBE, 0x00, 0x00, 0x00, 0x00, 0x00, 0xE0, 0x00, 0xF0, 0x00, 0x00, 0x00, 0x00, 0x00, 0x00, 0x00,
    0x00, 0x70, 0x00, 0x00, 0x00, 0xFF, 0xDC, 0x00, 0xE3, 0xFF, 0xFF, 0x80, 0x00, 0x00, 0x00, 0x00,
    0x00, 0x00, 0x00, 0x00, 0x00, 0x00, 0x00, 0x00, 0x00, 0x00, 0x00, 0x00, 0x00, 0x00, 0x00, 0x00,
    0x00, 0x00, 0x00, 0x00, 0x00, 0x00, 0x00, 0x00, 0x00, 0x00, 0x00, 0x00, 0x00, 0x00, 0xE0, 0x00,
    0x00, 0x00, 0x00, 0x00, 0x00, 0x00, 0x00, 0x00, 0x00, 0x00, 0x00, 0x00, 0x00, 0x00, 0x00, 0x00,
    0x00, 0x00, 0x00, 0x00, 0x00, 0x00, 0x00, 0x00, 0x00, 0x00, 0x00, 0x00, 0x07, 0x80, 0x00, 0x00,
    0x00, 0xC4, 0x4D, 0x13, 0xFC, 0x00, 0x00, 0x00, 0x00, 0x00, 0xE0, 0x00, 0x78, 0x00, 0x00, 0x00,
    0x00, 0x00, 0x00, 0x00, 0x00, 0x70, 0x00, 0x00, 0x00, 0x7F, 0xE0, 0x3F, 0xFB, 0xC0, 0xFC, 0x00,
    0x00, 0x00, 0x00, 0x00, 0x00, 0x00, 0x00, 0x00, 0x00, 0x00, 0x00, 0x00, 0x00, 0x00, 0x00, 0x00,
    0x00, 0x00, 0x00, 0x00, 0x00, 0x00, 0x00, 0x00, 0x00, 0x00, 0x00, 0x00, 0x00, 0x00, 0x00, 0x00,
    0x00, 0x00, 0xC0, 0x00, 0x00, 0x00, 0x00, 0x00, 0x00, 0x00, 0x00, 0x00, 0x00, 0x00, 0x00, 0x00,
    0x00, 0x00, 0x00, 0x00, 0x00, 0x00, 0x00, 0x00, 0x00, 0x00, 0x00, 0x00, 0x00, 0x00, 0x00, 0x00,
    0x03, 0x80, 0x00, 0x00, 0x01, 0xE4, 0xA2, 0x97, 0xC0, 0x00, 0x00, 0x00, 0x00, 0x00, 0x40, 0x00,
    0x78, 0x00, 0x00, 0x00, 0x00, 0x00, 0x00, 0x00, 0x00, 0x38, 0x00, 0x00, 0x00, 0x7F, 0xFF, 0xFF,
    0xFF, 0x00, 0x00, 0x00, 0x00, 0x00, 0x00, 0x00, 0x00, 0x00, 0x00, 0x00, 0x00, 0x00, 0x00, 0x00,
    0x00, 0x00, 0x00, 0x00, 0x00, 0x00, 0x00, 0x00, 0x00, 0x00, 0x00, 0x00, 0x00, 0x00, 0x00, 0x00,
    0x00, 0x00, 0x00, 0x00, 0x00, 0x01, 0xC0, 0x00, 0x00, 0x00, 0x00, 0x00, 0x00, 0x00, 0x00, 0x00,
    0x00, 0x00, 0x00, 0x00, 0x00, 0x00, 0x00, 0x00, 0x00, 0x00, 0x00, 0x00, 0x00, 0x00, 0x00, 0x00,
    0x00, 0x00, 0x00, 0x00, 0x03, 0x80, 0x00, 0x00, 0x03, 0x91, 0x14, 0x47, 0x00, 0x00, 0x00, 0x00,
    0x00, 0x00, 0x00, 0x00, 0x3C, 0x00, 0x00, 0x00, 0x00, 0x00, 0x00, 0x00, 0x00, 0x38, 0x00, 0x00,
    0x00, 0xFF, 0xFF, 0xFF, 0xFC, 0x00, 0x00, 0x00, 0x00, 0x00, 0x00, 0x00, 0x00, 0x00, 0x00, 0x00,
    0x00, 0x00, 0x00, 0x00, 0x00, 0x00, 0x00, 0x00, 0x00, 0x00, 0x00, 0x00, 0x00, 0x00, 0x00, 0x00,
    0x00, 0x00, 0x00, 0x00, 0x00, 0x00, 0x00, 0x00, 0x00, 0x01, 0xC0, 0x00, 0x00, 0x00, 0x00, 0x00,
    0x00, 0x00, 0x00, 0x00, 0x00, 0x00, 0x00, 0x00, 0x00, 0x00, 0x00, 0x00, 0x00, 0x00, 0x00, 0x00,
    0x00, 0x00, 0x00, 0x00, 0x00, 0x00, 0x00, 0x00, 0x03, 0x80, 0x00, 0x00, 0x06, 0x2B, 0x08, 0xFE,
    0x00, 0x00, 0x00, 0x00, 0x00, 0x00, 0x00, 0x00, 0x1C, 0x00, 0x00, 0x00, 0x00, 0x00, 0x00, 0x00,
    0x00, 0x1C, 0x00, 0x00, 0x03, 0xBF, 0xFF, 0xFF, 0xFC, 0x00, 0x00, 0x00, 0x00, 0x00, 0x00, 0x00,
    0x00, 0x00, 0x00, 0x00, 0x00, 0x00, 0x00, 0x00, 0x00, 0x00, 0x00, 0x00, 0x00, 0x00, 0x00, 0x00,
    0x00, 0x00, 0x00, 0x00, 0x00, 0x00, 0x00, 0x00, 0x00, 0x00, 0x00, 0x00, 0x00, 0x01, 0xC0, 0x00,
    0x00, 0x00, 0x00, 0x00, 0x00, 0x00, 0x00, 0x00, 0x00, 0x00, 0x00, 0x00, 0x00, 0x00, 0x00, 0x00,
    0x00, 0x00, 0x00, 0x00, 0x00, 0x00, 0x00, 0x00, 0x00, 0x00, 0x00, 0x00, 0x03, 0x80, 0x00, 0x00,
    0x1F, 0xFF, 0xFF, 0xF8, 0x00, 0x00, 0x00, 0x00, 0x00, 0x00, 0x00, 0x00, 0x1C, 0x00, 0x00, 0x00,
    0x00, 0x00, 0x00, 0x00, 0x00, 0x1C, 0x00, 0x00, 0x07, 0xFF, 0xFF, 0xFF, 0xFC, 0x00, 0x00, 0x00,
    0x00, 0x00, 0x00, 0x00, 0x00, 0x00, 0x00, 0x00, 0x00, 0x00, 0x00, 0x00, 0x00, 0x00, 0x00, 0x00,
    0x00, 0x00, 0x00, 0x00, 0x00, 0x00, 0x00, 0x00, 0x00, 0x00, 0x00, 0x00, 0x00, 0x00, 0x00, 0x00,
    0x00, 0x01, 0xC0, 0x00, 0x00, 0x00, 0x00, 0x00, 0x00, 0x00, 0x00, 0x00, 0x00, 0x00, 0x00, 0x00,
    0x00, 0x00, 0x00, 0x00, 0x00, 0x00, 0x00, 0x00, 0x00, 0x00, 0x00, 0x00, 0x00, 0x00, 0x00, 0x00,
    0x03, 0x80, 0x00, 0x00, 0x3F, 0xFC, 0xFF, 0x00, 0x00, 0x00, 0x00, 0x00, 0x00, 0x00, 0x00, 0x00,
    0x0E, 0x00, 0x00, 0x00, 0x00, 0x00, 0x00, 0x00, 0x00, 0x0E, 0x00, 0x00, 0x1F, 0x9F, 0xFF, 0xFF,
    0xF8, 0x00, 0x00, 0x00, 0x00, 0x00, 0x00, 0x00, 0x00, 0x00, 0x00, 0x00, 0x00, 0x00, 0x00, 0x00,
    0x00, 0x00, 0x00, 0x00, 0x00, 0x00, 0x00, 0x00, 0x00, 0x00, 0x00, 0x00, 0x00, 0x00, 0x00, 0x00,
    0x00, 0x00, 0x00, 0x00, 0x00, 0x01, 0x80, 0x00, 0x00, 0x00, 0x00, 0x00, 0x00, 0x00, 0x00, 0x00,
    0x00, 0x00, 0x00, 0x00, 0x00, 0x00, 0x00, 0x00, 0x00, 0x00, 0x00, 0x00, 0x00, 0x00, 0x00, 0x00,
    0x00, 0x00, 0x00, 0x00, 0x03, 0x80, 0x00, 0x00, 0x7E, 0x00, 0x00, 0x00, 0x00, 0x00, 0x00, 0x00,
    0x00, 0x00, 0x00, 0x00, 0x0E, 0x00, 0x00, 0x00, 0x00, 0x00, 0x00, 0x00, 0x00, 0x0E, 0x00, 0x00,
    0x3E, 0x07, 0xFF, 0xFF, 0xF8, 0x00, 0x00, 0x00, 0x00, 0x00, 0x00, 0x00, 0x00, 0x00, 0x00, 0x00,
    0x00, 0x00, 0x00, 0x00, 0x00, 0x00, 0x00, 0x00, 0x00, 0x00, 0x00, 0x00, 0x00, 0x00, 0x00, 0x00,
    0x00, 0x00, 0x00, 0x00, 0x00, 0x00, 0x00, 0x03, 0x00, 0x03, 0x80, 0x00, 0x00, 0x00, 0x00, 0x00,
    0x00, 0x00, 0x00, 0x00, 0x00, 0x00, 0x00, 0x00, 0x00, 0x00, 0x00, 0x00, 0x00, 0x00, 0x00, 0x00,
    0x00, 0x00, 0x00, 0x00, 0x00, 0x00, 0x00, 0x00, 0x03, 0x80, 0x00, 0x00, 0x7C, 0x00, 0x00, 0x00,
    0x00, 0x00, 0x00, 0x00, 0x00, 0x00, 0x00, 0x00, 0x0E, 0x00, 0x00, 0x00, 0x00, 0x00, 0x00, 0x00,
    0x00, 0x0E, 0x00, 0x00, 0xFC, 0x03, 0xFF, 0xFF, 0xC0, 0x00, 0x00, 0x00, 0x00, 0x00, 0x00, 0x00,
    0x00, 0x00, 0x00, 0x00, 0x00, 0x00, 0x00, 0x00, 0x00, 0x00, 0x00, 0x00, 0x00, 0x00, 0x00, 0x00,
    0x00, 0x00, 0x00, 0x00, 0x00, 0x00, 0x00, 0x00, 0x00, 0x00, 0x00, 0x1F, 0x00, 0x03, 0x80, 0x00,
    0x00, 0x00, 0x00, 0x00, 0x00, 0x00, 0x00, 0x00, 0x00, 0x00, 0x00, 0x00, 0x00, 0x00, 0x00, 0x00,
    0x00, 0x00, 0x00, 0x00, 0x00, 0x00, 0x00, 0x00, 0x00, 0x00, 0x00, 0x00, 0x03, 0x80, 0x00, 0x00,
    0xF8, 0x00, 0x00, 0x00, 0x00, 0x00, 0x00, 0x00, 0x00, 0x00, 0x00, 0x00, 0x0E, 0x00, 0x00, 0x00,
    0x00, 0x00, 0x00, 0x00, 0x00, 0x0E, 0x00, 0x03, 0xF0, 0x00, 0xFF, 0xFE, 0x00, 0x00, 0x00, 0x00,
    0x00, 0x00, 0x00, 0x00, 0x00, 0x00, 0x00, 0x00, 0x00, 0x00, 0x00, 0x00, 0x00, 0x00, 0x00, 0x00,
    0x00, 0x00, 0x00, 0x00, 0x00, 0x00, 0x00, 0x00, 0x00, 0x00, 0x00, 0x00, 0x00, 0x00, 0x01, 0xFF,
    0x00, 0x03, 0x80, 0x00, 0x00, 0x00, 0x00, 0x00, 0x00, 0x00, 0x00, 0x00, 0x00, 0x00, 0x00, 0x00,
    0x00, 0x00, 0x00, 0x00, 0x00, 0x00, 0x00, 0x00, 0x00, 0x00, 0x00, 0x00, 0x00, 0x00, 0x00, 0x00,
    0x07, 0x00, 0x00, 0x00, 0xD0, 0x00, 0x00, 0x00, 0x00, 0x00, 0x00, 0x00, 0x00, 0x00, 0x00, 0x00,
    0x0E, 0x00, 0x00, 0x00, 0x00, 0x00, 0x00, 0x00, 0x00, 0x0E, 0x00, 0x1F, 0xC0, 0x00, 0x3F, 0xC0,
    0x00, 0x00, 0x00, 0x00, 0x00, 0x00, 0x00, 0x00, 0x00, 0x00, 0x00, 0x00, 0x00, 0x00, 0x00, 0x00,
    0x00, 0x00, 0x00, 0x00, 0x00, 0x00, 0x00, 0x00, 0x00, 0x00, 0x00, 0x00, 0x00, 0x00, 0x00, 0x00,
    0x00, 0x00, 0x07, 0xFC, 0x00, 0x07, 0x00, 0x00, 0x00, 0x00, 0x00, 0x00, 0x00, 0x00, 0x00, 0x00,
    0x00, 0x00, 0x00, 0x00, 0x00, 0x00, 0x00, 0x00, 0x00, 0x00, 0x00, 0x00, 0x00, 0x00, 0x00, 0x00,
    0x00, 0x00, 0x00, 0x00, 0x07, 0x00, 0x00, 0x00, 0xD0, 0x00, 0x00, 0x00, 0x00, 0x00, 0x00, 0x00,
    0x00, 0x00, 0x00, 0x00, 0x0E, 0x00, 0x00, 0x00, 0x00, 0x00, 0x00, 0x00, 0x00, 0x0E, 0x0F, 0xFF,
    0x00, 0x00, 0x00, 0x00, 0x00, 0x00, 0x00, 0x00, 0x00, 0x00, 0x00, 0x00, 0x00, 0x00, 0x00, 0x00,
    0x00, 0x00, 0x00, 0x00, 0x00, 0x00, 0x00, 0x00, 0x00, 0x00, 0x00, 0x00, 0x00, 0x00, 0x00, 0x00,
    0x00, 0x00, 0x00, 0x00, 0x00, 0x00, 0x1F, 0xE0, 0x00, 0x07, 0x00, 0x00, 0x00, 0x00, 0x00, 0x00,
    0x00, 0x00, 0x00, 0x00, 0x00, 0x00, 0x00, 0x00, 0x00, 0x00, 0x00, 0x00, 0x00, 0x00, 0x00, 0x00,
    0x00, 0x00, 0x00, 0x00, 0x00, 0x00, 0x00, 0x00, 0x0F, 0x00, 0x00, 0x00, 0xF0, 0x00, 0x00, 0x00,
    0x00, 0x00, 0x00, 0x00, 0x00, 0x00, 0x00, 0x00, 0x1C, 0x00, 0x00, 0x00, 0x00, 0x00, 0x00, 0x00,
    0x00, 0x7F, 0xFF, 0xFC, 0x00, 0x00, 0x00, 0x00, 0x00, 0x00, 0x00, 0x00, 0x00, 0x00, 0x00, 0x00,
    0x00, 0x00, 0x00, 0x00, 0x00, 0x00, 0x00, 0x00, 0x00, 0x00, 0x00, 0x00, 0x00, 0x00, 0x00, 0x00,
    0x00, 0x00, 0x00, 0x00, 0x00, 0x00, 0x00, 0x00, 0x00, 0x00, 0x7E, 0x00, 0x00, 0x07, 0x00, 0x00,
    0x00, 0x00, 0x00, 0x00, 0x00, 0x00, 0x00, 0x00, 0x00, 0x00, 0x00, 0x00, 0x00, 0x00, 0x00, 0x00,
    0x00, 0x00, 0x00, 0x00, 0x00, 0x00, 0x00, 0x00, 0x00, 0x00, 0x00, 0x00, 0x0E, 0x00, 0x00, 0x00,
    0xF8, 0x00, 0x00, 0x00, 0x00, 0x00, 0x00, 0x00, 0x00, 0x00, 0x00, 0x00, 0x1C, 0x00, 0x00, 0x00,
    0x00, 0x00, 0x00, 0x00, 0x03, 0xFF, 0xFF, 0xC0, 0x00, 0x00, 0x00, 0x00, 0x00, 0x00, 0x00, 0x00,
    0x00, 0x00, 0x00, 0x00, 0x00, 0x00, 0x00, 0x00, 0x00, 0x00, 0x00, 0x00, 0x00, 0x00, 0x00, 0x00,
    0x00, 0x00, 0x00, 0x00, 0x00, 0x00, 0x00, 0x00, 0x00, 0x00, 0x00, 0x00, 0x00, 0x00, 0xF8, 0x00,
    0x00, 0x0E, 0x00, 0x00, 0x00, 0x00, 0x00, 0x00, 0x00, 0x00, 0x00, 0x00, 0x00, 0x00, 0x00, 0x00,
    0x00, 0x00, 0x00, 0x00, 0x00, 0x00, 0x00, 0x00, 0x00, 0x00, 0x00, 0x00, 0x00, 0x00, 0x00, 0x00,
    0x1C, 0x00, 0x00, 0x00, 0x70, 0x00, 0x00, 0x00, 0x00, 0x00, 0x00, 0x00, 0x00, 0x00, 0x00, 0x00,
    0x38, 0x00, 0x00, 0x00, 0x00, 0x00, 0x00, 0x00, 0x1F, 0xFF, 0x80, 0x00, 0x00, 0x30, 0x00, 0x00,
    0x00, 0x00, 0x00, 0x00, 0x00, 0x00, 0x00, 0x00, 0x00, 0x00, 0x00, 0x00, 0x00, 0x00, 0x00, 0x00,
    0x00, 0x00, 0x00, 0x00, 0x00, 0x00, 0x00, 0x00, 0x00, 0x00, 0x00, 0x00, 0x00, 0x00, 0x00, 0x00,
    0x00, 0x01, 0xE0, 0x00, 0x00, 0x0E, 0x00, 0x00, 0x00, 0x00, 0x00, 0x00, 0x00, 0x00, 0x00, 0x00,
    0x00, 0x00, 0x00, 0x00, 0x00, 0x00, 0x00, 0x00, 0x00, 0x00, 0x00, 0x00, 0x00, 0x00, 0x00, 0x00,
    0x00, 0x00, 0x00, 0x00, 0x1C, 0x00, 0x00, 0x00, 0x00, 0x00, 0x00, 0x00, 0x00, 0x00, 0x00, 0x00,
    0x00, 0x00, 0x00, 0x00, 0x78, 0x00, 0x00, 0x00, 0x00, 0x00, 0x00, 0x00, 0x7F, 0xFC, 0x00, 0x00,
    0x00, 0xF8, 0x00, 0x00, 0x00, 0x00, 0x00, 0x00, 0x00, 0x00, 0x00, 0x00, 0x00, 0x00, 0x00, 0x00,
    0x00, 0x00, 0x00, 0x00, 0x00, 0x00, 0x00, 0x00, 0x00, 0x00, 0x00, 0x00, 0x00, 0x00, 0x00, 0x00,
    0x00, 0x00, 0x00, 0x00, 0x00, 0x03, 0xC0, 0x00, 0x00, 0x0E, 0x00, 0x00, 0x00, 0x00, 0x00, 0x00,
    0x00, 0x00, 0x00, 0x00, 0x00, 0x00, 0x00, 0x00, 0x00, 0x00, 0x00, 0x00, 0x00, 0x00, 0x00, 0x00,
    0x00, 0x00, 0x00, 0x1C, 0x00, 0x00, 0x00, 0x00, 0x1C, 0x00, 0x00, 0x00, 0x00, 0x00, 0x00, 0x00,
    0x00, 0x00, 0x00, 0x00, 0x00, 0x00, 0x00, 0x00, 0xF0, 0x00, 0x00, 0x00, 0x00, 0x00, 0x00, 0x00,
    0xFD, 0xF8, 0x00, 0x00, 0x03, 0xD8, 0x00, 0x00, 0x00, 0x00, 0x00, 0x00, 0x00, 0x00, 0x00, 0x00,
    0x00, 0x00, 0x00, 0x00, 0x00, 0x00, 0x00, 0x00, 0x00, 0x00, 0x00, 0x00, 0x00, 0x00, 0x00, 0x00,
    0x00, 0x00, 0x00, 0x00, 0x00, 0x00, 0x00, 0x00, 0x00, 0x07, 0x80, 0x00, 0x00, 0x1C, 0x00, 0x00,
    0x00, 0x00, 0x00, 0x00, 0x00, 0x00, 0x00, 0x00, 0x00, 0x00, 0x00, 0x00, 0x00, 0x00, 0x00, 0x00,
    0x00, 0x00, 0x00, 0x00, 0x00, 0x00, 0x00, 0x7E, 0x00, 0x00, 0x00, 0x00, 0x1C, 0x00, 0x00, 0x00,
    0x00, 0x00, 0x00, 0x00, 0x00, 0x00, 0x00, 0x00, 0x00, 0x00, 0x00, 0x01, 0xE0, 0x00, 0x00, 0x00,
    0x00, 0x00, 0x00, 0x03, 0xFD, 0xE0, 0x00, 0x00, 0x0F, 0x58, 0x00, 0x00, 0x00, 0x00, 0x00, 0x00,
    0x00, 0x00, 0x00, 0x00, 0x00, 0x00, 0x00, 0x00, 0x00, 0x00, 0x00, 0x00, 0x00, 0x00, 0x00, 0x00,
    0x00, 0x00, 0x00, 0x00, 0x00, 0x00, 0x00, 0x00, 0x00, 0x00, 0x00, 0x00, 0x00, 0x1F, 0x00, 0x00,
    0x00, 0x1C, 0x00, 0x00, 0x00, 0x00, 0x00, 0x00, 0x00, 0x00, 0x00, 0x00, 0x00, 0x00, 0x00, 0x00,
    0x00, 0x00, 0x00, 0x00, 0x00, 0x00, 0x00, 0x00, 0x00, 0x00, 0x01, 0xE7, 0x00, 0x00, 0x00, 0x00,
    0x1C, 0x00, 0x00, 0x00, 0x00, 0x00, 0x00, 0x00, 0x00, 0x00, 0x00, 0x00, 0x00, 0x00, 0x00, 0x03,
    0xC0, 0x00, 0x00, 0x00, 0x00, 0x00, 0x00, 0x07, 0xFF, 0xC0, 0x00, 0x00, 0x1C, 0xB8, 0x00, 0x00,
    0x00, 0x00, 0x00, 0x00, 0x00, 0x00, 0x00, 0x00, 0x00, 0x00, 0x00, 0x00, 0x00, 0x00, 0x00, 0x00,
    0x00, 0x00, 0x00, 0x00, 0x00, 0x00, 0x00, 0x00, 0x00, 0x00, 0x00, 0x00, 0x00, 0x00, 0x00, 0x00,
    0x00, 0x3E, 0x00, 0x00, 0x00, 0x38, 0x00, 0x00, 0x00, 0x00, 0x00, 0x00, 0x00, 0x00, 0x00, 0x00,
    0x00, 0x00, 0x00, 0x00, 0x00, 0x00, 0x00, 0x00, 0x00, 0x00, 0x00, 0x00, 0x00, 0x00, 0x1F, 0xE7,
    0x80, 0x00, 0x00, 0x00, 0x1C, 0x00, 0x00, 0x00, 0x00, 0x00, 0x00, 0x00, 0x00, 0x00, 0x00, 0x00,
    0x00, 0x60, 0x00, 0x0F, 0x80, 0x00, 0x00, 0x00, 0x00, 0x00, 0x00, 0x1F, 0xFF, 0xF0, 0x00, 0x00,
    0x32, 0x7C, 0x00, 0x00, 0x00, 0x00, 0x00, 0x00, 0x00, 0x00, 0x00, 0x00, 0x00, 0x00, 0x00, 0x00,
    0x00, 0x00, 0x00, 0x00, 0x00, 0x00, 0x00, 0x00, 0x00, 0x00, 0x00, 0x00, 0x00, 0x00, 0x00, 0x00,
    0x00, 0x00, 0x00, 0x00, 0x00, 0x78, 0x00, 0x00, 0x00, 0x38, 0x00, 0x00, 0x00, 0x00, 0x00, 0x00,
    0x00, 0x00, 0x00, 0x00, 0x00, 0x00, 0x00, 0x00, 0x00, 0x00, 0x00, 0x00, 0x00, 0x00, 0x00, 0x00,
    0x00, 0x00, 0x1E, 0x4B, 0x00, 0x00, 0x3F, 0x00, 0x1C, 0x00, 0x00, 0x00, 0x00, 0x00, 0x00, 0x00,
    0x00, 0x00, 0x00, 0x00, 0x00, 0x70, 0x00, 0x0F, 0x00, 0x00, 0x00, 0x00, 0x00, 0x00, 0x00, 0x3F,
    0x83, 0xFE, 0x00, 0x00, 0x62, 0xFF, 0x00, 0x00, 0x00, 0x00, 0x00, 0x00, 0x00, 0x00, 0x00, 0x00,
    0x00, 0x00, 0x00, 0x00, 0x00, 0x00, 0x00, 0x00, 0x00, 0x00, 0x00, 0x00, 0x00, 0x00, 0x00, 0x00,
    0x00, 0x00, 0x00, 0x00, 0x00, 0x00, 0x00, 0x00, 0x00, 0xF0, 0x00, 0x00, 0x1F, 0x70, 0x00, 0x00,
    0x00, 0x00, 0x00, 0x00, 0x00, 0x00, 0x00, 0x00, 0x00, 0x00, 0x00, 0x00, 0x00, 0x00, 0x00, 0x00,
    0x00, 0x00, 0x00, 0x00, 0x00, 0x00, 0x1C, 0x36, 0x00, 0x00, 0x3B, 0x80, 0x1C, 0x00, 0x00, 0x00,
    0x00, 0x00, 0x00, 0x00, 0x00, 0x00, 0x00, 0x00, 0x00, 0x70, 0x00, 0x1F, 0x00, 0x00, 0x00, 0x00,
    0x00, 0x00, 0x00, 0x7F, 0x00, 0x77, 0x00, 0x00, 0xE1, 0x3B, 0x80, 0x00, 0x00, 0x00, 0x00, 0x00,
    0x00, 0x00, 0x00, 0x00, 0x00, 0x00, 0x00, 0x00, 0x00, 0x00, 0x00, 0x00, 0x00, 0x00, 0x00, 0x00,
    0x00, 0x00, 0x00, 0x00, 0x00, 0x00, 0x00, 0x00, 0x00, 0x00, 0x00, 0x00, 0x01, 0xE0, 0x00, 0x00,
    0xFF, 0xF0, 0x00, 0x00, 0x00, 0x00, 0x00, 0x00, 0x00, 0x00, 0x00, 0x00, 0x00, 0x00, 0x00, 0x00,
    0x00, 0x00, 0x00, 0x00, 0x00, 0x00, 0x00, 0x00, 0x00, 0x00, 0x0D, 0x36, 0x01, 0xCE, 0x71, 0xC0,
    0x1C, 0x00, 0x00, 0x00, 0x00, 0x00, 0x00, 0x00, 0x00, 0x00, 0x00, 0x00, 0x00, 0x78, 0x00, 0x1E,
    0x00, 0x00, 0x00, 0x00, 0x00, 0x00, 0x00, 0xFE, 0x00, 0x3D, 0xC0, 0x01, 0xDA, 0x5B, 0x80, 0x00,
    0x00, 0x00, 0x00, 0x00, 0x00, 0x00, 0x00, 0x00, 0x00, 0x00, 0x00, 0x00, 0x00, 0x00, 0x00, 0x00,
    0x00, 0x00, 0x00, 0x00, 0x00, 0x00, 0x00, 0x00, 0x00, 0x00, 0x00, 0x00, 0x00, 0x00, 0x00, 0x00,
    0x01, 0xC0, 0x00, 0x00, 0xFF, 0xE0, 0x00, 0x00, 0x00, 0x00, 0x00, 0x00, 0x00, 0x00, 0x00, 0x00,
    0x00, 0x00, 0x00, 0x00, 0x00, 0x00, 0x00, 0x00, 0x00, 0x00, 0x00, 0x00, 0x00, 0x00, 0x0C, 0x4B,
    0xF3, 0xEF, 0x60, 0xC0, 0x1C, 0x00, 0x00, 0x00, 0x00, 0x00, 0x00, 0x00, 0x00, 0x00, 0x00, 0x00,
    0x00, 0x3E, 0x00, 0x1E, 0x00, 0x00, 0x00, 0x00, 0x00, 0x00, 0x00, 0xEE, 0x00, 0x3C, 0xF7, 0x81,
    0xC4, 0x47, 0x80, 0x00, 0x00, 0x00, 0x00, 0x00, 0x00, 0x00, 0x00, 0x00, 0x00, 0x00, 0x00, 0x00,
    0x00, 0x00, 0x00, 0x00, 0x00, 0x00, 0x00, 0x00, 0x00, 0x00, 0x00, 0x00, 0x00, 0x00, 0x00, 0x00,
    0x00, 0x00, 0x00, 0x00, 0x03, 0x80, 0x00, 0x00, 0xE1, 0xE0, 0x00, 0x00, 0x00, 0x00, 0x00, 0x00,
    0x00, 0x00, 0x00, 0x00, 0x00, 0x00, 0x00, 0x00, 0x00, 0x00, 0x00, 0x00, 0x00, 0x00, 0x00, 0x00,
    0x00, 0x00, 0x06, 0xCF, 0xFF, 0x3F, 0x44, 0xE0, 0x1C, 0x00, 0x00, 0x00, 0x00, 0x00, 0x00, 0x00,
    0x00, 0x00, 0x00, 0x00, 0x00, 0x1F, 0x00, 0x1E, 0x00, 0x00, 0x00, 0x00, 0x00, 0x00, 0x01, 0xCC,
    0x00, 0x1A, 0x3F, 0xDB, 0xA8, 0x0F, 0x00, 0x00, 0x00, 0x00, 0x00, 0x00, 0x00, 0x00, 0x00, 0x00,
    0x00, 0x00, 0x00, 0x00, 0x00, 0x00, 0x00, 0x00, 0x00, 0x00, 0x00, 0x00, 0x00, 0x00, 0x00, 0x00,
    0x00, 0x00, 0x00, 0x00, 0x00, 0x00, 0x00, 0x00, 0x07, 0x80, 0x1B, 0x80, 0x81, 0xC0, 0x00, 0x00,
    0x00, 0x00, 0x00, 0x00, 0x00, 0x00, 0x00, 0x00, 0x00, 0x00, 0x00, 0x00, 0x00, 0x00, 0x00, 0x00,
    0x00, 0x00, 0x00, 0x00, 0x00, 0x00, 0x07, 0x33, 0x9E, 0x7F, 0xE5, 0x60, 0x1C, 0x00, 0x00, 0x00,
    0x00, 0x00, 0x00, 0x00, 0x00, 0x00, 0x00, 0x00, 0x00, 0x0F, 0x80, 0x0E, 0x00, 0x00, 0x00, 0x00,
    0x00, 0x00, 0x03, 0xDC, 0x00, 0x19, 0x34, 0xFF, 0xD1, 0x16, 0x00, 0x00, 0x00, 0x00, 0x00, 0x00,
    0x00, 0x00, 0x00, 0x00, 0x00, 0x00, 0x00, 0x00, 0x00, 0x00, 0x00, 0x00, 0x00, 0x00, 0x00, 0x00,
    0x00, 0x00, 0x00, 0x00, 0x00, 0x00, 0x00, 0x00, 0x00, 0x00, 0x00, 0x00, 0x07, 0x00, 0xFF, 0xF1,
    0x03, 0xC0, 0x00, 0x00, 0x00, 0x00, 0x00, 0x00, 0x00, 0x00, 0x00, 0x00, 0x00, 0x00, 0x00, 0x00,
    0x00, 0x00, 0x00, 0x00, 0x00, 0x00, 0x00, 0x00, 0x00, 0x00, 0x03, 0x83, 0x6C, 0xBD, 0x92, 0x60,
    0x0C, 0x00, 0x00, 0x00, 0x00, 0x00, 0x00, 0x00, 0x00, 0x00, 0x00, 0x00, 0x00, 0x03, 0xC0, 0x0E,
    0x00, 0x00, 0x00, 0x00, 0x00, 0x00, 0x07, 0x8C, 0x00, 0x08, 0xCA, 0x7A, 0x28, 0x27, 0x00, 0x00,
    0x00, 0x00, 0x00, 0x00, 0x00, 0x00, 0x00, 0x00, 0x00, 0x00, 0x00, 0x00, 0x00, 0x00, 0x00, 0x00,
    0x00, 0x00, 0x00, 0x00, 0x00, 0x00, 0x00, 0x00, 0x00, 0x00, 0x00, 0x00, 0x00, 0x00, 0x00, 0x00,
    0x07, 0x07, 0xFE, 0xFB, 0x03, 0x80, 0x00, 0x00, 0x00, 0x00, 0x00, 0x00, 0x00, 0x00, 0x00, 0x00,
    0x00, 0x00, 0x00, 0x00, 0x00, 0x00, 0x00, 0x00, 0x00, 0x00, 0x00, 0x00, 0x00, 0x00, 0x00, 0xE4,
    0x93, 0x1E, 0x0C, 0xE0, 0x0C, 0x00, 0x00, 0x00, 0x00, 0x00, 0x00, 0x00, 0x00, 0x00, 0x00, 0x00,
    0x00, 0x01, 0xE0, 0x0F, 0x00, 0x00, 0x00, 0x00, 0x00, 0x1C, 0x0F, 0x1E, 0x00, 0x0E, 0xD1, 0x11,
    0x44, 0x47, 0x80, 0x00, 0x00, 0x00, 0x00, 0x00, 0x00, 0x00, 0x00, 0x00, 0x00, 0x00, 0x00, 0x00,
    0x00, 0x00, 0x00, 0x00, 0x00, 0x00, 0x00, 0x00, 0x00, 0x00, 0x00, 0x00, 0x00, 0x00, 0x00, 0x00,
    0x00, 0x00, 0x00, 0x00, 0x0E, 0x07, 0xD1, 0x3F, 0x07, 0x00, 0x00, 0x00, 0x00, 0x00, 0x00, 0x00,
    0x00, 0x00, 0x00, 0x00, 0x00, 0x00, 0x00, 0x00, 0x00, 0x00, 0x00, 0x00, 0x00, 0x00, 0x00, 0x00,
    0x00, 0x00, 0x00, 0x7C, 0xD3, 0x15, 0x6C, 0xB0, 0x0E, 0x00, 0x00, 0x00, 0x00, 0x00, 0x00, 0x00,
    0x00, 0x00, 0x00, 0x00, 0x00, 0x00, 0xF0, 0x07, 0x00, 0x00, 0x00, 0x00, 0x00, 0x7E, 0x1E, 0x1C,
    0x00, 0x07, 0xA6, 0xA0, 0x9A, 0x82, 0xE0, 0x00, 0x00, 0x00, 0x00, 0x00, 0x00, 0x00, 0x00, 0x00,
    0x00, 0x00, 0x00, 0x00, 0x00, 0x00, 0x00, 0x00, 0x00, 0x00, 0x00, 0x00, 0x00, 0x00, 0x00, 0x00,
    0x00, 0x00, 0x00, 0x00, 0x00, 0x00, 0x00, 0x00, 0x0E, 0x06, 0x22, 0xDF, 0x0F, 0x00, 0x00, 0x00,
    0x00, 0x00, 0x00, 0x00, 0x00, 0x00, 0x00, 0x00, 0x00, 0x00, 0x00, 0x00, 0x00, 0x00, 0x00, 0x00,
    0x00, 0x00, 0x00, 0x00, 0x00, 0x00, 0x00, 0x1B, 0x6C, 0x88, 0x92, 0x30, 0x0E, 0x00, 0x00, 0x00,
    0x00, 0x00, 0x00, 0x00, 0x00, 0x00, 0x00, 0x00, 0x00, 0x00, 0x70, 0x07, 0x00, 0x00, 0x00, 0x00,
    0x01, 0xFF, 0x3C, 0x1C, 0x00, 0x01, 0xD0, 0x4D, 0x41, 0x14, 0x70, 0x00, 0x00, 0x00, 0x00, 0x00,
    0x00, 0x00, 0x00, 0x00, 0x00, 0x00, 0x00, 0x00, 0x00, 0x00, 0x00, 0x00, 0x00, 0x00, 0x00, 0x00,
    0x00, 0x00, 0x00, 0x00, 0x00, 0x00, 0x00, 0x00, 0x00, 0x00, 0x00, 0x00, 0x0E, 0x07, 0x50, 0xCD,
    0x1E, 0x00, 0x00, 0x00, 0x00, 0x00, 0x00, 0x00, 0x00, 0x00, 0x00, 0x00, 0x00, 0x00, 0x00, 0x00,
    0x00, 0x00, 0x00, 0x00, 0x00, 0x00, 0x00, 0x00, 0x00, 0x00, 0x00, 0x0E, 0x98, 0x50, 0x61, 0x30,
    0x0E, 0x00, 0x00, 0x00, 0x00, 0x00, 0x00, 0x00, 0x00, 0x00, 0x00, 0x00, 0x00, 0x00, 0x78, 0x07,
    0x00, 0x00, 0x00, 0x00, 0x03, 0xE7, 0x38, 0x1C, 0x00, 0x00, 0x88, 0xA2, 0x22, 0x88, 0xB0, 0x00,
    0x00, 0x00, 0x00, 0x00, 0x00, 0x00, 0x00, 0x00, 0x00, 0x00, 0x00, 0x00, 0x00, 0x00, 0x00, 0x00,
    0x00, 0x00, 0x00, 0x00, 0x00, 0x00, 0x00, 0x00, 0x00, 0x00, 0x00, 0x00, 0x00, 0x00, 0x00, 0x00,
    0x0E, 0x03, 0x89, 0x21, 0x1C, 0x00, 0x00, 0x00, 0x00, 0x00, 0x00, 0x00, 0x00, 0x00, 0x00, 0x00,
    0x00, 0x00, 0x00, 0x00, 0x00, 0x00, 0x00, 0x00, 0x00, 0x00, 0x00, 0x00, 0x00, 0x00, 0x00, 0x07,
    0x99, 0x23, 0x6C, 0xF0, 0x0E, 0x00, 0x00, 0x00, 0x00, 0x00, 0x00, 0x00, 0x00, 0x00, 0x00, 0x00,
    0x00, 0x00, 0x3C, 0x07, 0x80, 0x00, 0x00, 0x00, 0x07, 0x87, 0x80, 0x38, 0x00, 0x01, 0xC5, 0x14,
    0x14, 0x50, 0x70, 0x00, 0x00, 0x00, 0x00, 0x00, 0x00, 0x00, 0x00, 0x00, 0x00, 0x00, 0x00, 0x00,
    0x00, 0x00, 0x00, 0x00, 0x00, 0x00, 0x00, 0x00, 0x00, 0x00, 0x00, 0x00, 0x00, 0x00, 0x00, 0x00,
    0x00, 0x00, 0x00, 0x00, 0x0C, 0x01, 0x86, 0x12, 0x08, 0x00, 0x00, 0x00, 0x00, 0x00, 0x00, 0x00,
    0x00, 0x00, 0x00, 0x00, 0x00, 0x00, 0x00, 0x00, 0x00, 0x00, 0x00, 0x00, 0x00, 0x00, 0x00, 0x00,
    0x00, 0x00, 0x00, 0x07, 0xE5, 0x50, 0x90, 0xE0, 0x0E, 0x00, 0x00, 0x00, 0x00, 0x00, 0x00, 0x00,
    0x00, 0x00, 0x00, 0x00, 0x00, 0x00, 0x1C, 0x03, 0x80, 0x00, 0x00, 0x00, 0x07, 0x03, 0x80, 0x78,
    0x00, 0x03, 0xC2, 0x69, 0x88, 0xA2, 0xE0, 0x00, 0x00, 0x00, 0x00, 0x00, 0x00, 0x00, 0x00, 0x00,
    0x00, 0x00, 0x00, 0x00, 0x00, 0x00, 0x00, 0x00, 0x00, 0x00, 0x00, 0x00, 0x00, 0x00, 0x00, 0x00,
    0x00, 0x00, 0x00, 0x00, 0x00, 0x00, 0x00, 0x00, 0x1C, 0x00, 0xA6, 0x6C, 0x00, 0x00, 0x00, 0x00,
    0x00, 0x00, 0x00, 0x00, 0x00, 0x00, 0x00, 0x00, 0x00, 0x00, 0x00, 0x00, 0x00, 0x00, 0x00, 0x00,
    0x00, 0x00, 0x00, 0x00, 0x00, 0x00, 0x00, 0x01, 0xC6, 0x89, 0x09, 0x30, 0x00, 0x00, 0x00, 0x00,
    0x00, 0x00, 0x00, 0x00, 0x00, 0x00, 0x00, 0x00, 0x00, 0x00, 0x0C, 0x03, 0xC0, 0x00, 0x00, 0x00,
    0x0E, 0x01, 0x01, 0xF0, 0x00, 0x03, 0x05, 0x14, 0x14, 0x50, 0xE0, 0x00, 0x00, 0x00, 0x00, 0x00,
    0x00, 0x00, 0x00, 0x00, 0x00, 0x00, 0x00, 0x00, 0x00, 0x00, 0x00, 0x00, 0x00, 0x00, 0x00, 0x00,
    0x00, 0x00, 0x00, 0x00, 0x00, 0x00, 0x00, 0x00, 0x00, 0x00, 0x00, 0x00, 0x1C, 0x01, 0xF9, 0x0C,
    0x00, 0x00, 0x00, 0x00, 0x00, 0x00, 0x00, 0x00, 0x00, 0x00, 0x00, 0x00, 0x00, 0x00, 0x00, 0x00,
    0x00, 0x00, 0x00, 0x00, 0x00, 0x00, 0x00, 0x00, 0x00, 0x00, 0x00, 0x01, 0x89, 0x06, 0x66, 0xB0,
    0x00, 0x00, 0x00, 0x00, 0x00, 0x00, 0x00, 0x00, 0x00, 0x00, 0x00, 0x00, 0x00, 0x00, 0x00, 0x01,
    0xE0, 0x00, 0x00, 0x00, 0x0E, 0x00, 0x03, 0xE0, 0x00, 0x03, 0x88, 0xA2, 0x22, 0x89, 0xF8, 0x00,
    0x00, 0x00, 0x00, 0x00, 0x00, 0x00, 0x00, 0x00, 0x00, 0x00, 0x00, 0x00, 0x00, 0x00, 0x00, 0x00,
    0x00, 0x00, 0x00, 0x00, 0x00, 0x00, 0x00, 0x00, 0x00, 0x00, 0x00, 0x00, 0x00, 0x00, 0x00, 0x00,
    0x1C, 0x00, 0xF8, 0x92, 0x00, 0x00, 0x00, 0x00, 0x00, 0x00, 0x00, 0x00, 0x00, 0x00, 0x00, 0x00,
    0x00, 0x00, 0x00, 0x00, 0x00, 0x00, 0x00, 0x00, 0x00, 0x00, 0x00, 0x00, 0x00, 0x00, 0x00, 0x01,
    0x8A, 0xA6, 0x06, 0x90, 0x00, 0x00, 0x00, 0x00, 0x00, 0x00, 0x00, 0x00, 0x00, 0x00, 0x00, 0x00,
    0x00, 0x00, 0x00, 0x01, 0xF8, 0x00, 0x00, 0x00, 0x00, 0x00, 0x07, 0xC0, 0x00, 0x06, 0x50, 0x4D,
    0x41, 0x1F, 0x1C, 0x00, 0x00, 0x00, 0x00, 0x00, 0x00, 0x00, 0x00, 0x00, 0x00, 0x00, 0x00, 0x00,
    0x00, 0x00, 0x00, 0x00, 0x00, 0x00, 0x00, 0x00, 0x00, 0x00, 0x00, 0x00, 0x00, 0x00, 0x00, 0x00,
    0x00, 0x00, 0x00, 0x00, 0x00, 0x00, 0x0C, 0x65, 0x00, 0x00, 0x00, 0x00, 0x00, 0x00, 0x00, 0x00,
    0x00, 0x00, 0x00, 0x00, 0x00, 0x00, 0x00, 0x00, 0x00, 0x00, 0x00, 0x00, 0x00, 0x00, 0x00, 0x00,
    0x00, 0x00, 0x00, 0x01, 0xC4, 0x49, 0x09, 0x30, 0x00, 0x00, 0x00, 0x00, 0x00, 0x00, 0x00, 0x00,
    0x00, 0x00, 0x00, 0x00, 0x00, 0x00, 0x00, 0x00, 0xFE, 0x00, 0x00, 0x00, 0x00, 0x00, 0x0F, 0x00,
    0x00, 0x0E, 0x26, 0xA0, 0x9A, 0xFF, 0x27, 0x07, 0xE0, 0x00, 0x00, 0x00, 0x00, 0x00, 0x00, 0x00,
    0x00, 0x00, 0x00, 0x00, 0x00, 0x00, 0x00, 0x00, 0x00, 0x00, 0x00, 0x00, 0x00, 0x00, 0x00, 0x00,
    0x00, 0x00, 0x00, 0x00, 0x00, 0x00, 0x00, 0x00, 0x00, 0x00, 0x0E, 0x60, 0x00, 0x00, 0x00, 0x00,
    0x00, 0x00, 0x00, 0x00, 0x00, 0x00, 0x00, 0x00, 0x00, 0x00, 0x00, 0x00, 0x00, 0x00, 0x00, 0x00,
    0x00, 0x00, 0x00, 0x00, 0x00, 0x00, 0x00, 0x01, 0xE8, 0x30, 0x94, 0xF0, 0x00, 0x00, 0x00, 0x00,
    0x00, 0x00, 0x00, 0x00, 0x00, 0x00, 0x00, 0x00, 0x00, 0x00, 0x00, 0x00, 0x3F, 0x00, 0x00, 0x00,
    0x00, 0x00, 0x1E, 0x00, 0x00, 0x0E, 0x51, 0x11, 0x44, 0xF1, 0x8B, 0xFF, 0xFC, 0x00, 0x00, 0x00,
    0x00, 0x00, 0x00, 0x00, 0x00, 0x00, 0x00, 0x00, 0x00, 0x00, 0x00, 0x00, 0x00, 0x00, 0x00, 0x00,
    0x00, 0x00, 0x00, 0x00, 0x00, 0x00, 0x00, 0x00, 0x00, 0x00, 0x00, 0x00, 0x00, 0x00, 0x18, 0x91,
    0x00, 0x00, 0x00, 0x00, 0x00, 0x00, 0x00, 0x00, 0x00, 0x00, 0x00, 0x00, 0x00, 0x00, 0x00, 0x00,
    0x00, 0x00, 0x00, 0x00, 0x00, 0x00, 0x00, 0x00, 0x00, 0x00, 0x00, 0x00, 0xD1, 0x36, 0x64, 0xE0,
    0x00, 0x00, 0x00, 0x00, 0x00, 0x00, 0x00, 0x00, 0x00, 0x00, 0x00, 0x00, 0x00, 0x00, 0x00, 0x00,
    0x0F, 0x80, 0x00, 0x00, 0x00, 0x00, 0x1C, 0x00, 0x00, 0x07, 0xEA, 0x0A, 0x28, 0xE1, 0x9B, 0xFC,
    0x6E, 0x00, 0x00, 0x00, 0x00, 0x00, 0x00, 0x00, 0x00, 0x00, 0x00, 0x00, 0x00, 0x00, 0x00, 0x00,
    0x00, 0x00, 0x00, 0x00, 0x00, 0x00, 0x00, 0x00, 0x00, 0x00, 0x00, 0x00, 0x00, 0x00, 0x00, 0x00,
    0x00, 0x00, 0x39, 0x0A, 0x00, 0x00, 0x00, 0x00, 0x00, 0x00, 0x00, 0x00, 0x00, 0x00, 0x00, 0x00,
    0x00, 0x00, 0x00, 0x00, 0x00, 0x00, 0x00, 0x00, 0x00, 0x00, 0x00, 0x00, 0x00, 0x00, 0x00, 0x00,
    0x68, 0x48, 0x60, 0xE0, 0x00, 0x00, 0x00, 0x00, 0x00, 0x00, 0x00, 0x00, 0x00, 0x00, 0x00, 0x00,
    0x00, 0x00, 0x00, 0x00, 0x03, 0xC0, 0x00, 0x00, 0x00, 0x00, 0x38, 0x00, 0x00, 0x03, 0xFC, 0xC4,
    0xD1, 0x70, 0xE4, 0x4C, 0x96, 0x00, 0x00, 0x00, 0x00, 0x00, 0x00, 0x00, 0x00, 0x00, 0x00, 0x00,
    0x00, 0x00, 0x00, 0x00, 0x00, 0x00, 0x00, 0x00, 0x00, 0x00, 0x00, 0x00, 0x00, 0x00, 0x00, 0x00,
    0x00, 0x00, 0x00, 0x00, 0x00, 0x02, 0x7E, 0xC4, 0x00, 0x00, 0x00, 0x00, 0x00, 0x00, 0x00, 0x00,
    0x00, 0x00, 0x00, 0x00, 0x00, 0x00, 0x00, 0x00, 0x00, 0x00, 0x00, 0x00, 0x00, 0x00, 0x00, 0x00,
    0x00, 0x00, 0x00, 0x00, 0x34, 0x84, 0x91, 0x60, 0x00, 0x00, 0x00, 0x00, 0x00, 0x00, 0x00, 0x00,
    0x00, 0x00, 0x00, 0x00, 0x00, 0x00, 0x00, 0x00, 0x01, 0x80, 0x00, 0x00, 0x00, 0x00, 0x38, 0x00,
    0x00, 0x00, 0x1E, 0x0A, 0x28, 0x70, 0x68, 0x32, 0xAC, 0x00, 0x00, 0x00, 0x00, 0x00, 0x00, 0x00,
    0x00, 0x00, 0x00, 0x00, 0x00, 0x00, 0x00, 0x00, 0x00, 0x00, 0x00, 0x00, 0x00, 0x00, 0x00, 0x00,
    0x00, 0x00, 0x00, 0x00, 0x00, 0x00, 0x00, 0x00, 0x00, 0x07, 0xFE, 0x0A, 0x00, 0x00, 0x00, 0x00,
    0x00, 0x00, 0x00, 0x00, 0x00, 0x00, 0x00, 0x00, 0x00, 0x00, 0x00, 0x00, 0x00, 0x00, 0x00, 0x00,
    0x00, 0x00, 0x00, 0x00, 0x00, 0x00, 0x00, 0x00, 0x1B, 0x23, 0x0A, 0x70, 0x00, 0x00, 0x00, 0x00,
    0x00, 0x00, 0x00, 0x00, 0x00, 0x00, 0x00, 0x00, 0x00, 0x00, 0x00, 0x00, 0x00, 0x00, 0x00, 0x00,
    0x00, 0x00, 0x38, 0x00, 0x00, 0x00, 0x0F, 0xF1, 0x46, 0xB0, 0xF1, 0x23, 0x46, 0x00, 0xC0, 0x00,
    0x00, 0x00, 0x00, 0x00, 0x00, 0x00, 0x00, 0x00, 0x00, 0x00, 0x00, 0x00, 0x00, 0x00, 0x00, 0x00,
    0x00, 0x00, 0x00, 0x00, 0x00, 0x00, 0x00, 0x00, 0x00, 0x00, 0x00, 0x00, 0x00, 0x17, 0xF9, 0x11,
    0x00, 0x00, 0x00, 0x00, 0x00, 0x00, 0x00, 0x00, 0x00, 0x00, 0x00, 0x00, 0x00, 0x00, 0x00, 0x00,
    0x00, 0x00, 0x00, 0x00, 0x00, 0x00, 0x00, 0x00, 0x00, 0x00, 0x00, 0x00, 0x1B, 0x03, 0x44, 0x70,
    0x00, 0x00, 0x00, 0x00, 0x00, 0x00, 0x00, 0x00, 0x00, 0x00, 0x00, 0x00, 0x00, 0x00, 0x00, 0x00,
    0x00, 0x00, 0x00, 0x00, 0x00, 0x00, 0x70, 0x00, 0x00, 0x00, 0x03, 0xE0, 0x9F, 0xF0, 0xE8, 0xC4,
    0x9E, 0x07, 0xF0, 0x00, 0x00, 0x00, 0x00, 0x00, 0x00, 0x00, 0x00, 0x00, 0x00, 0x00, 0x00, 0x00,
    0x00, 0x00, 0x00, 0x00, 0x00, 0x00, 0x00, 0x00, 0x00, 0x00, 0x00, 0x00, 0x00, 0x00, 0x00, 0x00,
    0x00, 0x3B, 0x34, 0xA8, 0x00, 0x00, 0x00, 0x00, 0x00, 0x00, 0x00, 0x00, 0x00, 0x00, 0x00, 0x00,
    0x00, 0x00, 0x00, 0x00, 0x00, 0x00, 0x00, 0x00, 0x00, 0x00, 0x00, 0x00, 0x00, 0x00, 0x00, 0x00,
    0x1C, 0x84, 0x8A, 0x30, 0x00, 0x00, 0x00, 0x00, 0x00, 0x00, 0x00, 0x00, 0x00, 0x00, 0x00, 0x00,
    0x00, 0x00, 0x00, 0x00, 0x00, 0x00, 0x00, 0x00, 0x00, 0x00, 0xF0, 0x00, 0x00, 0x00, 0x00, 0x3D,
    0x47, 0xE0, 0xE4, 0x85, 0x5E, 0x3F, 0x3C, 0x00, 0x00, 0x00, 0x00, 0x00, 0x00, 0x00, 0x00, 0x00,
    0x00, 0x00, 0x00, 0x00, 0x00, 0x00, 0x00, 0x00, 0x00, 0x00, 0x00, 0x00, 0x00, 0x00, 0x00, 0x00,
    0x00, 0x00, 0x00, 0x00, 0x00, 0x7F, 0x34, 0x48, 0x00, 0x00, 0x00, 0x00, 0x00, 0x00, 0x00, 0x00,
    0x00, 0x00, 0x00, 0x00, 0x00, 0x00, 0x00, 0x00, 0x00, 0x00, 0x00, 0x00, 0x00, 0x00, 0x00, 0x00,
    0x00, 0x00, 0x00, 0x00, 0x0C, 0x48, 0x51, 0x30, 0x00, 0x00, 0x00, 0x00, 0x00, 0x00, 0x00, 0x00,
    0x00, 0x00, 0x00, 0x00, 0x00, 0x00, 0x00, 0x00, 0x00, 0x00, 0x00, 0x00, 0x00, 0x01, 0xE0, 0x00,
    0x00, 0x00, 0x00, 0x3F, 0xE6, 0x00, 0x7F, 0x02, 0x2F, 0xF4, 0x8F, 0x00, 0x00, 0x00, 0x00, 0x00,
    0x00, 0x00, 0x00, 0x00, 0x00, 0x00, 0x00, 0x00, 0x00, 0x00, 0x00, 0x00, 0x00, 0x00, 0x00, 0x00,
    0x00, 0x00, 0x00, 0x00, 0x00, 0x00, 0x00, 0x00, 0x00, 0x3F, 0x48, 0xA1, 0x00, 0x00, 0x00, 0x00,
    0x00, 0x00, 0x00, 0x00, 0x00, 0x00, 0x00, 0x00, 0x00, 0x00, 0x00, 0x00, 0x00, 0x00, 0x00, 0x00,
    0x00, 0x00, 0x00, 0x00, 0x00, 0x00, 0x00, 0x00, 0x06, 0x32, 0x20, 0xF0, 0x00, 0x00, 0x00, 0x00,
    0x00, 0x00, 0x00, 0x00, 0x00, 0x00, 0x00, 0x00, 0x00, 0x00, 0x00, 0x00, 0x00, 0x00, 0x00, 0x00,
    0x00, 0x03, 0xC0, 0x00, 0x00, 0x00, 0x00, 0x1F, 0xFC, 0x00, 0x1F, 0xB4, 0x95, 0xE8, 0x53, 0xF0,
    0x00, 0x00, 0x00, 0x00, 0x00, 0x00, 0x00, 0x00, 0x00, 0x00, 0x00, 0x00, 0x00, 0x00, 0x00, 0x00,
    0x00, 0x00, 0x00, 0x00, 0x00, 0x00, 0x00, 0x00, 0x00, 0x00, 0x00, 0x00, 0x00, 0x1F, 0x85, 0x12,
    0x00, 0x00, 0x00, 0x00, 0x00, 0x00, 0x00, 0x00, 0x00, 0x00, 0x00, 0x00, 0x00, 0x00, 0x00, 0x00,
    0x00, 0x00, 0x00, 0x00, 0x00, 0x00, 0x00, 0x00, 0x00, 0x00, 0x00, 0x00, 0x07, 0x30, 0x54, 0xFC,
    0x00, 0x00, 0x00, 0x00, 0x00, 0x00, 0x00, 0x00, 0x00, 0x00, 0x00, 0x00, 0x00, 0x00, 0x00, 0x00,
    0x00, 0x00, 0x00, 0x00, 0x00, 0x03, 0x80, 0x00, 0x00, 0x00, 0x00, 0x00, 0x3C, 0x00, 0x03, 0xC8,
    0x8B, 0x36, 0x26, 0xFC, 0x00, 0x00, 0x00, 0x00, 0x00, 0x00, 0x00, 0x00, 0x00, 0x00, 0x00, 0x00,
    0x00, 0x00, 0x00, 0x00, 0x00, 0x00, 0x00, 0x00, 0x00, 0x00, 0x00, 0x00, 0x00, 0x00, 0x00, 0x00,
    0x00, 0x1B, 0x62, 0xCC, 0x00, 0x00, 0x00, 0x00, 0x00, 0x00, 0x00, 0x00, 0x00, 0x00, 0x00, 0x00,
    0x00, 0x00, 0x00, 0x00, 0x00, 0x00, 0x00, 0x00, 0x00, 0x00, 0x00, 0x00, 0x00, 0x00, 0x00, 0x00,
    0x06, 0xC8, 0x89, 0x2E, 0x00, 0x00, 0x00, 0x00, 0x00, 0x00, 0x00, 0x00, 0x00, 0x00, 0x00, 0x00,
    0x00, 0x00, 0x00, 0x00, 0x00, 0x00, 0x00, 0x00, 0x00, 0x03, 0x00, 0x00, 0x00, 0x00, 0x00, 0x00,
    0x00, 0x00, 0x07, 0xD0, 0x14, 0x30, 0x50, 0xDE, 0x00, 0x00, 0x00, 0x00, 0x00, 0x00, 0x00, 0x00,
    0x00, 0x00, 0x00, 0x00, 0x00, 0x00, 0x00, 0x00, 0x00, 0x00, 0x00, 0x00, 0x00, 0x00, 0x00, 0x00,
    0x00, 0x00, 0x00, 0x00, 0x00, 0x3B, 0x05, 0x0C, 0x00, 0x00, 0x00, 0x00, 0x00, 0x00, 0x00, 0x00,
    0x00, 0x00, 0x00, 0x00, 0x00, 0x00, 0x00, 0x00, 0x00, 0x00, 0x00, 0x00, 0x00, 0x00, 0x00, 0x00,
    0x00, 0x00, 0x00, 0x00, 0x03, 0xC5, 0x07, 0x16, 0x00, 0x00, 0x00, 0x00, 0x00, 0x00, 0x00, 0x00,
    0x00, 0x00, 0x00, 0x00, 0x00, 0x00, 0x00, 0x00, 0x00, 0x00, 0x00, 0x00, 0x00, 0x00, 0x00, 0x00,
    0x00, 0x00, 0x00, 0x00, 0x00, 0x00, 0x7F, 0xA6, 0x22, 0x48, 0x89, 0x27, 0xC0, 0x00, 0x00, 0x00,
    0x00, 0x00, 0x00, 0x00, 0x00, 0x00, 0x00, 0x00, 0x00, 0x00, 0x00, 0x00, 0x00, 0x00, 0x00, 0x00,
    0x00, 0x00, 0x00, 0x00, 0x00, 0x00, 0x00, 0x00, 0x00, 0x1C, 0x88, 0x92, 0x00, 0x00, 0x00, 0x00,
    0x00, 0x00, 0x00, 0x00, 0x00, 0x00, 0x00, 0x00, 0x00, 0x00, 0x00, 0x00, 0x00, 0x00, 0x00, 0x00,
    0x00, 0x00, 0x00, 0x00, 0x00, 0x00, 0x00, 0x00, 0x01, 0xA2, 0x26, 0x8B, 0x00, 0x00, 0x00, 0x00,
    0x00, 0x00, 0x00, 0x00, 0x00, 0x00, 0x00, 0x00, 0x00, 0x00, 0x00, 0x00, 0x00, 0x00, 0x00, 0x00,
    0x00, 0x00, 0x00, 0x00, 0x00, 0x00, 0x00, 0x00, 0x00, 0x00, 0x7E, 0x50, 0x51, 0xFF, 0xFF, 0xFF,
    0xF0, 0x00, 0x00, 0x00, 0x00, 0x00, 0x00, 0x00, 0x00, 0x00, 0x00, 0x00, 0x00, 0x00, 0x00, 0x00,
    0x00, 0x00, 0x00, 0x00, 0x00, 0x00, 0x00, 0x00, 0x00, 0x00, 0x00, 0x00, 0x03, 0x3B, 0x50, 0x61,
};
